,count,Affiliation
0,46,Mayo Clinic
1,29,The Foundation for Orthopaedics and Regenerative Medicine
2,20,Head of Royan Institute
3,18,"Mesoblast, Inc."
4,14,University of Miami
5,13,National Cancer Institute (NCI)
6,13,Chinese Academy of Sciences
7,13,M.D. Anderson Cancer Center
8,12,Samsung Medical Center
9,11,Nanfang Hospital of Southern Medical University
10,10,The Cleveland Clinic
11,10,Duke University
12,10,Cell Therapy Center
13,9,Beijing 302 Hospital
14,8,Asan Medical Center
15,8,Emory University
16,8,Chinese PLA General Hospital
17,7,Seoul National University Hospital
18,7,"Mesoblast, Ltd."
19,7,Head of the Lab of Institute of Biophysics and Cell Engineering
20,7,Fuzhou General Hospital
21,6,St. Jude Children's Research Hospital
22,6,Korea University Guro Hospital
23,6,"University Hospital, Montpellier"
24,6,UMC Utrecht
25,6,Memorial Sloan Kettering Cancer Center
26,6,Hospital Clinic of Barcelona
27,6,Hope Biosciences Stem Cell Research Foundation
28,6,ISCI / University of Miami Miller School of Medicine
29,5,Xiangya Hospital of Central South University
30,5,"Third Affiliated Hospital, Sun Yat-Sen University"
31,5,"Department of Internal Medicine, National Taiwan University Hospital"
32,5,GlaxoSmithKline
33,5,"Sorrento Therapeutics, Inc."
34,5,Hadassah Medical Organization
35,5,Direct Biologics
36,5,"Masonic Cancer Center, University of Minnesota"
37,5,"The University of Texas Health Science Center, Houston"
38,5,Medical University of South Carolina
39,5,Inner Mongolia International Mongolian Hospital
40,5,CHU-ULg
41,5,The Affiliated Hospital of Medical College of Qingdao University
42,5,KyungHee University Gangdong Hospital
43,4,Children's Hospital of Chongqing Medical University
44,4,Show Chwan Memorial Hospital
45,4,Shenzhen Geno-Immune Medical Institute
46,4,"Rigshospitalet, Denmark"
47,4,Guangdong Provincial Hospital of Traditional Chinese Medicine
48,4,Maternal and Child Health Hospital of Foshan
49,4,Johns Hopkins University
50,4,The First Hospital of Hebei Medical University
51,4,307-IVY Translational Medicine Center
52,4,Guangzhou General Hospital of Guangzhou Military Command
53,4,Icahn School of Medicine at Mount Sinai
54,4,"Shanghai East Hospital, Shanghai Tongji University"
55,4,Department of Hematology of The 2nd Hospital of Shandong University
56,4,A.O. Ospedale Papa Giovanni XXIII
57,4,Root Causes Medicine
58,4,Massachusetts General Hospital
59,4,Yantai Yuhuangding Hospital
60,4,Ottawa Hospital Research Institute
61,3,Brigham and Women's Hospital
62,3,SunYat-sen University
63,3,"University of Colorado, Denver"
64,3,John Paul II Hospital
65,3,Stanford University
66,3,The Prince Charles Hospital
67,3,AHEPA University Hospital
68,3,"First Affiliated Hospital, Sun Yat-Sen University"
69,3,Medical University of Warsaw
70,3,UCLA / Jonsson Comprehensive Cancer Center
71,3,Sun Yat-sen University
72,3,Royal Perth Hospital
73,3,Mayo Clinic in Rochester
74,3,Liaocheng People's Hospital
75,3,Hospital Vall d'Hebron
76,3,Clinica Universidad de Navarra
77,3,Hallym University Medical Center
78,3,University Hospitals Cleveland Medical Center
79,3,Hanyang University
80,3,"University of California, San Francisco"
81,3,Azidus Brasil Scientific Research and Development Ltda
82,3,UKM Medical Centre
83,3,arthritis clinic and research center
84,3,Leiden University Medical Center
85,3,National Institutes of Health Clinical Center (CC)
86,3,Fate Therapeutics
87,3,University of Alabama at Birmingham
88,3,Fred Hutch/University of Washington Cancer Consortium
89,3,Shahid Beheshti University of Medical Sciences
90,3,Al-Azhar University
91,3,Ruijin Hospital
92,3,Yonsei University
93,3,Neurological Associates of West Los Angeles
94,3,President of Royan Institute
95,3,Tisch MS Research Center of New York
96,3,The Third Affiliated Hospital of Southern Medical University
97,3,Guangdong Provincial People's Hospital
98,3,Toulouse University Hospital
99,3,CENTOGENE GmbH Rostock
100,3,Baylor College of Medicine
101,3,"Taipei Veterans General Hospital, Taiwan"
102,3,"Department of Pediatrics, Samsung Medical Center"
103,3,Cynata Therapeutics Limited
104,3,University of Louisville
105,3,Seoul St. Mary's Hospital
106,3,University of Pennsylvania
107,3,Peking Union Medical College Hospital
108,3,Seoul National University College of Medicine
109,3,Hospital São Rafael
110,3,Hospital Universitario Puerta de Hierro-Majadahonda
111,3,Vinmec Research Institute of Stem Cell and Gene Technology
112,2,Institute of Cell Therapy
113,2,Emdadi Kamyab Hospital
114,2,"Zhongshan Ophthalmic Center, Sun Yat-sen University"
115,2,Uppsala University
116,2,"University Hospital, Grenoble"
117,2,Hospital Universitario Virgen de la Arrixaca
118,2,Hospital de Clinicas de Porto Alegre
119,2,Campus Bio-Medico University of Rome
120,2,"Stem Cell Unit, Van Hanh General Hospital"
121,2,"University of Wisconsin, Madison"
122,2,Ural Institute of Cardiology
123,2,Qilu Hospital of Shandong University
124,2,Shanghai East Hospital
125,2,Regeneron Pharmaceuticals
126,2,Indiana University
127,2,"Cancer Institute and Hospital, Chinese Academy of Medical Sciences"
128,2,Pfizer
129,2,University Clinical Hospital of Salamanca
130,2,Z Urology
131,2,Janssen Vaccines & Prevention B.V.
132,2,the Affiliated Drum Tower Hospital of Nanjing University Medical School
133,2,Translational Biosciences / Stem Cell Institute
134,2,APHP
135,2,Uppsala University Hospital
136,2,"Department of Hematopoietic Stem Cell Transplantation, Affiliated Hospital to Academy of Military Medical Sciences"
137,2,Sheba Medical Center
138,2,Nanjing Medical University
139,2,Union Hospital
140,2,The First Affiliated Hospital of Dalian Medical University
141,2,"Xuanwu Hospital, Beijing"
142,2,"Institute of zoology, Chinese Academy of Sciences"
143,2,Royan Institute
144,2,The second Affiliated Hospital of University of Soth China
145,2,Hospital de Clínicas de Porto Alegre
146,2,"University of California, Davis"
147,2,"Faculty of Medical Sciences, University of Warmia and Mazury in Olsztyn, Poland"
148,2,Korea University Anam Hospital
149,2,"National Heart, Lung, and Blood Institute (NHLBI)"
150,2,Children's National Research Institute
151,2,Duke Health
152,2,The Affiliated Nanjing Drum Tower Hospital of Nanjing University Medical School
153,2,Chinese People's Armed Police Force
154,2,Cairo University
155,2,Tel Aviv Medical Center
156,2,University of Kentucky
157,2,The Fifth Affiliated Hospital of Guangzhou Medical University
158,2,"Stemedica Cell Technologies, Inc."
159,2,MD Stem Cells
160,2,Singapore General Hospital
161,2,CCTRN Steering Committee Chair
162,2,NextCell Pharma
163,2,RenJi Hospital
164,2,The University of Hong Kong
165,2,University of Jordan
166,2,"Exosome Diagnostics, Inc."
167,2,Federal University of Bahia
168,2,CMO
169,2,Wonju Severance Christian Hospital
170,2,Karolinska Institutet
171,2,Gangnam Severence Hospital
172,2,the General Hospital of Chinese People's Armed Police Forces
173,2,"HeartStem Institute, Southern California Hospital at Culver City"
174,2,Osaka University Hospital
175,2,UNMC
176,2,University of Florida
177,2,Hadassah HMO
178,2,Roswell Park Cancer Institute
179,2,Professor
180,2,"Klinik und Poliklinik für Dermatologie, Venerologie und Allergologie, Würzburg"
181,2,Instituto de Investigación Hospital Universitario La Paz
182,2,"Chairman of Department of Obstetrics & Gynecology/IVF, Hadassah Ein Kerem"
183,2,Universidad de los Andes
184,2,Imperial College London
185,2,lecturer
186,2,Peking University Third Hospital
187,2,AIDS Malignancy Consortium
188,2,Pontifícia Universidade Católica do Paraná
189,2,Assistance Publique Hôpitaux de Marseille
190,2,"Christian Medical College, Vellore, India"
191,2,Chungnam National University Hospital
192,2,Longeveron Inc.
193,1,University of New Mexico Cancer Center
194,1,Tianjin Medical University General Hospital
195,1,Burnasyan Federal Medical Biophysical Center
196,1,SL Raheja Hospital
197,1,Ministry of Health
198,1,"Sahel Teaching Hospital, General Committee of teaching Hospitals and Institutes"
199,1,Chiang Mai University
200,1,Institute of Hematology & Blood Diseases Hospital
201,1,CABIMER (Centro Andaluz de Biología Molecular y Medicina Regenerativa)
202,1,Hospitales Universitarios Virgen del Rocío
203,1,Chinese Academy of Medical Sciences
204,1,SKCCC at Johns Hopkins
205,1,P.D. Hinduja National Hospital and Medical Research Centre
206,1,A.I. Evdokimov Moscow State Medical Stomatological University
207,1,Eli Lilly and Company
208,1,Sarah Cannon Research Institute United Kingdom
209,1,University of Arkansas
210,1,"Punta Pacifia Hospital in Panama City, Panama"
211,1,Case Comprehensive Cancer Center
212,1,BioCruces Health Research Institute/Cruces University Hospital
213,1,University of Edinburgh
214,1,"Director, R&D Division"
215,1,"Division of Hematology, Department of Medicine, Center for Molecular Medicine, Division of Genetic Therapeutics, Center for Molecular Medicine, Division of Immuno-Gene & Cell Therapy (Takara Bio), Jichi Medical University"
216,1,Isfahan neurosciences research center
217,1,Seoul St.Mary's Hospital of the Catholic University of Korea
218,1,"Universidad Autonoma de Madrid, Hospital la Paz"
219,1,"Allergy and Asthma Consultants of Wichita, KS"
220,1,"Royal National Orthopaedic Hospital NHS Trust, UCL"
221,1,Hospital ASEPEYO Sant Cugat
222,1,University of Reading
223,1,Hospital Regional U. de Málaga
224,1,Midwest Orthopaedics at Rush
225,1,"St. Michael's Hospital Eye Clinic, Toronto, Ontario, Canada, M5C2T2"
226,1,Futian People's Hospital
227,1,Stem Cells of Arabia
228,1,"Janssen Research & Development, LLC"
229,1,"University Hospital, Frankfurt"
230,1,Novo Cellular Medicine Institute LLP
231,1,"ASST Papa Giovanni XXIII, Bergamo, Italy/IRCCS - Mario Negri Institute for Pharmacological Research"
232,1,"Director and Professor, Department of Neurosurgery, Affiliated Hospital(307 Hospital), Academy of Military Medical Science, Beijing, China"
233,1,National Research Medical Center
234,1,Dallas VA Medical Center
235,1,"Department of Dermatology and Plastic Surgery, Faculty of Life Sciences, Kumamoto University"
236,1,St. Jude Children Research Hospital
237,1,Southern Medical University
238,1,Rutrgers/SUNJ
239,1,Foundation For Spinal Research Education And Humanitarian Care
240,1,"UTHealth McGovern Medical School, Houston, TX"
241,1,Duke University Hospital
242,1,ISCI / University of Miami
243,1,"Fuzhou General Hospital, Xiamen Univ"
244,1,"Klinik und Poliklinik für Dermatologie, Venerologie und Allergologie Universitätsklinikum Würzburg"
245,1,mohamad.mohty@inserm.fr
246,1,"Sun Yat-sen Memorial Hospital,Sun Yat-sen University"
247,1,Igenomix
248,1,Institut Pasteur
249,1,Instituto Mexicano del Seguro Social
250,1,University of Bergen
251,1,Revita Life Sciences
252,1,Sri Sai College of Dental Surgery and Research Centre
253,1,Virgen del Rocio University Hospital
254,1,"Sumitomo Dainippon Pharma Oncology, Inc"
255,1,National Taiwan University Hospital & College of Medicine
256,1,University of Queensland & The Prince Charles Hospital
257,1,Hospital Regional de Malaga
258,1,"Gulhane Military Medical Academy, Department of Gastroenterology"
259,1,University of Leeds
260,1,g.doherty@st-vincents.ie
261,1,"Deputy Director for Research, Republican Scientific and Practical Center for Mental Health, Minsk, Belarus"
262,1,Affiliated Hospital to Academy of Military Medical Sciences
263,1,Hospital U. Virgen del Rocio
264,1,Associate Professor
265,1,Rush University Medical Center
266,1,Navy General Hospital
267,1,Children's Healthcare of Atlanta/Emory University
268,1,"Arthritis Program, Toronto Western Hospital"
269,1,CHA Bundang Medical Center
270,1,"Taipei Veterans General Hospital, Taipei, Taiwan"
271,1,Ain Shams University Maternity Hospital
272,1,Yamaguchi University Hospital
273,1,Neurology Department of Purpan Hospital
274,1,The Da Vinci Center
275,1,"Zhongshan Ophthalmic Center, Sun Yat-sen University, Guangzhou, China"
276,1,King's College London
277,1,Vice-president of the Affiliated Nanjing Drum Tower Hospital of Nanjing University Medical School
278,1,Centre Hospitalier Universitaire de Nice
279,1,"integrated unit of stem cell and medical technology CIPTO MANGUNKUSUMO GENERAL HOSPITAL, FACULTY OF MEDICINE UNIVERSITI OF INDONESIA, INDONESIA"
280,1,The University of Texas MD Anderson Cancer Center
281,1,University of Calgary
282,1,The military general hospital of Beijing
283,1,Midwest Orthopaedics at Rush University
284,1,Clinical Operations Manager
285,1,Laboratorios Salvat
286,1,Commandant Armed Forces Bone Marrow Transplant Center
287,1,Gachon University Gil Medical Center
288,1,"Joint & Spine Center, SMG-SNU Boramae Medical Center, Department of Orthopedic Surgery, Seoul National University College of Medicine"
289,1,Assistance Publique - Hôpitaux de Paris
290,1,Cambridge Univeristy Hospitals
291,1,Hunter Holmes McGuire VAMC
292,1,Laureate Institute for Brain Research
293,1,"PGIMER, Chandigarh, India"
294,1,"Dept. of Periodontology and Implant Biology, School of Dentistry, Aristotle University of Thessaloniki"
295,1,IRYCIS. Hospital Universitario Ramón y Cajal. Madrid. Spain
296,1,University of Nevada School of Medicine
297,1,Washington University School of Medicine in St. Louis
298,1,Genesis Institute of Cellular Medicine
299,1,Universitätsklinikum Hamburg-Eppendorf
300,1,ALAZHAR UNIVERSITY
301,1,Medipost Co Ltd.
302,1,"Mercy Gilbert Medical Center, Dignity Health"
303,1,Germans Trias i Pujol University Hospital
304,1,Minnesota Orthopedic Sports Medicine Institute (MOSMI)
305,1,Institut de Teràpia Regenerativa Tissular (ITRT)
306,1,"Haematology Department, Hospital Universitario Virgen de las Nieves de Granada. Spain."
307,1,Taipei Medical University Shuang Ho Hospital
308,1,"China Medical University Hospital,Taiwan"
309,1,Fundacion Teknon
310,1,"Knee and Lower Limb Institute, Marseille, France"
311,1,"Endocrine Department, the south west Hospital of the Third Military Medical University"
312,1,Leiden University Medical Center (LUMC)
313,1,"Armed Police General Hospital, P. R. China"
314,1,Ewha Womans University
315,1,Eunice Kennedy Shriver National Institute of Child Health and Human Development (NICHD)
316,1,Universitair Ziekenhuis Brussel
317,1,"Hospital Sultanah Bahiyah Consultant Physician, Medical Department, Km 6 Jalan Langgar, 5460 Alor Setar, Kedah"
318,1,Novartis Pharmaceuticals
319,1,University Hospital Of TOULOUSE
320,1,Herz- und Diabeteszentrum NRW
321,1,Children's Hospital of Philadelphia
322,1,"Hospital Regional Universitario Carlos Haya, Málaga, Spain."
323,1,Orthofix Inc.
324,1,University Hospital Virgen Macarena. Seville.Spain
325,1,Anyang Sam Hospital
326,1,Department of Immunology and Clinical Transplantation/Mario Negri Institute for Pharmacological Research and Ospedali Riuniti of Bergamo
327,1,Shandong Jiaotong Hospital
328,1,Orthopedic Surgery and Traumatology Department. Knee Unit
329,1,State Research Institute of Circulation Pathology
330,1,"Yonsei University Wonju College of Medicine, Wonju Christian Hospital"
331,1,"Oral and Maxillofacial Surgeon, Río Hortega University Hospital, SACYL, Valladolid, Spain"
332,1,head of Royan Institute
333,1,"Isar Medizin Zentrum, München"
334,1,CHSF-CERITD
335,1,Brody School of Medicine at ECU
336,1,"No.85 Hospital, Changning, Shanghai, China"
337,1,Cardiology Division of Navy General Hospital
338,1,Hospital Sao Rafael
339,1,China Medical University Hospital
340,1,"University Hospital, School of Medicine of Ribeirão Preto, Brazil"
341,1,Inha Univ. College of Medicine
342,1,City of Hope Comprehensive Cancer Center
343,1,SMG-SNU Boramae Hospital
344,1,International Neuroscience Institute Hanover
345,1,University of São Paulo
346,1,"Incharge Stereotactic and functional Neurosurgery,Jaslok Hospital and Research Centre."
347,1,"Department of Infectious Diseases, 3rd Affiliated Hospital of Sun Yat-sen University, China"
348,1,"Endocrinology and Metabolism Department, the south west Hospital of the Third Military Medical University"
349,1,"Haematology Service, University Hospital of Salamanca"
350,1,State University of New York - Upstate Medical University
351,1,Ohio State University
352,1,Texas Heart Institute/St. Luke's Hospital
353,1,INSYS Therapeutics Inc
354,1,"Digestive Disease Research Center, Medical Sciences/ Tehran University, Tehran, Iran"
355,1,Service d'orthopédie II - CHRU de Tours
356,1,"Digestive Disease Research Center, Medical Sciences/ University of Tehran"
357,1,"Chung-Ho Memorial Hospital,Kaohsiung Medical University"
358,1,Research center of Gastroenterology and Liver Disease
359,1,Department of Cardiology. Reina Sofía University Hospital
360,1,"Department of Cardiothoracic Surgery, Helsinki University MeilahtiHospital"
361,1,University of Cambridge
362,1,"Ireland Cancer Center at University Hosptials Case Medical Center, Case Comprehensive Cancer Center"
363,1,"Osiris Therapeutics, Inc."
364,1,Ｉｎstitute of Biomedical Research and Innovation
365,1,Medigene AG
366,1,National Institute of Diabetes and Digestive and Kidney Diseases (NIDDK)
367,1,Jonsson Comprehensive Cancer Center
368,1,Fred Hutchinson Cancer Research Center/University of Washington Cancer Consortium
369,1,Nanjing University Medical College Affiliated Drum Tower Hospital
370,1,the Second Affiliated Hospital of Southeast University
371,1,Nantes UH - institut du thorax
372,1,"Charite University, Berlin, Germany"
373,1,"University of California, Irvine"
374,1,Department of Orthopedic Surgery Cairo University School of Medicine
375,1,"Bhagawan Mahaveer Jain Heart Centre, Bangalore"
376,1,"Care Hospital, Hyderabad"
377,1,Huntsman Cancer Institute
378,1,Emory University Department of Orthopaedics
379,1,Chief
380,1,Klinikum Essen Mitte
381,1,"Clinic of Anesthesiology, University Hospital Medical School, Steinhoevelstrasse 9, 89070 Ulm, Germany"
382,1,VZW Cardiovascular Research Center Aalst
383,1,Royal Marsdon Hospital/Institute for Cancer Research
384,1,TCA Cellular Therapy
385,1,"Lund University Hospital, Department of Pediatric Oncology"
386,1,Department of Immunology and Clinical Transplantation / Mario Negri Institute for Pharmacological Research and Ospedali Riuniti BG
387,1,Hadassah University Hospital
388,1,LUMC
389,1,Texas Heart Institute
390,1,University of Utah Department of Orthopaedics
391,1,University of Liege
392,1,Dermatology Service
393,1,Christiana Care Health Services
394,1,Nanjing University
395,1,Univ Calif Irvine
396,1,National Research center of Hematology
397,1,Federal Research Clinical Center of Federal Medical and Biological Agency
398,1,Hospital Universitario Niño Jesús
399,1,Universidad Autonoma de Madrid
400,1,IRCCS Ca' Granda Ospedale Maggiore Policlinico
401,1,"VA Greater Los Angeles Healthcare System, West Los Angeles, CA"
402,1,"Department of Rheumatology,Ren Ji Hospital,School of Medicine,Shanghai Jiao Tong University,Shanghai,China"
403,1,Hospital Universitario La Paz
404,1,Weill Medical College of Cornell University
405,1,University of Sao Paulo
406,1,"Cardiovascular and Renal Research, Institute of Moleculare Medicine, University of Southern Denmark"
407,1,"Mayo Clinic, Division of Cardiovascular Diseases, Rochester (MN, USA)"
408,1,San Gerardo Hospital
409,1,"Post Graduate Institute of Medical Education and Research, Chandigarh"
410,1,"Tracheal Diseases Research Center, Shahid Beheshti University of Medical Sciences, Tehran, Iran."
411,1,Roger Williams Medical Center
412,1,"Section Chief of Neurology, University Hospital Virgen Macarena, Spain"
413,1,Ospedale San Raffaele
414,1,Scientific Park Foundation of University of Valladolid
415,1,"Al Azhar universty, faculty of dentistry, cairo, egypt"
416,1,"Hospital Universitario de Salamanca, Salamanca. Spain."
417,1,ICATME-Hospital Quiron Dexeus
418,1,University of Chicago
419,1,"Odontology Department, NIce University Hospital"
420,1,"Post graduate institute of Medical Education & Research, Chandigarh, India"
421,1,Not Affiliated
422,1,Canterbury Christ Church University
423,1,"Kidney Transplant Unit, Helsinki University Hospital, Helsinki, Finland"
424,1,Hospital General Universitario Gregorio Marañón
425,1,Diabetes Care Center of Nanjing Millitary Command
426,1,University of Dundee
427,1,National Research Center for Hematology
428,1,Hospital Sírio Libanês
429,1,"University Hospital, Caen"
430,1,Gastroenterology Department
431,1,Rizzoli Orthopaedic Institute
432,1,Nantes University Hospital
433,1,Chaitanya Hospital
434,1,"Yonsei University, Wonju Christian Hospital"
435,1,Hemodynamics Unit. Hospital Universitario Virgen Macarena.
436,1,Yonsei University Wonju College of Medicine Department of Internal Medicine Devision of Gastroenterology and Hepatology
437,1,Ageless Regenerative Institute
438,1,"S-Evans Biosicences Co.,Ltd"
439,1,"Cell Therapy laboratory and general Surgery Department, Hospital Universitario La Paz"
440,1,"Eastern Union Stem Cell & Gene Engineering Co.,Ltd，Alliancells Biosciences Co., Ltd"
441,1,National Institute on Drug Abuse (NIDA)
442,1,"University Hospital, Basel, Switzerland"
443,1,Siriraj Hospital
444,1,Zhejiang University
445,1,"Department of Nuclear Medicine, Peking Union Medical College Hospital"
446,1,Saglik Bilimleri Universitesi Gulhane Tip Fakultesi
447,1,director of neural stem cell transplantation department in general hospital of chinese armed police forces
448,1,Chinese Industry and Innovative Technology Strategic Alliance of Stem Cells and Regenerative Medicine
449,1,AMRI Hospital
450,1,"S-Evans Biosciences Co., Ltd."
451,1,University of Aarhus
452,1,"Department of Neurosurgery, Zhujiang Hospital"
453,1,Department of Immunology Sanjay Gandhi Post Graduate Institute of Medical Sciences
454,1,"Department of Cardiology, Rigshospitalet"
455,1,KPJ Ampang Puteri Specialist Hospital
456,1,University Hospital Tuebingen
457,1,Instituto Universitario de Oftalmobiología Aplicada (Institute of Applied Ophthalmobiology) - IOBA
458,1,Moores UC San Diego Cancer Center
459,1,Nantes UH
460,1,Hospital Universitario Clinico San Carlos
461,1,"Cartilage Restoration Center, Rush University Medical Center"
462,1,"Air Force Military Medical University, China"
463,1,The Third Affliated Hospital of Sun Yat-sen University
464,1,Universiti Kebangsaan Malaysia Medical Centre
465,1,University of North Texas Health Science Center
466,1,"Department of Rheumatology , Third Affiliated Hospital of Sun Yat-sen University"
467,1,Amgen
468,1,"Clínica Las Condes, Santiago"
469,1,"James Graham Brown Cancer Center, University of Louisville"
470,1,"University of Valladolid, Scientific Park"
471,1,Pusan National University Hospital
472,1,Hospital de la Princesa
473,1,"Department of Gastroenterology, Qilu Hospital"
474,1,SMG-SNU Boramae Medical Center
475,1,"Quintiles, Inc."
476,1,The Second Affiliated Hospital of Kunming Medical University
477,1,"KMC, Mangalore"
478,1,Loyola University Chicago
479,1,National Heart Centre Singapore
480,1,"Royal Liverpool Children's Hospital, Alder Hey"
481,1,"Ege University, Institute of Health Sciences, Department of Stem Cell, Izmir/TURKEY"
482,1,"Director, the Institute of Biophysics and Cell Engineering of NAS of Belarus"
483,1,Shengjing Hospital
484,1,Minimally Invasive Spinal of Shanghai General Hospital
485,1,University of Cambridge & Cambridge University Hospitals NHS Foundation Trust
486,1,University Medical Center Goettingen
487,1,SBÜ Dr. Sadi Konuk Eğitim ve Araştırma Hastanesi
488,1,Clinica Somer
489,1,TC Erciyes University
490,1,"Chief Medical Officer at Organicell Regenerative Medicine, Inc"
491,1,University hospital Tübingen
492,1,"Chung-Ang University Hosptial, Chung-Ang University College of Medicine"
493,1,"Hospital Infantil Universitario Niño Jesús, Oncohematology Department"
494,1,Alethia Biotherapeutics Inc.
495,1,"Department of Medicine, University of Minnesota"
496,1,Advanced Diagnostics Healthcare
497,1,"University Hospital Río Hortega, Valladolid, Spain"
498,1,"Cipto Mangunkusumo Hospital, Jakarta"
499,1,Sir Mortimer B. Davis - Jewish General Hospital
500,1,Universidad Católica Santiago de Guayaquil
501,1,"Division of Hematology, Oncology and Transplantation, University of Minnesota"
502,1,Fundación Universitaria de Ciencias de la Salud
503,1,Universidad de la Sabana
504,1,Shanghai East Hospital. China.
505,1,The Sixth Medical Center of P.L.A. General Hospital
506,1,"Cleveland Clinic Foundation, Cleveland OH"
507,1,"Center for Research and Development of Health Resources and Services, National Institute of Health Research and Development (NIHRD), Indonesia"
508,1,PPUKM
509,1,"Merck Healthcare KGaA, Darmstadt, Germany, an affiliate of Merck KGaA, Darmstadt, Germany"
510,1,River Oaks Hospital and Clinics
511,1,"Anterogen Co., Ltd."
512,1,Chief Medical Officer
513,1,UNICEF
514,1,ISCI/University of Miami Miller School of Medicine
515,1,"Beijing Tongren Hospital, CMU"
516,1,"University Hospital, Angers"
517,1,Indonesia University
518,1,Instituto de Medicina Regenerativa
519,1,UPMC Hillman Cancer Center
520,1,CHU de Liège
521,1,NIBMT
522,1,"Oncorus, Inc."
523,1,Nagoya University
524,1,National Eye Institute (NEI)
525,1,The Catholic University of Korea
526,1,American University of Beirut Medical Center
527,1,Clinical Trial Network
528,1,Fudan University
529,1,Ankara Universitesi Teknokent
530,1,Affinity Health
531,1,University of Cincinnati
532,1,King Edward Medical University
533,1,"Shanghai Jiaotong University School of Medicine, Renji Hospital"
534,1,Norwich Medical School
535,1,Soon Chun Hyang University
536,1,Padjadjaran University
537,1,"Director, the Institute of Biophysics and Cell Engineering of National Academy of Sciences of Belarus"
538,1,Shanghai Chest Hospital
539,1,Inha University Hospital
540,1,VUMC
541,1,the Second Affiliated Hospital Zhejiang University Schoolof Medicine
542,1,The Rockefeller University
543,1,CNMC
544,1,"Department of Center for Maternal Neonatal Care, Nagoya University Hospital"
545,1,"Cedars-Sinai Medical Center, Los Angeles, CA 90048"
546,1,Wuhan University
547,1,"Center for Regenerative Medicine, Renmin Hospital of Wuhan University"
548,1,Hôpital Pitié-Salpêtrière - Assitance Publique - Hôpitaux de Paris
549,1,The Research-Clinical Center for Cardiac Surgery and Transplantology LLP
550,1,Humanitas Clinical Institute
551,1,"Gadjah Mada University, Faculty of Medicine"
552,1,Istituto Clinico Humanitas
553,1,Fondazione IRCCS Istituto Nazionale dei Tumori di Milano
554,1,Research office of wuhan renmin university
555,1,IPO-Porto
556,1,Universidad Complutense de Madrid
557,1,Karolinska Trial Alliance
558,1,Hospital de Cruces
559,1,"Shanghai East Hospital, Tongji University, Shanghai, China"
560,1,"Department of Otorhinolaryngology and Cervicofacial Surgery, UMC Ljubljana"
561,1,"Minsk Scientific-Practical Center for Surgery, Transplantation and Hematology"
562,1,"Ruijin Hospital, Medical School of Shanghai Jiaotong University Shanghai, China"
563,1,"Lecturer of Oral Medicine , Oral diagnosis and Periodontology , Faculty of Dentistry, Beni- Suef University."
564,1,"Navy General Hospital, Beijing"
565,1,"The First Affiliated Hospital of Nanjing Medical University, Jiangsu Province Hospital"
566,1,"Professor, Asan Medical Center"
567,1,Asan Medical Center Nephrology
568,1,"Faculty of Medicine, University of Malaya"
569,1,Tang-Du Hospital
570,1,"Nanobiotechnology Research Center Avicenna Research Institute, ACECR, TEHRAN, IRAN"
571,1,Hospital Canselor Tuanku Muhriz Universiti Kebangsaan Malaysia (HCTM-UKM)
572,1,Pontificia Universidade Católica do Rio Grande do Sul
573,1,Xijing Hospital
574,1,University of Kansas Medical Center
575,1,"Indiana University School of Medicine, Indiana University Simon Cancer Center"
576,1,ImStem Biotechnology
577,1,"Jinling Hospital, China"
578,1,"University Hospital, Limoges"
579,1,Assistant lecturer
580,1,"Attikon University Hospital, Athens, Greece"
581,1,"Rohto Pharmaceutical Co., Ltd."
582,1,"2nd Affiliated Hospital, School of Medicine, Zhejiang University"
583,1,Research Institute of the McGill University Health Centre
584,1,Fundación Oftalmológica de Santander Clínica Carlos Ardila Lulle
585,1,"University of California, San Diego"
586,1,"Tangdu Hospital, Air Force Medical University"
587,1,Children's Hospital of Fudan University
588,1,"Department of Cardiovascular Medicine, TAHA clinical trial group, Shiraz University of Medical Sciences, Shiraz, Iran"
589,1,Clinic of Anaesthesiology and Intensive Care Medicine
590,1,"Angiocrine Bioscience, Inc."
591,1,the Institute of Biophysics and Cell Engineering of National Academy of Sciences of Belarus
592,1,"Center for Joint Surgery, Southwest Hospital, China"
593,1,Investigator
594,1,Shenzhen University General Hospital
595,1,"Dr. Moewardi General Hospital, Surakarta, Indonesia"
596,1,Guangzhou Women and Children's Medical Center
597,1,"Departemen of Internal Medicine, Faculty of Medicine, University of Indonesia"
598,1,Louisiana State University Health Sciences Center - New Orleans
599,1,"Taiwan Mitochondrion Applied Technology Co., Ltd."
600,1,IBSAL - University Hospital of Salamanca
601,1,The University of Alabama at Birmingham
602,1,Galen Ortopedia Sp. z o. o
603,1,Institut Guttmann
604,1,"University Hospitals Cleveland Medical Center, Case Comprehensive Cancer Center"
605,1,"ICO, IDIBELL"
606,1,Little Alsace Urgent Care Center
607,1,HIMANSHU BANSAL FOUNDATION
608,1,Hematology Department. Hospital Universitario Puerta de Hierro
609,1,Eskişehir Osmangazi University
610,1,"First Affiliated Hospital, Nanjing Medical University"
611,1,"University Hospital of Palermo, Palermo, Italy"
612,1,Osaka University
613,1,University of Alberta
614,1,Severance Hospital
615,1,"Cell and Tissue Bank-Regenerative Medicine, Dr. Soetomo General Academic Hospital, Indonesia"
616,1,"National Cancer Centre, Singapore"
617,1,CHA University
618,1,Dr. Soetomo General Academic Hospital/ Universitas Airlangga
619,1,"University Hospital, Ghent"
620,1,UC Davis School of Medicine
621,1,"University of Turin, Italy"
622,1,Syneos Health
623,1,Lister Hospital
624,1,University of Illinois Chicago
625,1,"Central Hospital, Nancy, France"
626,1,UC Davis
627,1,saskia.oro@aphp.fr
628,1,Kanuni Sultan Suleyman Education and Training Hospital
629,1,Alimentiv Inc.
630,1,"Institute of Oncology of Porto, Portugal"
631,1,Department of Rhumatology in Hanyang University Medical Center
632,1,"Digestive Department of Renji Hospital,Shanghai Jiao Tong University School of Medicine"
633,1,Tomsk NRMC
634,1,Cell therapy center
635,1,General Hospital of Shenyang Military Region
636,1,"Jinnah Burn & Reconstructive Surgery Center, Lahore"
637,1,Hospital Infantil Universitario Niño Jesús
638,1,Stem Cell and Cancer Research Indonesia
639,1,Hospital Nostra Senyora de Meritxell
640,1,Haukeland University Hospital
641,1,Moffitt Cancer Center
642,1,Hanyang University Seoul Hospital
643,1,Kyoto University
644,1,Biosolutions Clinical Research Center
645,1,Faculty
646,1,"Peking University People's Hospital, Peking University Insititute of Hematology"
647,1,Sorrento Therapeutics
648,1,University of Virginia
649,1,Peking University People's Hospital
650,1,"Armed Forces Bone Marrow Transplant Centre, Rawalpindi, Pakistan"
651,1,IOBA-UVA
652,1,Deputy Director
653,1,Institut de Cancérologie Lucien Neuwirth
654,1,Konkuk University Medical Center
655,1,Klinikum Chemnitz
656,1,Helsinki University Central Hospital
657,1,University Medical Center Groningen
658,1,UC Davis Health
659,1,MetroHealth Medical Center
660,1,Kessler Foundation
661,1,Changhai Hospital
662,1,"D.O. Ott Research Institute of Obstetrics, Gynecology, and Reproductology"
663,1,Head of SCARM Institute
664,1,The University of Kansas - Cancer Center
665,1,CIEMAT/CIBERER/IIS.FJD
666,1,"Erasmus MC, Rotterdam, the Netherlands"
667,1,Hebei Medical University
668,1,"Head of the Laboratory for Immunology and Cellular Biotechnology, The Republican Research and Practical Center for Epidemiology and Microbiology"
669,1,The head doctor of The Kyiv City Clinical Hospital №2
670,1,"Intermountain Health Care, Inc."
671,1,Niigata University Medical & Dental Hospital
672,1,Stemform
673,1,PAREXEL Early Phase Clinical Unit Baltimore
674,1,Princess Margaret Cancer Centr
675,1,"University Hospital, Lille"
676,1,Istituto Scientifico Romagnolo per lo Studio e la Cura dei Tumori (IRST)
677,1,"UNM Health Sciences Center, Dept of Orthopaedic Surgery"
678,1,The Ottawa Hospital Research Institute
679,1,"MD, PhD, Associate Professor"
680,1,Vinmec Healthcare System
681,1,"Christian-Albrechts-Universität zu Kiel, Klinik für Innere Medizin III Kardiologie, Angiologie und internistische Intensivmedizin, Kiel, Germany"
682,1,Mashhad University of Medical Sciences
683,1,UAM
684,1,The Affiliated Hospital of Xuzhou Medical University
685,1,"Mayo Clinic, Rochester, MN"
686,1,UCL
687,1,"Baggiovara Hospital, Vascular Surgery department"
688,1,"Klinik und Poliklinik für Dermatologie, Venerologie und Allergologie, Würzburg, Germany"
689,1,"Division of Pulmonary and Critical Care Medicine, Department of Internal Medicine, Taipei Tzu Chi Hospital"
690,1,"Institute of Cancer Research, United Kingdom"
691,1,Sidney Kimmel Cancer Center at Thomas Jefferson University
692,1,"LIMITED LIABILITY COMPANY ""A.A. PARTNERS"" (Medical company ilaya® ),"
693,1,"Medical Center for Digestive Diseases, The Second Affiliated Hospital of Nanjing Medical University"
694,1,"Medical Director, McConnell Heart Health Center"
695,1,"Jinling Hospital, Medical School of Nanjing University"
696,1,"University College, London"
697,1,Universidad Autónoma de Bucaramanga
698,1,National Institute of Allergy and Infectious Diseases (NIAID)
699,1,Optica General
700,1,"1st Chair and Department of Cardiology, Medical University of Warsaw"
701,1,Full Professor
702,1,Universidad del Desarrollo
703,1,"Service de Réanimation Médicale, Hôpital Central, 54035, Nancy Cedex"
704,1,Hospital Clinic
705,1,"Children's Medical Hospital, Tehran University of Medical Sciences"
706,1,Shanghai Ninth People's Hospital Affiliated to Shanghai Jiao Tong University
707,1,Navy General Hosiptal
708,1,"University Hospital Grenoble-Alpes, France"
709,1,"Richard L. Roudebush VA Medical Center, Indianapolis, IN"
710,1,Stemedica Cell Technologies
711,1,"Medizinische Klinik und Poliklinik I, Universitätsklinikum, TU Dresden"
712,1,"University Hospital Tuebingen, Germany; Dept. for Pediatric Gastroenterology and Hepatology"
713,1,The Second Affiliated Hospital of Fujian Medical University
714,1,Boston Children's Hospital
715,1,Zhujiang Hospital
716,1,"Retired, Dept. of Preventive Dentistry, Periodontology and Implant Biology, School of Dentistry, Aristotle University of Thessaloniki"
717,1,"General Hospital Znojmo, Czech Republic"
718,1,ISCI / University of Miami / Division of Pulmonary
719,1,KLE Society's Institute of Dental Sciences
720,1,Belfast Health and Social Care Trust
721,1,"Inselspital, Bern University Hospital, Freiburgstr. 4, 3010 Bern, Switzerland"
722,1,State Key Laboratory of Stem Cell and Reproductive Biology
723,1,"University Hospital, Bordeaux"
724,1,Affiliated Hospital of Jiangsu University
725,1,"Merck KGaA, Darmstadt, Germany"
726,1,"Sentien Biotechnologies, Inc."
727,1,Hospital de Neurorehabilitació Institut Guttmann
728,1,University of Birmingham
729,1,Hospital e Maternidade Dr Christovao da Gama
730,1,Grenoble Hospital University
731,1,Centre Leon Berard
732,1,"Seoul St.Mary's hospital, The Catholic university of Korea"
733,1,Shanghai 10th People's Hospital
734,1,1954
735,1,Nova Scotia Health Authority
736,1,Shanghai Jiao Tong University Affiliated Sixth People's Hospital
737,1,Istituto Ortopedico Rizzoli
738,1,Melitus Ltd
739,1,"Department of Ophthalmology, Rigshospitalet-Glostrup, University of Copenhagen"
740,1,"Department of Otolaryngology, Rigshospitalet, Copenhagen, Denmark"
741,1,"Department of Otolaryngology, Rigshospitalet, University Hospital of Copenhagen"
742,1,The University of Kansas Medical Center
743,1,"Medical University of Warsaw, Department of Diabetology and Internal Diseases"
744,1,"Med. Fakultät Mannheim der Universität Heidelberg, II. Med. Klinik, Germany"
745,1,Center of Integrative Biology
746,1,Hospital Ampang
747,1,"Hospital for Special Surgery, New York"
748,1,Wuhan TongJi Hospital
749,1,"Bioinova, s.r.o."
750,1,University of Utah
751,1,Assistant Professor of Medicine
752,1,Henan Provincial People's Hospital
753,1,"Institut del Cor, HUGTiP, IGTP"
754,1,Centre Hospitalier Universitaire de Liege
755,1,Universidad de Chile Clinical Hospital
756,1,"Istituto Clinico Humanitas, Rozzano, Italy"
757,1,Changhai houspital
758,1,Providence Cancer Institute
759,1,Centogene GmbH
760,1,Assiut University- Faculty of Medicine- Clinical Pathology dept.
761,1,"Royan Institute, ACECR, Tehran, I.R. Iran"
762,1,MRC/UVRI and LSHTM Uganda Resae
763,1,"Ever Supreme Bio Technology Co., Ltd."
764,1,CHU SAINT-ETIENNE
765,1,Ithaca College
766,1,Lawson Health Research Institute
767,1,Chinese Academy of Medical Science and Blood Disease Hospital
768,1,"San Francisco VA Medical Center, San Francisco, CA"
769,1,Centre Oscar Lambret
770,1,"Northern Alberta Urology Centre, University of Alberta"
771,1,"Bangladesh Laser and Cell Surgery Institute and Hospital, Dhaka, Bangladesh."
772,1,Universidade Federal do Rio de Janeiro
773,1,Universitas Diponegoro
774,1,Professor School of Medicine
775,1,"Tehran University of Medical Sciences, Children's Medical Center"
776,1,University of Southern California
777,1,Hospices Civils de Lyon
778,1,Censo Biotechnologies Ltd
779,1,GHICL
780,1,External
781,1,The Affiliated Drum Tower Hospital of Nanjing University Medical School
782,1,"assist.prof.Željka Večerić-Haler, MDPhD"
783,1,University of South-Eastern Norway
784,1,"S. Orsola-Malpighi Hospital, Department of Medical and Surgical Sciences (DIMEC), University of Bologna, Bologna"
785,1,Rejuva Medical Aesthetics
786,1,Hebei Chemical & Pharmaceutical College
787,1,"University of Minnesota, Masonic Cancer Center and Medical Center"
788,1,Jinan Hospital for Infectious Diseases
789,1,Steno Diabetes Center Copenhagen
790,1,Duke University Medical Center: Transplantation
791,1,Houston Methodist Physicians Organization
792,1,NUIG
793,1,Centro Médico Teknon
794,1,Tianjin Medical University Eye Hospital
795,1,National Marrow Donor Program
796,1,The 3rd affiliated hospital of Sun Yat-sen University
797,1,Parkway Cancer Centre
798,1,Montpellier University Hospitals
799,1,Assiut University
800,1,Royal Papworth Hospital
801,1,CSL Behring
802,1,Instituto de Investigación Sanitaria Fundación Jiménez Díaz
803,1,Sir Run Run Shaw Hospital
804,1,Ohio State University Comprehensive Cancer Center
805,1,Karolinska University Hospital
806,1,Accurate Clinical Research
807,1,"Guangzhou, Guangdong,China，511442"
808,1,USK Wrocław
809,1,Dankook University
810,1,"Cardiovascular Clinical Research Facility, University of Oxford"
811,1,"University Hospital Río Hortega, Valladolid, Spain,"
812,1,"The Heart Centre, Rigshospitalet, University of Copenhagen"
813,1,Chiledren's Hospital of Fudan University
814,1,South Ural State Medical University
815,1,"Professor of Oral Medicine, Periodontology and Oral Diagnosis, Faculty of Dentistry, Ain Shams University"
816,1,Seattle Cancer Care Alliance--University of Washington
817,0,
