,count,Condition
0,33,Knee Osteoarthritis
1,26,Covid19
2,23,Amyotrophic Lateral Sclerosis
3,22,Multiple Sclerosis
4,21,COVID-19
5,20,Osteoarthritis
6,20,"Osteoarthritis, Knee"
7,20,Spinal Cord Injury
8,19,Bronchopulmonary Dysplasia
9,19,Liver Cirrhosis
10,14,Critical Limb Ischemia
11,14,Spinal Cord Injuries
12,14,Rheumatoid Arthritis
13,14,Crohn's Disease
14,13,Diabetic Foot Ulcer
15,12,Myocardial Infarction
16,12,Prostate Cancer
17,12,Acute Respiratory Distress Syndrome
18,12,Heart Failure
19,10,Lupus Nephritis
20,10,Erectile Dysfunction
21,10,Liver Failure
22,9,Parkinson Disease
23,9,Stroke
24,9,Cerebral Palsy
25,9,Alzheimer Disease
26,9,Type 1 Diabetes Mellitus
27,8,Type 2 Diabetes
28,8,Ischemic Stroke
29,8,Perianal Fistula
30,8,Alzheimer's Disease
31,8,Acute Myocardial Infarction
32,8,Graft Versus Host Disease
33,8,COVID
34,8,Neoplasms
35,7,Degenerative Arthritis
36,7,Mesenchymal Stromal Cells
37,7,Degenerative Disc Disease
38,6,Parkinson's Disease
39,6,Cancer
40,6,Healthy
41,6,Rotator Cuff Tear
42,6,Premature Ovarian Failure
43,6,Systemic Sclerosis
44,6,Crohn Disease
45,6,COVID-19 Pneumonia
46,6,Autism
47,6,Ulcerative Colitis
48,5,Inflammatory Bowel Diseases
49,5,Ovarian Cancer
50,5,Systemic Lupus Erythematosus
51,5,Chronic Kidney Diseases
52,5,Pancreatic Cancer
53,5,Coronary Artery Disease
54,5,Aplastic Anemia
55,5,Diabetes Mellitus
56,5,Sepsis
57,5,Kidney Transplantation
58,5,Hematopoietic/Lymphoid Cancer
59,5,Septic Shock
60,5,Colorectal Cancer
61,5,Breast Cancer
62,5,Osteogenesis Imperfecta
63,5,Graft vs Host Disease
64,5,Graft-Versus-Host Disease
65,5,Multiple System Atrophy
66,5,"ARDS, Human"
67,4,Dystrophic Epidermolysis Bullosa
68,4,Lung Cancer
69,4,Cystic Fibrosis
70,4,Solid Tumors
71,4,Primary Biliary Cirrhosis
72,4,"Stem Cell Transplantation, Hematopoietic"
73,4,Decompensated Liver Cirrhosis
74,4,Ischemic Heart Disease
75,4,Type 2 Diabetes Mellitus
76,4,Diabetic Foot
77,4,Alcoholic Liver Cirrhosis
78,4,Graft Vs Host Disease
79,4,Ischemic Cardiomyopathy
80,4,Atopic Dermatitis
81,4,Multiple Myeloma
82,4,Mesenchymal Stem Cells
83,4,Idiopathic Pulmonary Fibrosis
84,4,Corona Virus Infection
85,3,Osteoarthritis of Knee
86,3,Peripheral Vascular Disease
87,3,Defect of Articular Cartilage
88,3,Rectal Cancer
89,3,Acute-On-Chronic Liver Failure
90,3,Acute Leukemia
91,3,Glioblastoma Multiforme
92,3,Myelodysplastic Syndromes
93,3,Retinitis Pigmentosa
94,3,Gastric Cancer
95,3,Osteoporosis
96,3,NSCLC
97,3,Recessive Dystrophic Epidermolysis Bullosa
98,3,Frailty
99,3,Autism Spectrum Disorder
100,3,Aging Frailty
101,3,Type1diabetes
102,3,Chronic Renal Failure
103,3,Melanoma
104,3,Cleft Lip and Palate
105,3,Asthma
106,3,Acute Kidney Injury
107,3,Primary Ovarian Insufficiency
108,3,Acute Lung Injury
109,3,Fanconi Anemia
110,3,"Respiratory Distress Syndrome, Adult"
111,3,Hypertension
112,3,Retinal Disease
113,3,Renal Transplant Rejection
114,3,Non Small Cell Lung Cancer
115,3,Duchenne Muscular Dystrophy
116,3,Myocardial Ischemia
117,3,Chronic Myocardial Ischemia
118,3,Cardiomyopathy
119,3,Dilated Cardiomyopathy
120,3,Osteoarthritis of the Knee
121,3,Endothelial Dysfunction
122,3,Skin Ulcer Venous Stasis Chronic
123,3,Huntington Disease
124,3,Cartilage Injury
125,3,Solid Tumor
126,3,Glioma
127,3,Thyroid Cancer
128,3,Cerebral Infarction
129,3,Kidney Transplant
130,3,Stem Cell Transplantation
131,3,Pulmonary Emphysema
132,2,"Epidermolysis Bullosa Dystrophica, Recessive"
133,2,Pulmonary Hypertension
134,2,Sarcoma
135,2,Type 1 Diabetes
136,2,ARDS
137,2,Chronic Ischemic Heart Disease
138,2,Degenerative Osteoarthritis
139,2,Chronic Ischemic Left Ventricular Dysfunction
140,2,GIST
141,2,Emphysema
142,2,Bone Marrow
143,2,Chronic Ischemic Cardiomyopathy
144,2,"Infertility, Female"
145,2,Avascular Necrosis of the Femoral Head
146,2,Diabetic Nephropathy
147,2,Head and Neck Cancer
148,2,Lateral Epicondylitis
149,2,Osteomalacia
150,2,Alveolar Bone Loss
151,2,Hepatitis B
152,2,Type1 Diabetes Mellitus
153,2,HLA-A*0201 Positive Cells Present
154,2,Severe Acute Respiratory Syndrome Coronavirus 2
155,2,COPD
156,2,Tibial Fracture
157,2,Leukemia
158,2,Erectile Dysfunction Associated With Type 2 Diabetes Mellitus
159,2,Evidence of Liver Transplantation
160,2,Urinary Incontinence
161,2,Non-ischemic Dilated Cardiomyopathy
162,2,Dry Eye
163,2,Periodontitis
164,2,Nonunion of Fracture
165,2,Graft-versus-host Disease
166,2,"Multiple Sclerosis, Relapsing-Remitting"
167,2,Chronic Heart Failure
168,2,"Osteoarthritis, Hip"
169,2,Epidermolysis Bullosa
170,2,Sars-CoV2
171,2,Chronic Periodontitis
172,2,Psoriasis
173,2,Rectovaginal Fistula
174,2,Bronchopleural Fistula
175,2,Bronchiectasis
176,2,Gingival Recession
177,2,Biliary Atresia
178,2,Nonunion Fracture
179,2,Ankylosing Spondylitis
180,2,Acute GVH Disease
181,2,Ischemia
182,2,Induced Pluripotent Stem Cells
183,2,Covid-19
184,2,Retinoblastoma
185,2,Chronic Graft-Versus-Host Disease
186,2,Soft Tissue Sarcoma
187,2,"Foot Ulcer, Diabetic"
188,2,Xerostomia
189,2,Osteonecrosis
190,2,Diabetes Mellitus Type 1
191,2,Xerostomia Due to Radiotherapy
192,2,Traumatic Brain Injury
193,2,Acute Graft Versus Host Disease
194,2,Critical Limb Ischemia (CLI)
195,2,Peripheral Artery Disease
196,2,Human Immunodeficiency Virus
197,2,Cardiovascular Diseases
198,2,Cicatrix
199,2,Polymyositis
200,2,Uterine Scar
201,2,"Pulmonary Disease, Chronic Obstructive"
202,2,Intervertebral Disc Degeneration
203,2,Fecal Incontinence
204,2,Burns
205,2,Hematopoietic Stem Cell Transplantation
206,2,Hemophilia A
207,2,Allergic Rhinitis
208,2,Skin Ulcer
209,2,Alcoholic Cirrhosis
210,2,Congestive Heart Failure
211,2,Hypoplastic Left Heart Syndrome
212,2,Pulmonary Disease
213,2,Covid 19
214,2,Depression
215,2,Muscular Dystrophies
216,2,Post COVID-19 Syndrome
217,2,Decompensated Cirrhosis
218,2,Knee Osteoarthrosis
219,2,Recovery Following Partial Medial Meniscectomy
220,2,Chronic Pancreatitis
221,2,Burn
222,2,Diabetes
223,2,Myelodysplastic Syndrome
224,2,Anterior Cruciate Ligament Injury
225,2,"Diabetes Mellitus, Type 2"
226,2,Glioblastoma
227,2,Sickle Cell Disease
228,2,Autoimmune Diseases
229,2,Severe Aplastic Anemia
230,2,Chronic Graft-versus-host Disease
231,2,Osteochondral Lesion of Talus
232,2,Amyotrophic Lateral Sclerosis (ALS)
233,2,Advanced Solid Tumor
234,2,Stem Cell Transplant Complications
235,2,Stem Cells
236,2,Diabetic Kidney Disease
237,2,Acute Graft-versus-host Disease
238,2,Pneumoconiosis
239,2,Anal Fistula
240,2,Otitis Media Chronic
241,2,Preeclampsia
242,2,HIV Infections
243,2,Chronic Low Back Pain
244,2,Prostatic Neoplasms
245,2,Xerostomia Following Radiotherapy
246,2,Chronic Kidney Disease
247,2,Advanced Solid Tumors
248,2,Relapsing-Remitting Multiple Sclerosis
249,2,Non Union Fracture
250,1,Living-relative Kidney Transplantation
251,1,Fallopian Tube Carcinosarcoma
252,1,Uremia
253,1,Romberg's Disease
254,1,Low Back Pain
255,1,Non-small Cell Lung Cancer
256,1,Paraquat Poisoning
257,1,Knee Injuries
258,1,Psoriasis Vulgaris
259,1,Disorder Related to Renal Transplantation
260,1,"Cardiomyopathy, Hypertrophic"
261,1,Full Thickness Rotator Cuff Tear
262,1,"Stroke, Acute"
263,1,Pseudoarthrosis
264,1,Klinefelter Syndrome
265,1,Cerebral Adrenoleukodystrophy
266,1,Inherited Cardiac Arrythmias
267,1,Malignant Pleural Disease
268,1,Alveolar Ridge Augmentation
269,1,Schizophrenia
270,1,Peyronie's Disease
271,1,Age Related Macular Degeneration (AMD)
272,1,Chronic Lymphocytic Leukemia
273,1,Avascular Necrosis of Bone
274,1,Non-Ischemic Heart Failure
275,1,Diabetic Peripheral Neuropathy
276,1,Rejection
277,1,Graft Rejection
278,1,Bone Fracture
279,1,Rotator Cuff Disease
280,1,Focal Segmental Glomerulosclerosis
281,1,Coronary Disease
282,1,Treatment Complication
283,1,Epilepsy
284,1,Abnormal Hematopoiesis
285,1,Papillomavirus Infections
286,1,Acute on Chronic Hepatic Failure
287,1,"Infantile Spinal Muscular Atrophy, Type I [Werdnig- Hoffman]"
288,1,Hypoxic-Ischemic Encephalopathy
289,1,"Injury of Facial Nerve, Unspecified Side, Initial Encounter"
290,1,Abdominal Aortic Aneurysm
291,1,Female Urinary Incontinence and Pelvic Organ Prolapse
292,1,Alzheimer Dementia
293,1,Urticaria
294,1,Cell Transplantation
295,1,Fracture
296,1,Marfan's Syndrome
297,1,Pelvic Radiation Therapy
298,1,Spondylitis
299,1,End Stage Renal Disease (ESRD)
300,1,Surgical Leak Fistula
301,1,Blood And Marrow Transplantation
302,1,Ultra Filtration Failure
303,1,Cleft of Alveolar Ridge
304,1,Cleft Palate
305,1,Cardiomyopathy Due to Anthracyclines
306,1,"Renal Insufficiency, Chronic"
307,1,"Osteoarthritis,Knee"
308,1,"Spinal Cord Injury, Chronic"
309,1,"Cholangitis, Sclerosing"
310,1,Urothelial Carcinoma
311,1,Motor Neuron Disease
312,1,Idiopathic Pulmonary Hemosiderosis
313,1,Intellectual Deficiency
314,1,Metastatic Tumor
315,1,Pediatric Liver Transplantation
316,1,Acute Traumatic Spinal Cord Injury
317,1,"Lung Adenocarcinoma, Stage I"
318,1,Tracheomalacia
319,1,Chronic Nasal Septum Perforation
320,1,Malaria
321,1,Hereditary Corneal Dystrophy
322,1,Chronic Granulomatous Disease
323,1,Malignant Solid Tumour
324,1,AMYOTROPHIC LATERAL SCLEROSIS
325,1,Extracellular Vesicles
326,1,Cartilage Damage
327,1,Brain Injury
328,1,Malignant Mesothelioma
329,1,Femoral Neck Fracture
330,1,Burn Injury
331,1,Chronic Leg Ulcer
332,1,Non-Small-Cell Lung Cancer
333,1,Idiopathic Interstitial Pneumonia
334,1,Blood Coagulation
335,1,Metabolic Disease
336,1,Osteoarthritis Post-meniscectomy
337,1,Barrett's Esophagus
338,1,"Ketoacidosis, Diabetic"
339,1,Osteonecrosis of Jaw
340,1,Ulcer
341,1,Osteoarthritis Knee
342,1,Non-Small Cell Lung Cancer
343,1,"Lung Diseases, Interstitial"
344,1,Liver Cancer
345,1,Lumbar Degenerative Disc Disease
346,1,"Brain Injuries, Traumatic"
347,1,Non-obstructive Azoospermia
348,1,Kienböck's Disease
349,1,Diabetic Macular Edema
350,1,Hepatic Cirrhosis
351,1,Mandibular Fractures
352,1,Deficiency of Anterior Cruciate Ligament
353,1,"Urinary Incontinence, Stress"
354,1,Bone Atrophy
355,1,Normal Cellular Metabolism
356,1,Brain Death
357,1,Edentulous Alveolar Ridge
358,1,Chronic Lung Allograft Dysfunction (CLAD)
359,1,Liver Transplantation
360,1,Metastatic Malignant Peripheral Nerve Sheath Tumor
361,1,"Senescence Wrinkles, Acne, Pitting Scar"
362,1,Colitis
363,1,Difficult to Healing of Skin Ulcers
364,1,Colonic Neoplasms
365,1,Treatment Resistant Depression
366,1,Wounds
367,1,MSCs
368,1,Grade B aGVHD
369,1,Kidney Transplant Rejection
370,1,Tumor Induced Oncogenic Osteomalacia
371,1,Malignant Melanoma
372,1,Peritoneal Carcinomatosis
373,1,"Carcinoma, Non-Small Cell Lung"
374,1,Non Union/Delayed Fractures
375,1,Pseudarthrosis After Fusion or Arthrodesis
376,1,Articular Cartilage Lesion of the Femoral Condyle
377,1,Maxillary Cyst
378,1,Wilson's Disease
379,1,Hip Arthroplasty
380,1,Progressive Multiple Sclerosis
381,1,Hereditary Ataxia
382,1,Breast Neoplasms
383,1,Primary Disease
384,1,"Diabetes Mellitus, Insulin-Dependent"
385,1,Graft-vs-Host Disease
386,1,Recurrent Grade 1 Follicular Lymphoma
387,1,Complex Perianal Fistula
388,1,Progressive Hemifacial Atrophy
389,1,Buerger's Disease
390,1,Intracerebral Hemorrhage (ICH)
391,1,Dementia of the Alzheimer's Type
392,1,Colon Cancer
393,1,Osteoarthritis of Knee Joint
394,1,Liver Fibrosis
395,1,Middle Cerebral Artery Infarction
396,1,Limbus Corneae Insufficiency Syndrome
397,1,Cerebellar Ataxia
398,1,Gastric Intestinal Metaplasia
399,1,CD30 Positive Cutaneous T Cell Lymphoma
400,1,Lumbar Intervertebral Disc Degeneration
401,1,Healthy Volunteers
402,1,Healing of Fracture
403,1,Avascular Necrosis of Femur Head
404,1,"Spondyloarthrosis, Spondylosis"
405,1,Cancer of Head and Neck
406,1,Peripheral Vascular Diseases
407,1,Alzheimers Disease
408,1,"Lumbar Spondylolisthesis Involving L4-L5, and/or"
409,1,Recto-vaginal Fistula
410,1,Non Traumatic Osteonecrosis of the Femoral Head (Hip)
411,1,Osteoporotic Fractures
412,1,Chronic Graft Versus Host Disease
413,1,Oncogenic Osteomalacia
414,1,Intervertebral Disc Disease
415,1,Hip Osteoarthritis
416,1,Hereditary Cerebellar Ataxia.
417,1,ST-Elevation Myocardial Infarction
418,1,Stable Angina
419,1,Epidermolysis Bullosa Dystrophica
420,1,Wound Healing
421,1,Heart Failure Class II or III
422,1,"Pregnant, Healthy Females"
423,1,Advanced Cancers (Solid Tumors)
424,1,Heart Disease
425,1,Neuroblastoma
426,1,Organ Transplantation
427,1,Multiple Trauma
428,1,Refractory Systemic Lupus Erythematosus
429,1,B-cell Chronic Lymphocytic Leukemia
430,1,Tibia or Femur Pseudo-arthrosis
431,1,Diabetic Wounds
432,1,"Hypercholesterolemia, Familial"
433,1,Tibial Fractures
434,1,Hematological Malignancies
435,1,Cirrhosis
436,1,Recurrent Plasma Cell Myeloma
437,1,Graft-vs-Host Disease (GVHD)
438,1,Adult Periodontitis
439,1,Osteodysplasia
440,1,Malignant Glioma
441,1,Osteochondritis of the Femoral Head
442,1,Mesenchymal Tumor
443,1,Skin Cancer
444,1,Bone Marrow Stromal Cells
445,1,Lower Back Pain
446,1,Leg Length Inequality
447,1,Bone Cyst
448,1,Nonunion Fractures
449,1,Bronchiolitis Obliterans
450,1,End-Stage Kidney Disease
451,1,Allogeneic Stem Cell Transplantation
452,1,"Leukemia, B-cell"
453,1,Renal Interstitial Fibrosis
454,1,Osteogenesis Imperfecta Type II
455,1,Graft-versus-host-disease
456,1,"Leukemia, Myeloid, Acute"
457,1,Tibiotalar Arthrodesis
458,1,Autologous Transplantation
459,1,Hepatic Disorders
460,1,Sjogren's Syndrome
461,1,"Chronic Hepatitis B, Gestation"
462,1,Neurodegenerative Disorders
463,1,Bone Neoplasms
464,1,Pened Chest Surgery for Programmes Coronary Bypass
465,1,The Sequelae Caused by Severe Brain Injury
466,1,Autoimmune Hepatitis
467,1,Rheumatoid Arthritis Aggravated
468,1,Neutropenic Enterocolitis
469,1,"Acute Respiratory Distress Syndrome, Adult"
470,1,SYSTEMIC SCLERODERMA
471,1,Anoxic Brain Injury
472,1,Partially Edentulous Maxilla
473,1,Dystrophy
474,1,Lung Transplant Reject
475,1,Acute Lymphoblastic Leukemia
476,1,Multiple Sclerosis (MS)
477,1,Oropharyngeal Cancer
478,1,Relapsed or Refractory B-Cell Non-Hodgkin Lymphoma
479,1,Ischemic-type Biliary Lesions
480,1,Papillary Renal Cell Cancer
481,1,Articular Cartilage Disorder of Knee
482,1,Hemophilia
483,1,Skin Burn Degree Second
484,1,Cytopenia
485,1,Fallopian Tube Clear Cell Adenocarcinoma
486,1,"Achilles Tendinitis, Right Leg"
487,1,Recurrent Glioblastoma Multiforme
488,1,Graft -Versus-host-disease
489,1,Complications of Organ Transplant Stem Cells Umbilical Cord
490,1,CKDu
491,1,Postoperative Air Leaks in Risk Patients
492,1,Cartilage Diseases
493,1,Retinal Degeneration
494,1,Liver Regeneration
495,1,Chemical Burns
496,1,Pediatric Cancers
497,1,MSA
498,1,Infertility
499,1,Metastatic Melanoma
500,1,Sweat Gland Diseases
501,1,Faecal Incontinence
502,1,Discordant Immunological Response in HIV Infected Subjects
503,1,Atrophic Nonunion of Fracture
504,1,Cerebral Hemorrhage
505,1,Post-radiotherapy Pulmonary Fibrosis
506,1,Renal Artery Stenosis
507,1,Liver Transplant Rejection
508,1,Group 1: Trauma Operation for Otherwise Healthy Patients
509,1,Devic's Syndrome
510,1,Ataxia-Telangiectasia (A-T)
511,1,Delayed Graft Function
512,1,Duchenne's Muscular Dystrophy
513,1,Liposarcoma
514,1,Foreign-Body Reaction
515,1,Lung Transplantation
516,1,Non Healing Wounds
517,1,Nonrevascularizable Critical Ischemia of the Lower Limbs
518,1,Mild Cognitive Impairment
519,1,Fibromuscular Dysplasia
520,1,Pulmonary Arterial Hypertension
521,1,DIABETES Mellitus Type 2 Not Well Controlled
522,1,Breast Reconstruction
523,1,Chronic Effect of Ultraviolet Radiation on Photoaged Skin
524,1,ST Segment Elevation Myocardial Infarction (STEMI)
525,1,Refractory Soft Tissue Sarcomas
526,1,Premature Ovarian Failure，
527,1,Atherosclerotic Renal Artery Stenosis
528,1,Surgically-Created Resection Cavity
529,1,Inherited Arrhythmias and Valvulopathies
530,1,Degeneration Articular Cartilage Knee
531,1,Union
532,1,Ischemic Dilated Cardiomyopathy
533,1,"Stroke, Ischemic"
534,1,Osteonecrosis of the Femoral Head
535,1,Chronic Disease
536,1,Type I Diabetes Mellitus With Ulcer
537,1,Progressive Supranuclear Palsy
538,1,"Delayed Union After Fracture of Humerus, Tibial or Femur"
539,1,Relapsing Remitting Multiple Sclerosis (RRMS)
540,1,Articular Cartilage Defect
541,1,Lipodystrophies
542,1,Chronic Meniscal Injury
543,1,Hematologic Malignancies
544,1,Metastatic Progressive Castration-resistant Prostate Cancer
545,1,Male Infertility
546,1,Age Related Macular Degeneration
547,1,Idiopathic Pulmonary Fibrosis (IPF)
548,1,Bladder Cancer
549,1,Aggressive Periodontitis
550,1,Improved Healing of Scarred Vocal Folds
551,1,Children
552,1,Hypoxic Ischemic Encephalopathy
553,1,Primary Idiopathic Dilated Cardiomyopathy
554,1,Head-and-Neck Squamous Cell Carcinoma
555,1,Perianal Crohn's Disease
556,1,Eletrophysiology of iPS-derived Cardiomyocytes
557,1,Thoracic Diseases
558,1,Periodontal Pocket
559,1,Immune Function in Blood
560,1,Estrogen Receptor Negative
561,1,Recurrent Fallopian Tube Carcinoma
562,1,Musculoskeletal Pain
563,1,Craniosynostosis
564,1,Squamous Cell Carcinoma of the Head and Neck
565,1,Stress Urinary Incontinence
566,1,Coronavirus Infection
567,1,Acute Stroke
568,1,Systemic Sclerosis Pulmonary
569,1,Chronic Endometritis
570,1,NSCLC Patients
571,1,Gastrointestinal Epithelial Cancer
572,1,Postoperative Delirium
573,1,Lumbar Disc Degeneration
574,1,Facet-Mediated Low Back Pain
575,1,Healthy Volunteers for Bone Marrow Donation
576,1,End Stage Renal Disease
577,1,Ischemia Reperfusion Injury
578,1,Bradykinesia
579,1,Oocyte Maturation
580,1,Moderate to Severe Acute Respiratory Distress Syndrome Associated With COVID-19
581,1,NSCLC Stage IV
582,1,Liver Cirrhoses
583,1,Multiple Organ Failure
584,1,"Periodontitis, Chronic"
585,1,Multisystem Inflammatory Syndrome in Children (MIS-C) Associated With Coronavirus Disease (COVID-19)
586,1,Covid-19 Pneumonia
587,1,Precursor Cell Lymphoblastic Leukemia-Lymphoma
588,1,Crohn Colitis
589,1,Pulp Necroses
590,1,Drug-resistant
591,1,Allergic Asthma
592,1,MSCs-PFs in Treating Poorly Healed Wounds of Postoperative Incision
593,1,Metastatic HPV-16 Positive Squamous Cell Anal Cancer
594,1,MSCs Derived Pleiotropic Factors on Wound Healing in Endonasal Surgeries
595,1,Covid19 Pneumonia
596,1,Ileal Pouch
597,1,Perianal Crohn Disease
598,1,Colorectal Neoplasms
599,1,T2D
600,1,Metabolism
601,1,Untreated Advanced NSCLC Patients
602,1,Spinal Tuberculosis
603,1,Corneal Ulcer
604,1,Hirschsprung Disease
605,1,Limb Ischemia
606,1,Trophic Ulcer
607,1,"Sclerosis, Systemic"
608,1,Osteo Arthritis Knee
609,1,Pancreatic Ductal Adenocarcinoma (PDAC)
610,1,Allogeneic Hematopoietic Stem Cell Transplantation
611,1,Congenital Heart Disease (CHD)
612,1,Mesenchymal Stem Cell-derived Bioactivator for Treating Chronic Wounds
613,1,Mesenchymal Stem Cell-derived Pleiotropic Factor in Treating Residual Burn Wound
614,1,Evaluate the Safety and Effectiveness of Mesenchymal Stem Cell Conditioned Medium-derived Pleiotropic Factor in Treating Donor Sites
615,1,Intrauterine Adhesion
616,1,Rectal Neoplasm Malignant Carcinoma
617,1,Post-Traumatic Osteoarthritis of Knee
618,1,Anxiety Disorders
619,1,Accidental Wound
620,1,Type 2 Diabetes With Renal Manifestations
621,1,Hip Necrosis
622,1,Chronic Obstructive Pulmonary Disease Moderate
623,1,Neuralgia
624,1,Refractory Depression
625,1,Stress Fracture
626,1,Chronic Graft-versus-host-disease
627,1,"Pancreatitis, Acute"
628,1,Fasting
629,1,Pulmonary Nodules
630,1,"Cirrhosis, Liver"
631,1,Metastatic Breast Cancer
632,1,Coronavirus Disease 2019 (COVID-19)
633,1,"Hypoxia-Ischemia, Brain"
634,1,"Glomerulonephritis , IGA"
635,1,Respiratory Tract Diseases
636,1,Age-Related Macular Degeneration
637,1,Heart Attack
638,1,Keloid
639,1,Use of Stem Cells for COVID-19 Treatment
640,1,Chondral or Osteochondral Lesion of Talus
641,1,Shoulder Arthritis
642,1,Mesenchymal Chondrosarcoma
643,1,Alveolar Bone Atrophy
644,1,Hoarseness
645,1,HER2-positive Breast Cancer
646,1,Corona Virus Disease 2019(COVID-19)
647,1,Severe Pneumonia
648,1,Transplantation Infection
649,1,Coronavirus
650,1,Tibial Meniscus Injuries
651,1,2019 Novel Coronavirus Pneumonia
652,1,"Pneumonia, Viral"
653,1,Multisystem Inflammatory Syndrome in Children
654,1,Burn Scar
655,1,COVID-19 Infection
656,1,"Myocardial Infarction, Acute"
657,1,Chronic Kidney Disease Stage 3B
658,1,Perianal Fistula Due to Crohn's Disease
659,1,Intracerebral Hemorrhage；Circulating Exosomes
660,1,Lupus
661,1,Vertebral Compression Fracture
662,1,Patients With Chronic Low Back Pain Due to Degenerative Lumbar Disc
663,1,Neurodevelopmental Disabilities
664,1,"Bone Loss, Osteoclastic"
665,1,Advanced Gastric Adenocarcinoma
666,1,"Heart Failure, Systolic"
667,1,Advanced NSCLC
668,1,Bone Loss
669,1,Urologic Diseases
670,1,Transgenderism
671,1,COVID-19 Disease
672,1,Sports Drug Abuse
673,1,Heart Transplant Rejection
674,1,Frailty Syndrome
675,1,Oral Premalignant Lesions
676,1,Familial Hypercholesterolemia
677,1,"Uveal Melanoma, Metastatic"
678,1,Malignant Pleural Mesothelioma (MPM)
679,1,Spinal Cord Injury Cervical
680,1,Small Cell Lung Cancer
681,1,Hodgkin Lymphoma
682,1,Pitt Hopkins Syndrome
683,1,Moderate to Severe Nasolabial Fold Wrinkles
684,1,Ovarian Failure
685,1,Tourette Syndrome
686,1,Testicular Injury
687,1,Peripheral Neuropathy
688,1,Eye Diseases
689,1,Pneumonia
690,1,Pyoderma Gangrenosum
691,1,Cell- and Tissue-Based Therapy
692,1,Non-Small Cell Lung Carcinoma
693,1,Osteosarcoma
694,1,Adenovirus Infection
695,1,Idiopathic Parkinson's Disease
696,1,Umbilical Cord of Normal Labor
697,1,"Pouch, Ileal"
698,1,Renal Cell Cancer
699,1,Ependymoma
700,1,COVID-19 Acute Respiratory Distress Syndrome
701,1,Adypose Mesenchimal Stem Cell
702,1,SARS-CoV-2 Infection( COVID-19 )
703,1,"Burn; Multiple Body Regions, Max. Second Degree"
704,1,Patients Who Receive Thoracic Irradiation
705,1,Supraspinatus Tear
706,1,Metastatic Triple-Negative Breast Carcinoma
707,1,Skin Graft
708,1,Brachial Plexus Neuropathies
709,1,Advanced Breast Cancer
710,1,Hiv
711,1,Myelomeningocele
712,1,Ulcer Venous
713,1,Diabete Type 2
714,1,Anatomic Stage IV Breast Cancer AJCC v8
715,1,Pancreas Adenocarcinoma
716,1,Steroid-refractory Acute Graft-versus-host Disease
717,1,COVID19 ARDS
718,1,"Keratoconjunctivitis Sicca, in Sjogren's Syndrome"
719,1,Crohn's Fistula
720,1,Interstitial Cystitis
721,1,Arthritis
722,1,D017202
723,1,Metabolic Syndrome
724,1,Diminished Ovarian Response
725,1,Diffuse Intrinsic Pontine Glioma
726,1,Relapsed or Refractory B-cell Lymphoma
727,1,Irritable Bowel Disease
728,1,Methanol Poisoning
729,1,"Primary Lateral Sclerosis, Adult, 1"
730,1,DLBCL
731,1,Perianal Fistula Due to Crohn's Disease (Disorder)
732,1,Traditional Chinese Medicine
733,1,Retinitis Pigmentosa (RP)
734,1,SARS-CoV-2
735,1,Epidermal Necrolysis
736,1,Diffuse Large-Cell Lymphoma
737,1,Hematopoietic and Lymphoid Cell Neoplasm
738,1,Post-Concussion Syndrome
739,1,Thyroid Gland Carcinoma
740,1,Urologic Cancer
741,1,Lung Transplant Rejection
742,1,Coronavirus Disease 2019 (COVID-19) Pneumonia
743,1,Chronic Pain
744,1,"Dermatitis, Atopic"
745,1,Aging Well
746,1,Transplantation:Mesenchymal Stem Cell Transplantation
747,1,iPS Cell Manufacture and Banking
748,1,Drug Resistant Epilepsy
749,1,Endocrine Tumors
750,1,Gastrointestinal Cancers
751,1,Diabetes Complications
752,1,Severe Bronchopulmonary Dysplasia
753,1,Solid and Hematological Malignancies
754,1,Mesenchymal Stem Cell Transplantation
755,1,Uterus; Injury
756,1,Cerebrovascular Disorders
757,1,Spinocerebellar Ataxia Type 1
758,1,Hemorrhagic Stroke
759,1,Umbilical Cord Bleeding
760,1,Perinatal Arterial Ischemic Stroke
761,1,Hormone Deficiency
762,1,Peripheral Arterial Occlusive Disease
763,1,Characterize and Evaluate Functional After Transplantation
764,1,Adenocarcinoma of Lung
765,1,Central Nervous System Injury
766,1,Diabetic Nephropathies
767,1,Moderate and Severe Plaque Psoriasis
768,1,Macular Holes
769,1,ALS
770,1,Fistula in Ano
771,1,Exercise Physiology
772,1,Skin Pigmentation Over Contour Deformities of Face
773,1,Lupus Erythematosus
774,1,Abdominoplasty Scar Revision
775,1,Multiple Organ Dysfunction Syndrome
776,1,Obstructive Sleep Apnea
777,1,Early Lung Cancer
778,1,HLHS
779,1,Treatment-resistant Bipolar Depression
780,1,Primary Sclerosing Cholangitis
781,1,Polycystic Ovary Syndrome
782,1,Kidney Allograft Fibrosis
783,1,Facetogenic Back Pain
784,1,Atrial Fibrillation
785,1,Renal Transplantation
786,1,Renal Cirrhosis
787,1,Peritoneal Dialysis Complication
788,1,Myeloma Before MV-NIS Treatment
789,1,Patellar Tendinopathy
790,1,Neurocognitive Disorder
791,1,Diabetic Neuropathic Ulcer
792,1,Prehypertension
793,1,Malignant Glioma of Brain
794,1,Tracheal Stenosis
795,1,Immune Related Disorder
796,1,Metastatic Endometrial Carcinoma
797,1,Second- or Third-degree Burns
798,1,Bone Marrow Edema
799,1,Larynx
800,1,"Neoplasms, Nerve Tissue"
801,1,Lung Metastases
802,1,Recurrent Adult Acute Lymphoblastic Leukemia
803,1,Bone Defects
804,1,Periapical Periodontitis
805,1,Cholangiocarcinoma
806,1,Non-small-cell Lung Cancer (NSCLC) Stage IV
807,1,Implant Therapy
808,1,RheumatoId Arthritis
809,1,Aneurysmal Bone Cyst
810,1,Critical Limb Ischemia Due to Buerger's Disease
811,1,Dental Implants
812,1,Peripheral Arterial Disease
813,1,Urinary Bladder Cancer
814,1,"Lymphoblastic Leukemia, Acute Adult"
815,1,Hemodynamic Instability
816,1,Shoulder Pain
817,1,Major Depressive Disorder
818,1,Diabetic Retinopathy
819,1,Atrophic Scar
820,1,Stem Cell Transplant
821,1,Breast Hypoplasia and Facial Ageing
822,1,Cardiomyopathies
823,1,Ocular Corneal Burn
824,1,Limbal Stem-cell Deficiency
825,1,Beta-Thalassemia
826,1,Fistula Vagina
827,1,Corneal Dermoid
828,1,Extracellular Vesicles; Generation and Function
829,1,Toxicity Due to Chemotherapy
830,1,Osteopenia
831,1,HBV
832,1,Turner Syndrome
833,1,Osteonecrosis of Femoral Head
834,1,Non Arteritic Ischemic Optic Neuropathy
835,1,System; Lupus Erythematosus
836,1,Proteinosis
837,1,Interventional
838,1,Smokers
839,1,KRAS NP_004976.2:p.G12D
840,1,Thyroid Diseases
841,1,Safety
842,1,Critical Limb Ischemia and Peripheral Artery Disease
843,1,Bone Marrow Donor
844,1,Hemophilia B
845,1,Interstitial Lung Disease
846,1,Spinal Cord Injury at C5-C7 Level
847,1,Immunogenicity
848,1,"Lupus Erythematosus, Systemic"
849,1,Acetabular Labrum Tear
850,1,Osteochondral Fracture of Talus
851,1,Left Ventricular Dysfunction
852,1,Efficacy and Safety
853,1,Age Problem
854,1,IDH1 wt Allele
855,1,Bone Metastases
856,1,Skin
857,1,Niemann-Pick Diseases
858,1,Radiation Toxicity
859,1,"Lymphoma, B-cell, Aggressive Non-Hodgkin (B-NHL)"
860,1,Male Osteoporosis
861,1,Thrombocytopenia
862,1,New Tumor Diagnostics From Human Plasma Samples
863,1,Ankle Deformity
864,1,Muscle Atrophy
865,1,Rubinstein-Taybi Syndrome
866,1,Lumbar Discogenic Pain
867,1,Acute Ischemic Stroke
868,1,Inborn Errors of Metabolism
869,1,Hematological Malignancy
870,1,"Infarction, Middle Cerebral Artery"
871,1,Recurrent Anaplastic Large Cell Lymphoma
872,1,Chronic Obstructive Pulmonary Disease Severe
873,1,Basal Ganglia Hematoma
874,1,"Chronic Migraine, Headache"
875,1,"Diabetes Mellitus, Type 1"
876,1,Clear Cell Renal Cell Carcinoma
877,1,Chronic Obstructive Pulmonary Disease
878,1,Lumbar Disc Disease
879,1,Nephrotic Syndrome in Children
880,1,Myalgic Encephalomyelitis
881,1,Morquio Disease
882,1,Wilson Disease
883,1,"Liver Failure, Acute on Chronic"
884,1,Kabuki Syndrome 1
885,1,Platinum-Resistant Fallopian Tube Carcinoma
886,1,Safety Issues
887,1,Neurodegenerative Diseases
888,1,Waldenstrom Macroglobulinemia
889,1,Mandible Tumor
890,1,Androgenic Alopecia
891,1,Cartilage Defect
892,1,Cartilage Degeneration
893,1,Adenosine DeAminase Severe Combined ImmunoDeficiency (ADA-SCID)
894,1,Repetition Failure
895,1,Periodontal Intrabony Defect
896,1,Moderate to Severe Hypoxic-ischemic Encephalopathy
897,1,Rare Intellectual Disabilities
898,1,Pancreatic Ductal Adenocarcinoma
899,1,Type2 Diabetes
900,1,Myopathy
901,1,Steroid-resistant Severe aGVHD
902,1,Genetic Disease
903,1,Ulcerative Colitis (UC)
904,1,Disc Degeneration
905,1,Deep Full-thickness Burn Injury (Disorder)
906,1,Secondary Progressive Multiple Sclerosis (SPMS)
907,1,"Cardiomyopathy, Familial"
908,1,Viral Hepatitis B
909,1,Retinal Dystrophies
910,1,Acute Lymphoblastic Leukemia (ALL)
911,1,Acute-graft-versus-host Disease
912,1,Meniscus Injury
913,1,Lung Cancer (Diagnosis)
914,1,"Motor Neuron Disease, Amyotrophic Lateral Sclerosis"
915,1,"Sleep Apnea Syndromes, Obstructive"
916,1,"Multiple Sclerosis, Chronic Progressive"
917,1,"Cerebral Palsy, Spastic"
918,1,Avascular Necrosis of Femur
919,1,Autologous Mesenchymal Stem Cells
920,1,Intrabony Periodontal Defect
921,1,Antibody-mediated Rejection
922,1,High Grade Serous Carcinoma
923,1,Oral Submucous Fibrosis
924,1,Thin Endometrium
925,1,Pancreatic Carcinoma
926,1,Hemoglobinopathies
927,0,
