,count,Conditions
0,28,Knee Osteoarthritis
1,22,Amyotrophic Lateral Sclerosis
2,21,Multiple Sclerosis
3,20,Spinal Cord Injury
4,17,Bronchopulmonary Dysplasia
5,16,Liver Cirrhosis
6,16,Osteoarthritis
7,15,COVID-19
8,15,"Osteoarthritis, Knee"
9,14,Rheumatoid Arthritis
10,12,Diabetic Foot Ulcer
11,12,Critical Limb Ischemia
12,11,Crohn's Disease
13,10,Covid19
14,10,Myocardial Infarction
15,10,Spinal Cord Injuries
16,9,Cerebral Palsy
17,9,Parkinson Disease
18,8,Type 1 Diabetes Mellitus
19,8,Alzheimer Disease
20,8,Alzheimer's Disease
21,8,Prostate Cancer
22,8,Lupus Nephritis
23,8,Stroke
24,7,Acute Respiratory Distress Syndrome
25,7,Heart Failure
26,7,Ischemic Stroke
27,6,Acute Myocardial Infarction
28,6,COVID-19 Pneumonia
29,6,Parkinson's Disease
30,6,Healthy
31,6,Premature Ovarian Failure
32,5,Inflammatory Bowel Diseases
33,5,Osteogenesis Imperfecta
34,5,Cancer
35,5,Neoplasms
36,5,Erectile Dysfunction
37,5,Liver Failure
38,5,Graft Versus Host Disease
39,5,Type 2 Diabetes
40,5,Systemic Lupus Erythematosus
41,5,Ulcerative Colitis
42,5,Degenerative Disc Disease
43,4,Aplastic Anemia
44,4,Graft-Versus-Host Disease
45,4,Systemic Sclerosis
46,4,Pancreatic Cancer
47,4,Primary Biliary Cirrhosis
48,4,Colorectal Cancer
49,4,Dystrophic Epidermolysis Bullosa
50,4,Atopic Dermatitis
51,4,Crohn Disease
52,4,Type 2 Diabetes Mellitus
53,4,Graft Vs Host Disease
54,4,Cystic Fibrosis
55,4,Graft vs Host Disease
56,4,Ischemic Cardiomyopathy
57,4,Multiple System Atrophy
58,4,Decompensated Liver Cirrhosis
59,4,Idiopathic Pulmonary Fibrosis
60,4,Alcoholic Liver Cirrhosis
61,3,Frailty
62,3,Hematopoietic/Lymphoid Cancer|Adult Acute Lymphoblastic Leukemia in Remission|B-cell Adult Acute Lymphoblastic Leukemia|B-cell Chronic Lymphocytic Leukemia|Prolymphocytic Leukemia|Recurrent Adult Diffuse Large Cell Lymphoma|Recurrent Grade 1 Follicular Lymphoma|Recurrent Grade 2 Follicular Lymphoma|Recurrent Grade 3 Follicular Lymphoma|Recurrent Mantle Cell Lymphoma|Refractory Chronic Lymphocytic Leukemia|Stage III Adult Diffuse Large Cell Lymphoma|Stage III Chronic Lymphocytic Leukemia|Stage III Grade 1 Follicular Lymphoma|Stage III Grade 2 Follicular Lymphoma|Stage III Grade 3 Follicular Lymphoma|Stage III Mantle Cell Lymphoma|Stage IV Adult Diffuse Large Cell Lymphoma|Stage IV Chronic Lymphocytic Leukemia|Stage IV Grade 1 Follicular Lymphoma|Stage IV Grade 2 Follicular Lymphoma|Stage IV Grade 3 Follicular Lymphoma|Stage IV Mantle Cell Lymphoma
63,3,Peripheral Vascular Disease|Ischemia|Diabetic Foot
64,3,Acute-On-Chronic Liver Failure
65,3,Degenerative Arthritis|Knee Osteoarthritis
66,3,Dilated Cardiomyopathy
67,3,Autism
68,3,"Respiratory Distress Syndrome, Adult"
69,3,Aging Frailty
70,3,Skin Ulcer Venous Stasis Chronic
71,3,Sepsis
72,3,Septic Shock
73,3,Osteoarthritis of the Knee
74,3,Mesenchymal Stromal Cells|Psoriasis|Drug Effect|Drug Toxicity
75,3,Perianal Fistula
76,3,Fanconi Anemia
77,3,Recessive Dystrophic Epidermolysis Bullosa
78,3,Duchenne Muscular Dystrophy
79,3,Huntington Disease
80,3,Osteoarthritis of Knee
81,3,Non Small Cell Lung Cancer
82,3,Cerebral Infarction
83,3,Type1diabetes
84,3,Rotator Cuff Tear
85,3,Lung Cancer
86,3,Hypertension
87,3,Asthma
88,3,Multiple Myeloma
89,3,Cleft Lip and Palate
90,3,NSCLC
91,2,Gastric Cancer
92,2,Emphysema
93,2,Nonunion Fracture
94,2,Chronic Ischemic Left Ventricular Dysfunction|Myocardial Infarction
95,2,Liver Failure|Mesenchymal Stem Cells
96,2,Thyroid Cancer
97,2,Anal Fistula
98,2,Chronic Periodontitis
99,2,Kidney Transplantation|Acute Kidney Tubular Necrosis
100,2,Xerostomia Following Radiotherapy
101,2,Acute GVH Disease
102,2,Renal Transplant Rejection
103,2,Non-ischemic Dilated Cardiomyopathy
104,2,Kidney Transplantation
105,2,"Multiple Sclerosis, Relapsing-Remitting"
106,2,Severe Aplastic Anemia
107,2,Lateral Epicondylitis
108,2,Nonunion of Fracture
109,2,Coronary Artery Disease
110,2,Pulmonary Hypertension
111,2,Primary Ovarian Insufficiency
112,2,Pneumoconiosis
113,2,Type 2 Diabetes|Mesenchymal Stem Cells
114,2,Stem Cell Transplant Complications
115,2,COVID
116,2,Pulmonary Emphysema
117,2,Spinal Cord Injuries|Paralysis
118,2,Acute Respiratory Distress Syndrome|Covid19
119,2,Epidermolysis Bullosa
120,2,Urinary Incontinence
121,2,Degenerative Arthritis|Knee Arthritis
122,2,Evidence of Liver Transplantation
123,2,"Osteoarthritis, Hip"
124,2,Chronic Myocardial Ischemia
125,2,Ischemic Heart Disease
126,2,Erectile Dysfunction|Type 1 Diabetes Mellitus|Type 2 Diabetes Mellitus
127,2,COPD
128,2,COVID|ARDS
129,2,Chronic Graft-versus-host Disease
130,2,Psoriasis
131,2,Biliary Atresia
132,2,GIST
133,2,Ankylosing Spondylitis
134,2,Bronchopleural Fistula
135,2,Covid19|SARS-CoV-2 PNEUMONIA|COVID-19
136,2,Glioma
137,2,Erectile Dysfunction Associated With Type 2 Diabetes Mellitus
138,2,Retinitis Pigmentosa
139,2,Induced Pluripotent Stem Cells
140,2,"Diabetes Mellitus, Type 2"
141,2,Myelodysplastic Syndromes
142,2,Polymyositis|Dermatomyositis
143,2,Covid 19
144,2,Heart Failure|Cardiomyopathy|Ventricular Dysfunction
145,2,Peripheral Artery Disease|Peripheral Vascular Disease|Critical Limb Ischemia
146,2,"ARDS, Human"
147,2,Decompensated Cirrhosis
148,2,Melanoma
149,2,Tibial Fracture
150,2,Amyotrophic Lateral Sclerosis (ALS)
151,2,Cardiomyopathy|Heart Failure
152,2,Diabetic Foot
153,2,Osteonecrosis
154,2,Knee Osteoarthrosis
155,2,Periodontitis
156,2,Traumatic Brain Injury
157,2,Chronic Kidney Diseases
158,2,Recovery Following Partial Medial Meniscectomy
159,2,Chronic Low Back Pain|Degenerative Disc Disease
160,2,Solid Tumors
161,2,Burns
162,2,Intervertebral Disc Degeneration|Chronic Low-back Pain
163,2,Acute Kidney Injury
164,2,Acute Lung Injury
165,2,Burn
166,2,"Stem Cell Transplantation|Ventricular Dysfunction, Left"
167,2,Acute Graft Versus Host Disease
168,2,Autism Spectrum Disorder
169,2,Chronic Graft-Versus-Host Disease
170,2,Hepatitis B
171,2,Avascular Necrosis of the Femoral Head
172,2,Fecal Incontinence
173,2,Skin Ulcer
174,2,Alcoholic Cirrhosis
175,2,Acute Graft-versus-host Disease
176,2,"Epidermolysis Bullosa Dystrophica, Recessive"
177,2,Diabetes Mellitus
178,2,Chronic Kidney Disease
179,2,Preeclampsia
180,2,Osteoporosis
181,2,Cartilage Injury
182,2,Cicatrix
183,2,Uterine Scar
184,2,Diabetes Mellitus Type 1
185,1,Relapsing-Remitting Multiple Sclerosis|Secondary Progressive Multiple Sclerosis
186,1,Epilepsy
187,1,Critical Limb Ischemia (CLI)
188,1,Chemical Burns
189,1,Romberg's Disease|Craniofacial Microsomia|Lipodystrophy|Mixed Connective Tissue Disease
190,1,Pediatric Cancers|Hematologic Malignancies|Solid Tumors
191,1,Chronic Ischemic Cardiomyopathy|Coronary Artery Bypass Surgery
192,1,MSA
193,1,Diabetes|Peripheral Arterial Disease
194,1,Faecal Incontinence
195,1,Ovarian Cancer
196,1,Infertility|Intrauterine Adhesions
197,1,Discordant Immunological Response in HIV Infected Subjects
198,1,Myocardial Infarction|Acute Myocardial Infarction|Ischemic Cardiomyopathy
199,1,"Brain Injuries, Traumatic|Brain Injuries, Acute|TBI (Traumatic Brain Injury)"
200,1,Metastatic Melanoma
201,1,Non Union Fracture|Metaphyseal Fibrous Defect
202,1,Cartilage Diseases|Osteoarthritis
203,1,Lumbar Degenerative Disc Disease|Lower Back Pain|Chronic Lower Back Pain
204,1,Cardiomyopathy Due to Anthracyclines
205,1,Xerostomia
206,1,Diabetic Foot|Lower Limb Ischemia
207,1,Uremia
208,1,Soft Tissue Sarcoma|Bone Sarcoma
209,1,Sweat Gland Diseases
210,1,Pseudoarthrosis
211,1,Living-relative Kidney Transplantation
212,1,Chronic Pancreatitis|Diabetes
213,1,Chronic Ischemic Heart Disease|Heart Failure|Angina
214,1,Fallopian Tube Carcinosarcoma|Fallopian Tube Clear Cell Adenocarcinoma|Fallopian Tube Endometrioid Adenocarcinoma|Fallopian Tube Mucinous Adenocarcinoma|Fallopian Tube Serous Adenocarcinoma|Fallopian Tube Transitional Cell Carcinoma|Fallopian Tube Undifferentiated Carcinoma|Ovarian Carcinosarcoma|Ovarian Clear Cell Adenocarcinoma|Ovarian Endometrioid Adenocarcinoma|Ovarian Mucinous Adenocarcinoma|Ovarian Seromucinous Carcinoma|Ovarian Serous Adenocarcinoma|Ovarian Transitional Cell Carcinoma|Ovarian Undifferentiated Carcinoma|Platinum-Resistant Fallopian Tube Carcinoma|Platinum-Resistant Ovarian Carcinoma|Platinum-Resistant Primary Peritoneal Carcinoma|Primary Peritoneal Carcinosarcoma|Primary Peritoneal Clear Cell Adenocarcinoma|Primary Peritoneal Endometrioid Adenocarcinoma|Primary Peritoneal Serous Adenocarcinoma|Primary Peritoneal Transitional Cell Carcinoma|Primary Peritoneal Undifferentiated Carcinoma|Recurrent Fallopian Tube Carcinoma|Recurrent Ovarian Carcinoma|Recurrent Primary Peritoneal Carcinoma
215,1,Non-small Cell Lung Cancer
216,1,"Cardiomyopathy, Hypertrophic|Cardiomyopathy, Dilated"
217,1,Knee Injuries
218,1,Focal Segmental Glomerulosclerosis
219,1,Klinefelter Syndrome|Azoospermia
220,1,Malignant Pleural Disease|Mesothelioma|Metastases|Lung Cancer|Breast Cancer
221,1,"Inherited Cardiac Arrythmias|Long QT Syndrome (LQTS)|Brugada Syndrome (BrS)|Catecholaminergic Polymorphic Ventricular Tachycardia (CPVT)|Early Repolarization Syndrome (ERS)|Arrhythmogenic Cardiomyopathy (AC, ARVD/C)|Hypertrophic Cardiomyopathy (HCM)|Dilated Cardiomyopathy (DCM)|Muscular Dystrophies (Duchenne, Becker, Myotonic Dystrophy)|Normal Control Subjects"
222,1,Solid Tumor|Metastatic Cancer
223,1,Psoriasis Vulgaris
224,1,Rejection|Graft Loss
225,1,Diabetic Peripheral Neuropathy
226,1,Cerebral Adrenoleukodystrophy
227,1,Pancreatic Cancer|Benign Pancreatic Disease
228,1,"Lung Diseases, Interstitial|Hematopoietic Stem Cell Transplantation|Bronchiolitis Obliterans"
229,1,Peyronie's Disease
230,1,Alveolar Ridge Augmentation
231,1,"Stroke, Acute"
232,1,Hypoplastic Left Heart Syndrome
233,1,Schizophrenia
234,1,Acute Lung Injury|Acute Respiratory Distress Syndrome
235,1,Graft Versus Host Disease|Acute Graft Versus Host Disease|Chronic Graft Versus Host Disease
236,1,Osteochondral Lesion of Talus
237,1,Liver Regeneration
238,1,Disorder Related to Renal Transplantation|Renal Transplant Rejection
239,1,Retinal Degeneration|Primary Open-angle Glaucoma
240,1,Full Thickness Rotator Cuff Tear
241,1,Malignant Melanoma|Head and Neck Cancer
242,1,Tumor Induced Oncogenic Osteomalacia
243,1,"Urinary Incontinence, Stress"
244,1,Grade B aGVHD|Grade C aGVHD|Grade D aGVHD
245,1,Rotator Cuff Disease
246,1,Coronary Disease|Heart Transplant
247,1,Low Back Pain
248,1,Graft Rejection|Transplantation|Diabetes Mellitus
249,1,Non-Ischemic Heart Failure
250,1,Age Related Macular Degeneration (AMD)
251,1,Chronic Lymphocytic Leukemia|Acute Lymphocytic Leukemia|Lymphoma
252,1,Depression|Anxiety|Eating Disorders|Drug Use Disorders
253,1,Bone Fracture
254,1,Avascular Necrosis of Bone|Sickle Cell Disease
255,1,Paraquat Poisoning|Lung Injury
256,1,Liver Cancer|Pancreatic Cancer|Brain Tumor|Breast Cancer|Ovarian Tumor|Colorectal Cancer|Acute Myeloid and Lymphoid Leukemias
257,1,Treatment Complication
258,1,Non-Small Cell Lung Cancer
259,1,Idiopathic Pulmonary Hemosiderosis
260,1,Metastatic Tumor|Advanced Tumor
261,1,"Renal Insufficiency, Chronic|Nephrotic Syndrome"
262,1,Pediatric Liver Transplantation
263,1,"Lung Adenocarcinoma, Stage I|Diagnoses Diseases|Circulating Tumor Cells|Treatment"
264,1,Tracheomalacia|Tracheal Stenosis
265,1,Chronic Nasal Septum Perforation
266,1,"Foot Ulcer, Diabetic"
267,1,Malaria
268,1,Prostatic Neoplasms|Prostatic Adenoma
269,1,Hereditary Corneal Dystrophy|Keratoconus
270,1,Chronic Granulomatous Disease
271,1,Malignant Solid Tumour
272,1,Human Immunodeficiency Virus
273,1,AMYOTROPHIC LATERAL SCLEROSIS
274,1,Acute Traumatic Spinal Cord Injury
275,1,Cleft Palate
276,1,Cell Transplantation
277,1,Cleft of Alveolar Ridge
278,1,Papillomavirus Infections|Cervical Intraepithelial Neoplasia|Carcinoma In Situ|Vulvar Neoplasms|Vulvar Diseases
279,1,Acute on Chronic Hepatic Failure
280,1,"Infantile Spinal Muscular Atrophy, Type I [Werdnig- Hoffman]"
281,1,Defect of Articular Cartilage|Knee Osteoarthritis
282,1,Hypoxic-Ischemic Encephalopathy
283,1,"Injury of Facial Nerve, Unspecified Side, Initial Encounter"
284,1,Abdominal Aortic Aneurysm
285,1,Female Urinary Incontinence and Pelvic Organ Prolapse
286,1,Alzheimer Dementia
287,1,Abnormal Hematopoiesis|Allogenic Disease|Graft vs Host Disease
288,1,Urticaria|Autoimmune Diseases|Immune System Diseases|Skin Diseases
289,1,Intellectual Deficiency|Asymptomatic Carrier of the Mutation of the Gene MYT1L|Healthy Volunteers
290,1,Motor Neuron Disease
291,1,Marfan's Syndrome
292,1,Urothelial Carcinoma|Head and Neck Cancer|Melanoma|Bladder Urothelial Carcinoma
293,1,"Neoplasms, Nerve Tissue|Neurofibromatosis 1|Heredodegenerative Disorders, Nervous System|Peripheral Nervous System Diseases"
294,1,Lung Metastases|Osteosarcoma
295,1,Hematopoietic Stem Cell Transplantation
296,1,Type1 Diabetes Mellitus|Type2 Diabetes|Islet Cell Transplantation
297,1,"Recurrent Adult Acute Lymphoblastic Leukemia|Recurrent B-Cell Non-Hodgkin Lymphoma|Recurrent Diffuse Large B-Cell Lymphoma|Recurrent Primary Mediastinal (Thymic) Large B-Cell Lymphoma|Refractory Adult Acute Lymphoblastic Leukemia|Refractory B-Cell Non-Hodgkin Lymphoma|Refractory Diffuse Large B-Cell Lymphoma|Refractory Primary Mediastinal (Thymic) Large B-Cell Lymphoma|Recurrent Transformed Non-Hodgkin Lymphoma|Recurrent High Grade B-Cell Lymphoma With MYC, BCL2, and BCL6 Rearrangements|Refractory High Grade B-Cell Lymphoma With MYC, BCL2, and BCL6 Rearrangements|Recurrent B Acute Lymphoblastic Leukemia|Recurrent Diffuse Large B-Cell Lymphoma, Not Otherwise Specified|Recurrent High Grade B-Cell Lymphoma With MYC and BCL2 or BCL6 Rearrangements|Refractory B Acute Lymphoblastic Leukemia|Refractory Diffuse Large B-Cell Lymphoma, Not Otherwise Specified|Refractory High Grade B-Cell Lymphoma With MYC and BCL2 or BCL6 Rearrangements"
298,1,Bone Defects
299,1,Periapical Periodontitis
300,1,Cholangiocarcinoma|Benign Biliary Stricture
301,1,Autism|Autism Spectrum Disorder|ASD
302,1,Non-small-cell Lung Cancer (NSCLC) Stage IV
303,1,Hypoplastic Left Heart Syndrome|Atrioventricular Canal
304,1,Implant Therapy
305,1,"RheumatoId Arthritis|Osteoarthritis, Knee|Osteoarthritis, Hip"
306,1,Aneurysmal Bone Cyst
307,1,Endothelial Dysfunction|Metabolic Syndrome|Chronic Inflammation
308,1,Critical Limb Ischemia Due to Buerger's Disease
309,1,"Myocardial Infarction|Stem Cell Transplantation|Angioplasty, Transluminal, Percutaneous Coronary"
310,1,Dental Implants
311,1,Peripheral Arterial Disease|Cardiovascular Diseases|Vascular Diseases
312,1,Pancreatic Ductal Adenocarcinoma (PDAC)
313,1,Solid Tumors|Lymphoma
314,1,Osteoarthritis|Stem Cells|MSC
315,1,Craniosynostosis
316,1,"Myelodysplastic Syndrome|Previously Treated Myelodysplastic Syndrome|Recurrent Adult Acute Myeloid Leukemia|Recurrent Anaplastic Large Cell Lymphoma|Recurrent Angioimmunoblastic T-Cell Lymphoma|Recurrent Mycosis Fungoides|Recurrent Plasma Cell Myeloma|Recurrent Primary Cutaneous T-Cell Non-Hodgkin Lymphoma|Recurrent T-Cell Non-Hodgkin Lymphoma|Refractory Acute Myeloid Leukemia|Refractory Anaplastic Large Cell Lymphoma|Refractory Angioimmunoblastic T-Cell Lymphoma|Refractory Mycosis Fungoides|Refractory Peripheral T-Cell Lymphoma, Not Otherwise Specified|Refractory Plasma Cell Myeloma|Refractory Primary Cutaneous T-Cell Non-Hodgkin Lymphoma|Refractory T-Cell Non-Hodgkin Lymphoma"
317,1,Recurrent Fallopian Tube Carcinoma|Recurrent Ovarian Carcinoma|Recurrent Primary Peritoneal Carcinoma
318,1,"Retinal Disease|Age-Related Macular Degeneration|Retinitis Pigmentosa|Stargardt Disease|Optic Neuropathy|Nonarteritic Ischemic Optic Neuropathy|Optic Atrophy|Optic Nerve Disease|Glaucoma|Leber Hereditary Optic Neuropathy|Blindness|Vision Loss Night|Vision Loss Partial|Vision, Low|Retinopathy|Maculopathy|Macular Degeneration|Retina Atrophy"
319,1,"Osteoarthritis,Knee"
320,1,"Spinal Cord Injury, Chronic"
321,1,"Cholangitis, Sclerosing|Hepatitis, Autoimmune"
322,1,Fracture|Bone Nonunion
323,1,Pelvic Radiation Therapy|Radiation-induced Hemorrhagic Cystitis
324,1,Osteoarthritis Knee
325,1,Wounds|Diabetic Foot Ulcers|Burns
326,1,Acute Myocardial Infarction|Myocardial Infarction|Ischemic Cardiomyopathy
327,1,Glioblastoma|Gliosarcoma
328,1,Hepatic Cirrhosis
329,1,Diabetic Macular Edema
330,1,Rectal Cancer|Erectile Dysfunction
331,1,Kienböck's Disease
332,1,Non-obstructive Azoospermia
333,1,Chronic Ischemic Cardiomyopathy
334,1,Femoral Neck Fracture
335,1,Bronchiectasis
336,1,Burn Injury
337,1,Chronic Leg Ulcer|Sickle Cell Disease
338,1,Non-Small-Cell Lung Cancer
339,1,Idiopathic Interstitial Pneumonia|Interstitial Lung Disease|Idiopathic Pulmonary Fibrosis
340,1,Blood Coagulation|Platelet Function
341,1,Perianal Fistula|Cryptoglandular Perianal Fistula
342,1,Metabolic Disease|Endothelial Dysfunction
343,1,Diabetic Kidney Disease
344,1,Osteoarthritis Post-meniscectomy
345,1,Malignant Mesothelioma|Pancreatic Cancer|Ovarian Tumor|Triple Negative Breast Cancer|Endometrial Cancer|Other Mesothelin Positive Tumors
346,1,Barrett's Esophagus|Gastroesophageal Reflux Disease
347,1,Amyotrophic Lateral Sclerosis|Primary Lateral Sclerosis|Flail Arm ALS|Progressive Muscular Atrophy|Monomelic Amyotrophy|Motor Neuron Disease|Asymptomatic ALS Gene Carriers|Healthy Controls
348,1,Osteonecrosis of Jaw
349,1,Osteoporosis|Spinal Fractures
350,1,Chronic Renal Failure
351,1,Ulcer
352,1,Leukemia|Lymphoma
353,1,Liver Failure|Liver Neoplasm
354,1,"Foot Ulcer, Diabetic|Epidermal Growth Factor"
355,1,MSCs
356,1,Treatment Resistant Depression
357,1,"Spondylitis|Spondylitis, Ankylosing|Ankylosis|Arthritis|Spondylarthritis|Spondylarthropathies|Spinal Diseases|Musculoskeletal Diseases|Bone Diseases"
358,1,Cerebral Hemorrhage
359,1,End Stage Renal Disease (ESRD)|Vascular Access Complication
360,1,Surgical Leak Fistula
361,1,Blood And Marrow Transplantation|Adult Respiratory Distress Syndrome
362,1,Ultra Filtration Failure
363,1,Extracellular Vesicles
364,1,Cartilage Damage|Degenerative Osteoarthritis
365,1,Breast Cancer
366,1,Brain Injury
367,1,"Ketoacidosis, Diabetic"
368,1,Ovarian Cancer|Peritoneal Carcinomatosis|Fallopian Tube Cancer
369,1,Mandibular Fractures
370,1,Deficiency of Anterior Cruciate Ligament
371,1,Bone Atrophy
372,1,Pulmonary Disease
373,1,Normal Cellular Metabolism
374,1,Alveolar Bone Loss
375,1,Alveolar Bone Loss|Atrophy
376,1,Brain Death
377,1,Edentulous Alveolar Ridge
378,1,Advanced Solid Tumors|EGFR Positive Non-small Cell Lung Cancer|Colorectal Carcinoma|Recurrent Ovarian Carcinoma|BRAF-Mutated Melanoma
379,1,Chronic Lung Allograft Dysfunction (CLAD)
380,1,Liver Transplantation
381,1,Metastatic Malignant Peripheral Nerve Sheath Tumor|Neurofibromatosis Type 1|Recurrent Malignant Peripheral Nerve Sheath Tumor
382,1,"Senescence Wrinkles, Acne, Pitting Scar"
383,1,"Defect of Articular Cartilage|Cartilage Injury|Osteoarthritis, Knee"
384,1,Colitis
385,1,Difficult to Healing of Skin Ulcers
386,1,Ischemia|Peripheral Arterial Disease|Peripheral Vascular Disease|Vascular Disease|Arterial Occlusive Disease|Arteriosclerosis|Atherosclerosis|Cardiovascular Disease|Pathologic Processes|Orthopedic Procedures|Amputation
387,1,Colonic Neoplasms
388,1,Crohn's Disease|Fistulizing Crohn's Disease|Stem Cells
389,1,Fallopian Tube Clear Cell Adenocarcinoma|Fallopian Tube Endometrioid Adenocarcinoma|Fallopian Tube Mucinous Adenocarcinoma|Fallopian Tube Serous Adenocarcinoma|Fallopian Tube Transitional Cell Carcinoma|Fallopian Tube Undifferentiated Carcinoma|Malignant Ovarian Brenner Tumor|Ovarian Clear Cell Adenocarcinoma|Ovarian Endometrioid Adenocarcinoma|Ovarian Mucinous Adenocarcinoma|Ovarian Seromucinous Carcinoma|Ovarian Serous Adenocarcinoma|Ovarian Transitional Cell Carcinoma|Ovarian Undifferentiated Carcinoma|Primary Peritoneal Serous Adenocarcinoma|Recurrent Fallopian Tube Carcinoma|Recurrent Ovarian Carcinoma|Recurrent Primary Peritoneal Carcinoma
390,1,Post-radiotherapy Pulmonary Fibrosis
391,1,Skin Cancer|Metastatic Melanoma
392,1,Diabetic Foot|Critical Limb Ischemia|Mesenchymal Stem Cells|Umbilical Cord
393,1,"Diabetes Mellitus|Diabetes Mellitus, Type 1|Mesenchymal Stem Cells|Umbilical Cord"
394,1,Ulcerative Colitis|Mesenchymal Stem Cells|Umbilical Cord
395,1,Graft Versus Host Disease|Chronic and Expanded Graft Versus Host Disease|Immune System Diseases
396,1,Liver Cirrhosis|Radiology|Mesenchymal Stem Cells|Umbilical Cord
397,1,"Osteoarthritis, Knee|Knee Injuries|Joint Diseases|Rheumatic Diseases|Cartilage Diseases"
398,1,Critical Limb Ischemia (CLI)|Diabetes
399,1,Degenerative Arthritis
400,1,Epidermolysis Bullosa Dystrophica|Epidermolysis Bullosa
401,1,Stable Angina|Heart Failure|Atherosclerosis|Multivessel Coronary Artery Disease
402,1,Solid Tumors|Acute Kidney Injury
403,1,ST-Elevation Myocardial Infarction
404,1,Colon Cancer
405,1,Dementia of the Alzheimer's Type
406,1,Lower Back Pain|Disc Degeneration
407,1,Human Immunodeficiency Virus|Disorder of Immune Reconstitution
408,1,Leg Length Inequality
409,1,Bronchopulmonary Dysplasia|Extremely Premature Infants|Severe BPD That Conventional Therapies Has Failed|No Severe Congenital Anomalies|no Severe IVH Neither Cystic PVL
410,1,Bone Cyst
411,1,Nonunion Fractures
412,1,"Osteoarthritis, Knee|Knee Degenerative Disease|Knee Osteoarthritis"
413,1,Bronchiolitis Obliterans|Lung Transplantation
414,1,Osteoarthritis|Knee Osteoarthritis|Osteochondritis Dissecans|Osteonecrosis
415,1,Crohn's Disease|Fistula
416,1,Cardiomyopathy|Li-Fraumeni Syndrome|Parkinson's Disease|Atherosclerosis|Cardiovascular Capacity
417,1,End-Stage Kidney Disease|Peritoneal Dialysis
418,1,Autism|Tuberous Sclerosis
419,1,Allogeneic Stem Cell Transplantation
420,1,Anterior Cruciate Ligament Injury|Osteoarthritis
421,1,Stem Cell Transplantation
422,1,"Leukemia, B-cell|Lymphoma, Hodgkins|Lymphoma, Non-hodgkins|Lymphoma, B-Cell"
423,1,Intracerebral Hemorrhage (ICH)
424,1,Mesenchymal Stem Cells
425,1,Mesenchymal Stromal Cells
426,1,Chronic Ischemic Heart Disease
427,1,Liver Failure|Kidney Failure
428,1,Non Union/Delayed Fractures
429,1,Coronary Artery Disease|Atherosclerosis
430,1,"Carcinoma, Non-Small Cell Lung|Adenocarcinoma|Carcinoma, Squamous Cell|Carcinoma, Large Cell"
431,1,Peritoneal Carcinomatosis
432,1,Osteoarthritis of Knee Joint
433,1,Liver Fibrosis
434,1,Buerger's Disease
435,1,Middle Cerebral Artery Infarction
436,1,"Stroke|Infarction, Middle Cerebral Artery"
437,1,Alzheimers Disease
438,1,Liver Cirrhosis|Fibrosis|Liver Disease|Digestive System Disease
439,1,Critical Limb Ischemia|Buerger's Disease
440,1,Hereditary Cerebellar Ataxia.
441,1,Degenerative Osteoarthritis|Post-traumatic; Arthrosis|Rheumatoid Arthritis & Other Inflammatory Polyarthropathies|Rheumatoid Arthritis of Subtalar Joint
442,1,Pseudarthrosis After Fusion or Arthrodesis
443,1,Articular Cartilage Lesion of the Femoral Condyle
444,1,Acute Myocardial Infarction|Heart Failure
445,1,Maxillary Cyst|Bone Loss of Substance
446,1,Wilson's Disease
447,1,Hip Arthroplasty
448,1,Progressive Multiple Sclerosis|Neuromyelitis Optica.
449,1,Hereditary Ataxia
450,1,Critical Limb Ischemia|Peripheral Artery Disease
451,1,Breast Neoplasms
452,1,Primary Disease
453,1,"Diabetes Mellitus, Insulin-Dependent"
454,1,Graft-vs-Host Disease
455,1,Recurrent Grade 1 Follicular Lymphoma|Recurrent Grade 2 Follicular Lymphoma|Recurrent Grade 3 Follicular Lymphoma|Recurrent Mantle Cell Lymphoma|Recurrent Non-Hodgkin Lymphoma
456,1,Complex Perianal Fistula
457,1,Progressive Hemifacial Atrophy|Romberg's Disease
458,1,Renal Interstitial Fibrosis
459,1,Chronic Myocardial Ischemia|Left Ventricular Dysfunction
460,1,Bone Marrow Stromal Cells
461,1,Tibia or Femur Pseudo-arthrosis
462,1,HIV Infections|Cytomegalovirus
463,1,Cirrhosis
464,1,Myelodysplastic Syndrome|Leukemia
465,1,Hematological Malignancies
466,1,"Tibial Fractures|Fractures, Open"
467,1,"Hypercholesterolemia, Familial"
468,1,Graft-versus-host Disease|Poor Graft Function|Low Donor T-cell Chimerism
469,1,Type 1 Diabetes
470,1,Wound Healing|Burn
471,1,Soft Tissue Sarcoma|Osteosarcoma
472,1,B-cell Chronic Lymphocytic Leukemia|Extranodal Marginal Zone B-cell Lymphoma of Mucosa-associated Lymphoid Tissue|Nodal Marginal Zone B-cell Lymphoma|Recurrent Grade 1 Follicular Lymphoma|Recurrent Grade 2 Follicular Lymphoma|Recurrent Mantle Cell Lymphoma|Recurrent Marginal Zone Lymphoma|Recurrent Small Lymphocytic Lymphoma|Refractory Chronic Lymphocytic Leukemia|Splenic Marginal Zone Lymphoma|Waldenström Macroglobulinemia
473,1,Congestive Heart Failure
474,1,Kidney Transplant|Chronic Allograft Nephropathy
475,1,"Pulmonary Disease, Chronic Obstructive|Pulmonary Emphysema|Chronic Bronchitis"
476,1,Recurrent Plasma Cell Myeloma|Refractory Plasma Cell Myeloma
477,1,Graft-vs-Host Disease (GVHD)
478,1,Liver Failure|Cirrhosis
479,1,Heart Failure|Myocardial Infarction|Coronary Artery Disease
480,1,Ovarian Cancer|Primary Peritoneal Cavity Cancer
481,1,Kidney Transplant|Kidney Transplant Recipient|Graft Function/Survival|de Novo HLA Antibodies Development
482,1,Myocardial Ischemia|Coronary Heart Disease
483,1,Adult Periodontitis
484,1,Osteodysplasia
485,1,Malignant Glioma
486,1,Glioblastoma Multiforme
487,1,Hemoglobinopathies|Hemolysis|Iron Deficiency and Overload|Anemias
488,1,Osteomalacia|Neoplasms
489,1,"Breast Cancer|Unspecified Adult Solid Tumor, Protocol Specific"
490,1,Graft Versus Host Disease|Leukemia|Myelodysplastic Syndromes
491,1,Glioma|Astrocytoma|Glioblastoma
492,1,Ovarian Cancer|Sarcoma|Small Intestine Cancer
493,1,"Type 1 Diabetes Mellitus|Type 1 Diabetes|Diabetes Mellitus, Insulin-Dependent|Juvenile Diabetes"
494,1,Refractory Systemic Lupus Erythematosus
495,1,Multiple Trauma
496,1,Neurodegenerative Disorders
497,1,Osteogenesis Imperfecta Type II|Osteogenesis Imperfecta Type III
498,1,"Autoimmune Diseases|Immune System Diseases|Demyelinating Diseases|Nervous System Diseases|Demyelinating Autoimmune Diseases, CNS|Autoimmune Diseases of the Nervous System"
499,1,"Leukemia, Myeloid, Acute|Leukemia, Lymphoblastic, Acute|Leukemia, Myelocytic, Chronic|Myeloproliferative Disorders|Myelodysplastic Syndromes|Multiple Myeloma|Leukemia, Lymphocytic, Chronic|Hodgkin's Disease|Lymphoma, Non-Hodgkin"
500,1,Cartilage Injury|Osteoarthritis
501,1,"Tibiotalar Arthrodesis|Subtalar Arthrodesis|Calcaneocuboid Arthrodesis|Talonavicular Arthrodesis|Double Arthrodesis (i.e. Calcaneocuboid and Talonavicular)|Triple Arthrodesis (i.e. Subtalar, Calcaneocuboid, and Talonavicular)"
502,1,Systemic Sclerosis|Mesenchymal Stem Cells
503,1,Sickle Cell Disease|Thalassemia|Diamond-Blackfan Anemia
504,1,Autologous Transplantation|Diabetic Foot
505,1,Hepatic Disorders|Eye Disorders
506,1,Sjogren's Syndrome|Mesenchymal Stem Cells
507,1,"Chronic Hepatitis B, Gestation"
508,1,Degenerative Arthritis|Chondral Defects|Osteochondral Defects
509,1,Defect of Articular Cartilage
510,1,Ischemia|Stroke
511,1,Bone Neoplasms
512,1,Organ Transplantation
513,1,Pened Chest Surgery for Programmes Coronary Bypass
514,1,Graft-versus-host-disease
515,1,Acute Leukemia
516,1,Mesenchymal Tumor|Carcinosarcoma|Leiomyosarcoma
517,1,Diabetic Wounds|Venous Stasis Wounds
518,1,Relapsing-Remitting Multiple Sclerosis|Secondary Progressive Multiple Sclerosis|Progressive Relapsing Multiple Sclerosis
519,1,Osteochondritis of the Femoral Head
520,1,Heart Failure Class II or III
521,1,"Pregnant, Healthy Females|Healthy Male Newborns"
522,1,Advanced Cancers (Solid Tumors)
523,1,Heart Disease|Blocked Arteries|Coronary Ischemia|Coronary Disease|Coronary Artery Disease|Coronary Atherosclerosis
524,1,Neuroblastoma
525,1,Graft vs Host Disease|Graft-Versus-Host Disease
526,1,Kidney Transplant
527,1,Hip Osteoarthritis
528,1,Intervertebral Disc Disease
529,1,Oncogenic Osteomalacia|Mesenchymal Tumor
530,1,"Achilles Tendinitis, Right Leg|Achilles Tendinitis|Achilles Degeneration|Achilles Tendon Thickening|Tendinopathy|Achilles Tendinitis, Left Leg"
531,1,Foreign-Body Reaction|Inflammation|Effusion (L) Knee|Knee Pain Swelling
532,1,Postoperative Air Leaks in Risk Patients
533,1,Liposarcoma|Osteogenic Sarcoma|Ewing/Ewing-like Sarcoma|Rhabdomyosarcoma|Mesenchymal Chondrosarcoma
534,1,Graft -Versus-host-disease
535,1,Renal Transplant Rejection|Fibrosis
536,1,Recurrent Glioblastoma Multiforme|Progressive Glioblastoma Multiforme|Anaplastic Astrocytoma or Gliosarcoma
537,1,Bone Marrow Edema
538,1,Graft-versus-host Disease|Relapse
539,1,Head and Neck Cancer
540,1,Prostate Cancer|Renal Cell Carcinoma|Bladder Cancer|Colorectal Cancer|Gastric Cancer|Pancreatic Cancer|Non-small Cell Lung Cancer|Advanced MET Amplified Solid Tumor
541,1,"Hematopoietic/Lymphoid Cancer|Non-hodgkin Lymphoma,B Cell|Mantle Cell Lymphoma"
542,1,"Stem Cell Transplantation, Hematopoietic|Poor Graft Function|Hematological Diseases"
543,1,"Stem Cell Transplantation, Hematopoietic|CMV Infection|Hematological Diseases"
544,1,Cytopenia
545,1,Relapsing Remitting Multiple Sclerosis (RRMS)
546,1,Lipodystrophies|Aesthetics Procedure
547,1,Chronic Meniscal Injury
548,1,Hematologic Malignancies
549,1,Chronic Heart Failure
550,1,Metastatic Progressive Castration-resistant Prostate Cancer|Metastatic Progressive Breast Cancer
551,1,Male Infertility
552,1,Bronchopulmonary Dysplasia|Respiratory Tract Infections|Premature Birth of Newborn
553,1,Age Related Macular Degeneration
554,1,Idiopathic Pulmonary Fibrosis (IPF)
555,1,Kidney Transplant Rejection
556,1,Bladder Cancer
557,1,Aggressive Periodontitis|Chronic Periodontitis
558,1,Articular Cartilage Defect
559,1,Improved Healing of Scarred Vocal Folds|Improved Vocal Fold Status|Improved Vocal Fold Function
560,1,Type 1 Diabetes|End Stage Renal Disease
561,1,Hypoxic Ischemic Encephalopathy
562,1,Skin Burn Degree Second
563,1,Erectile Dysfunction|Cardiac Disease
564,1,Sarcoma|Osteosarcoma|Neuroblastoma|Melanoma
565,1,"Acute Respiratory Distress Syndrome, Adult"
566,1,Leukemia|Multiple Myeloma
567,1,Renal Artery Stenosis|Ischemic Nephropathy|Renovascular Disease|Chronic Kidney Disease
568,1,Liver Transplant Rejection
569,1,Group 1: Trauma Operation for Otherwise Healthy Patients|Group 2: Primary Tumors of Mesenchymal Origin
570,1,Devic's Syndrome|Devic's Neuromyelitis Optica|Devic Syndrome|Devic's Disease|Devic Disease
571,1,Ataxia-Telangiectasia (A-T)
572,1,"Stem Cell Transplantation, Hematopoietic|Poor Graft Function|Delayed Platelet Engraftment|Hematological Diseases"
573,1,Delayed Graft Function
574,1,Duchenne's Muscular Dystrophy
575,1,Atrophic Nonunion of Fracture
576,1,CKDu|Arterial Stiffness|Proteinuria|Serum Creatinine|Urinary Biomarkers|DNA Adducts
577,1,Ischemic-type Biliary Lesions
578,1,Neoplasms|Neoplasm Metastasis
579,1,Complications of Organ Transplant Stem Cells Umbilical Cord
580,1,SYSTEMIC SCLERODERMA|ALLOGENEIC MESENCHYMAL STEM CELLS|ADULT
581,1,Hemophilia
582,1,Anoxic Brain Injury
583,1,Partially Edentulous Maxilla|Alveolar Bone Atrophy|Alveolar Bone Loss
584,1,Dystrophy
585,1,Retinoblastoma
586,1,Lung Transplant Reject|Bronchiolitis Obliterans
587,1,Acute Lymphoblastic Leukemia|Acute Myelogenous Leukemia|Myelodysplastic Syndromes|Myelofibrosis|Relapsed Non-Hodgkin Lymphoma|Refractory Non-Hodgkin Lymphoma|Hodgkin Lymphoma|Refractory Hodgkin Lymphoma|Relapsed Chronic Lymphocytic Leukemia|Refractory Chronic Lymphocytic Leukemia|Lymphoid Malignancies|Chronic Myelogenous Leukemia
588,1,Chronic Renal Failure|Polycystic Kidney Disease
589,1,Multiple Sclerosis (MS)
590,1,Retinal Disease|Bestrophinopathy|Best Vitelliform Macular Dystrophy|Adult Onset Vitelliform Macular Dystrophy|Autosomal Dominant Vitreoretinalchoroidopathy
591,1,Oropharyngeal Cancer
592,1,Neutropenic Enterocolitis|Myeloablative Chemotherapy Induced Bone Marrow Aplasia
593,1,Relapsed or Refractory B-Cell Non-Hodgkin Lymphoma
594,1,Papillary Renal Cell Cancer
595,1,"Articular Cartilage Disorder of Knee|Osteoarthritis, Knee"
596,1,Primary Idiopathic Dilated Cardiomyopathy
597,1,Head-and-Neck Squamous Cell Carcinoma
598,1,Chronic Graft Versus Host Disease
599,1,Lung Transplantation
600,1,CD30 Positive Cutaneous T Cell Lymphoma|CD30 Positive Transformed Mycosis Fungoides
601,1,Gastric Intestinal Metaplasia
602,1,Cerebellar Ataxia
603,1,The Sequelae Caused by Severe Brain Injury
604,1,Autoimmune Hepatitis
605,1,Rheumatoid Arthritis Aggravated
606,1,Head and Neck Cancer|Oral Mucositis
607,1,Retinal Disease|Macular Degeneration|Hereditary Retinal Dystrophy|Optic Nerve Disease|Glaucoma
608,1,Type I Diabetes Mellitus With Ulcer|Type II Diabetes Mellitus With Ulcer
609,1,Chronic Disease
610,1,"Alzheimer Disease|Dementia|Brain Diseases|Central Nervous System Diseases|Nervous System Diseases|Tauopathies|Neurodegenerative Diseases|Delirium, Dementia, Amnestic, Cognitive Disorders|Mental Disorders"
611,1,Osteonecrosis of the Femoral Head
612,1,"Stroke, Ischemic"
613,1,Ischemic Dilated Cardiomyopathy
614,1,Lumbar Intervertebral Disc Degeneration
615,1,Healthy Volunteers
616,1,Degenerative Osteoarthritis|Defect of Articular Cartilage
617,1,Healing of Fracture
618,1,Acute Leukemia|Chronic Leukemia|Myelodysplastic Syndrome|Lymphoma|Myeloma
619,1,Perianal Fistula|Primary; Complex
620,1,Avascular Necrosis of Femur Head
621,1,"Spondyloarthrosis, Spondylosis"
622,1,"Osteoarthritis, Knee|Arthritis of Knee|Knee Osteoarthritis"
623,1,Cancer of Head and Neck
624,1,Limbus Corneae Insufficiency Syndrome
625,1,Peripheral Vascular Diseases
626,1,"Lumbar Spondylolisthesis Involving L4-L5, and/or|Degenerative Discopathy Involving L4-L5"
627,1,Graft-Versus-Host Disease|GVHD|Allogeneic Hematopoietic Transplant|Disorder Related to Transplantation
628,1,Recto-vaginal Fistula
629,1,Non Traumatic Osteonecrosis of the Femoral Head (Hip)
630,1,Osteoporotic Fractures
631,1,Union
632,1,Liver Cirrhosis|End Stage Liver Disease
633,1,Degeneration Articular Cartilage Knee
634,1,Nonrevascularizable Critical Ischemia of the Lower Limbs
635,1,Perianal Crohn's Disease
636,1,ARDS
637,1,Eletrophysiology of iPS-derived Cardiomyocytes
638,1,"Thoracic Diseases|Respiratory Tract Diseases|Cancer of Lung|Cancer of the Lung|Lung Cancer|Lung Diseases, Obstructive|COPD|Pulmonary Emphysema|Neoplasms, Lung|Neoplasms, Pulmonary|Pulmonary Cancer|Pulmonary Neoplasms|Carcinoma, Non-Small-Cell Lung|Carcinoma, Small Cell"
639,1,Periodontal Pocket
640,1,Degenerative Disc Disease|Intervertebral Disc Disease|Low Back Pain
641,1,Immune Function in Blood|Liver Function in Blood|Variation of Ascites|Characters of Quality of Life|Child-Pugh Score
642,1,Septic Shock|Nonchemotherapy Drug-induced Neutropenia|Neutropenia After Chemotherapy in Oncohematological Patients|Neutropenia in Patients With Aplastic Anemia
643,1,Estrogen Receptor Negative|Estrogen Receptor Positive|Head and Neck Squamous Cell Carcinoma|HER2/Neu Negative|HER2/Neu Positive|Invasive Breast Carcinoma|Progesterone Receptor Negative|Progesterone Receptor Positive|Recurrent Head and Neck Carcinoma|Stage IV Breast Cancer|Triple-Negative Breast Carcinoma
644,1,Children|Solid Tumors|Metastases
645,1,Diabetic Nephropathy|Type 2 Diabetes
646,1,"Delayed Union After Fracture of Humerus, Tibial or Femur"
647,1,Atherosclerotic Renal Artery Stenosis|Ischemic Nephropathy|Renovascular Hypertension
648,1,Progressive Supranuclear Palsy
649,1,Mild Cognitive Impairment
650,1,Inherited Arrhythmias and Valvulopathies
651,1,Fibromuscular Dysplasia|Early Onset CAD
652,1,Pulmonary Arterial Hypertension
653,1,DIABETES Mellitus Type 2 Not Well Controlled
654,1,Breast Reconstruction|Contour Irregularities|Volume Insufficiency
655,1,Chronic Effect of Ultraviolet Radiation on Photoaged Skin|Dermatologic Disorders
656,1,ST Segment Elevation Myocardial Infarction (STEMI)|Allogeneic Mesenchymal Bone Marrow Cells
657,1,Hematopoietic Stem Cell Transplantation|Mesenchymal Stem Cells|Umbilical Cord Blood|Graft Failure|Hematological Diseases
658,1,"Stem Cell Transplantation, Hematopoietic|Mesenchymal Stem Cells|Poor Graft Function|Hematological Diseases"
659,1,Heart Failure|Ischemic Cardiomyopathy
660,1,Refractory Soft Tissue Sarcomas
661,1,Coronary Artery Disease|Ischemic Cardiomyopathy
662,1,Non Healing Wounds
663,1,Premature Ovarian Failure，
664,1,Surgically-Created Resection Cavity
665,1,Larynx|Lip|Oral Cavity|Pharynx
666,1,Perinatal Arterial Ischemic Stroke|Neonatal Stroke
667,1,Second- or Third-degree Burns
668,1,Spinal Tuberculosis|Mesenchymal Stem Cell
669,1,MSCs Derived Pleiotropic Factors on Wound Healing in Endonasal Surgeries
670,1,Covid19|Corona Virus Infection|SAR
671,1,Covid19 Pneumonia
672,1,"Covid19|ARDS, Human"
673,1,Severe Acute Respiratory Syndrome Coronavirus 2
674,1,Rectovaginal Fistula|Crohn Disease|Crohn Disease of Vulva|Rectolabial; Fistula
675,1,Ileal Pouch|Crohn Disease
676,1,Perianal Crohn Disease|Perianal Fistula|Crohn Disease
677,1,Colorectal Neoplasms
678,1,T2D
679,1,Metabolism
680,1,Untreated Advanced NSCLC Patients|FISH Identified ALK Fusion Positive or Negative
681,1,Degenerative Disc Disease|Low Back Pain|Disc Degeneration
682,1,Covid19|Corona Virus Infection|SARS-CoV Infection|ARDS|Coronavirus
683,1,"Covid19|ARDS|Pneumonia, Viral"
684,1,2019 Novel Coronavirus Pneumonia|COVID-19
685,1,Covid19|Cytokine Release Syndrome|Critical Illness|ARDS
686,1,COVID-19|Acute Respiratory Distress Syndrome|Corona Virus Infection
687,1,Corneal Ulcer|Corneal Disease|Corneal Dystrophy
688,1,Autism Spectrum Disorder|Autism
689,1,Hirschsprung Disease
690,1,COVID-19|Sars-CoV2
691,1,Acute Respiratory Distress Syndrome|ARDS (Moderate or Severe)|COVID-19 Pneumonia
692,1,Limb Ischemia|Diabetic Foot
693,1,Endothelial Dysfunction
694,1,COVID|Pulmonary Infection|Sars-CoV2
695,1,Trophic Ulcer
696,1,Precursor Cell Lymphoblastic Leukemia-Lymphoma
697,1,Multisystem Inflammatory Syndrome in Children (MIS-C) Associated With Coronavirus Disease (COVID-19)
698,1,"ARDS, Human|Covid-19"
699,1,Metastatic HPV-16 Positive Squamous Cell Anal Cancer
700,1,Covid19|Acute Respiratory Distress Syndrome
701,1,MSCs-PFs in Treating Poorly Healed Wounds of Postoperative Incision
702,1,Allergic Asthma|Severe Eosinophilic Asthma
703,1,Advanced Breast Cancer
704,1,Hiv
705,1,Myelomeningocele
706,1,Ulcer Venous
707,1,Anterior Cruciate Ligament Injury|Anterior Cruciate Ligament Rupture
708,1,Diabete Type 2|Mesenchymal Stem Cell
709,1,Anatomic Stage IV Breast Cancer AJCC v8|Metastatic Lung Non-Small Cell Carcinoma|Metastatic Malignant Solid Neoplasm|Metastatic Triple-Negative Breast Carcinoma|Metastatic Urothelial Carcinoma|Prognostic Stage IV Breast Cancer AJCC v8|Stage IV Lung Cancer AJCC v8|Stage IVA Lung Cancer AJCC v8|Stage IVB Lung Cancer AJCC v8
710,1,Pancreas Adenocarcinoma
711,1,Ovarian Cancer|Fallopian Tube Adenocarcinoma|Primary Peritoneal Cavity Cancer
712,1,Steroid-refractory Acute Graft-versus-host Disease
713,1,"ARDS, Human|Covid19"
714,1,Mesenchymal Stromal Cells|Cornea|Safety|Corneal Defect
715,1,COVID19 ARDS
716,1,"Keratoconjunctivitis Sicca, in Sjogren's Syndrome"
717,1,Acute Respiratory Distress Syndrome|COVID-19 Pneumonia
718,1,Crohn's Fistula
719,1,Interstitial Cystitis|Stem Cell Transplant|Mesenchymal Stem Cell
720,1,Arthritis|Hip Osteoarthritis|Degenerative Arthritis|Hip Arthritis
721,1,Chronic Kidney Diseases|Calciphylaxis|Calcific Uremic Arteriolopathy|Treatment
722,1,Malignant Pleural Mesothelioma (MPM)
723,1,Covid19|Prophylaxis
724,1,COVID-19 Infection|COVID-19-Associated Acute Respiratory Distress Syndrome|Hematopoietic and Lymphoid Cell Neoplasm|Malignant Solid Neoplasm|Symptomatic COVID-19 Infection Laboratory-Confirmed
725,1,Diabetic Nephropathy
726,1,Aplastic Anemia|Bone Marrow Failure Syndrome
727,1,Burn Scar
728,1,Multisystem Inflammatory Syndrome in Children
729,1,Crohn Colitis
730,1,Pulp Necroses|Apical Periodontitis
731,1,Drug-resistant
732,1,Squamous Cell Carcinoma of the Head and Neck
733,1,COVID-19|ARDS|Acute Respiratory Distress Syndrome
734,1,"Osteoarthritis, Knee|Osteoarthritis, Hip|Osteoarthritis Shoulder"
735,1,Multiple Organ Failure
736,1,"Corona Virus Infection|ARDS|ARDS, Human|Acute Respiratory Distress Syndrome|COVID-19"
737,1,Covid-19 Pneumonia|Cyotokine Storm
738,1,Osteo Arthritis Knee
739,1,Cancer|Melanoma|Solid Tumor|Squamous Cell Carcinoma of Head and Neck|Breast Cancer|Advanced Solid Tumor|Triple Negative Breast Cancer|Colorectal Carcinoma|Non-melanoma Skin Cancer|Liver Metastases
740,1,COVID|Respiratory Distress Syndrome
741,1,Coronavirus Disease 2019 (COVID-19)
742,1,Sars-CoV2|Acute Respiratory Distress Syndrome|COVID-19
743,1,"Glomerulonephritis , IGA"
744,1,Respiratory Tract Diseases
745,1,Age-Related Macular Degeneration
746,1,Severe Acute Respiratory Syndrome Coronavirus 2|Severe Acute Respiratory Distress Syndrome
747,1,Acute Leukemia|Myelodysplastic Syndromes
748,1,Heart Attack
749,1,Keloid
750,1,Chronic Heart Failure|Non-ischemic Cardiomyopathy|Non-ischemic Dilated Cardiomyopathy
751,1,Lupus Nephritis|Mesenchymal Stem Cells
752,1,Use of Stem Cells for COVID-19 Treatment
753,1,Chondral or Osteochondral Lesion of Talus
754,1,Shoulder Arthritis
755,1,Mesenchymal Chondrosarcoma
756,1,Alveolar Bone Atrophy
757,1,Hoarseness|Dysphonia|Aphonia|Vocal Fold; Scar
758,1,HER2-positive Breast Cancer
759,1,Corona Virus Disease 2019(COVID-19)
760,1,Severe Pneumonia
761,1,Otitis Media Chronic|Temporal Bone
762,1,Transplantation Infection|Kidney Transplant; Complications|Stem Cell Transplant Complications|Liver Transplant; Complications|Microbial Colonization
763,1,Ischemic Stroke|Adipose Tissue-derived Stem Cell|Functional Status
764,1,Coronavirus
765,1,"Sclerosis, Systemic|Mesenchymal Stem Cells"
766,1,Liver Cirrhoses
767,1,"ARDS, Human|COVID"
768,1,NSCLC Stage IV
769,1,"Periodontitis, Chronic"
770,1,Stress Urinary Incontinence
771,1,Coronavirus Infection
772,1,COVID-19|Acute Kidney Injury|Sepsis
773,1,Gingival Recession
774,1,Acute Stroke
775,1,Systemic Sclerosis Pulmonary|Pulmonary Hypertension|Pulmonary Fibrosis
776,1,Chronic Endometritis|Uterus; Scar|Uterine Synechiae|Fallopian Tube Obstruction
777,1,NSCLC Patients
778,1,"Gastrointestinal Epithelial Cancer|Gastrointestinal Neoplasms|Cancer of Gastrointestinal Tract|Cancer, Gastrointestinal|Gastrointestinal Cancer|Colo-rectal Cancer|Pancreatic Cancer|Gall Bladder Cancer|Colon Cancer|Esophageal Cancer|Stomach Cancer"
779,1,Postoperative Delirium|General Anesthesia|Exosomes|Clock Gene|Circadian Rhythm Disorders
780,1,Lumbar Disc Degeneration|Lumbar Disc Herniation
781,1,Facet-Mediated Low Back Pain
782,1,COVID|Corona Virus Infection|COVID19
783,1,Healthy Volunteers for Bone Marrow Donation
784,1,Covid19|Pneumonia|Multiple Organ Failure|Corona Virus Infection
785,1,End Stage Renal Disease
786,1,COVID-19|SARS-CoV 2|Adult Respiratory Distress Syndrome
787,1,Corona Virus Infection|Pneumonia
788,1,Ischemia Reperfusion Injury
789,1,Bradykinesia
790,1,Corona Virus Infection|COVID-19|SARS|Acute Respiratory Distress Syndrome
791,1,Oocyte Maturation
792,1,"COVID|Covid-19|Coronavirus|Pneumonia|Pneumonia, Viral|Pneumonia, Interstitial|Sars-CoV2"
793,1,ARDS|COVID-19
794,1,Mesenchymal Stromal Cells|Remestemcel-L|Acute Respiratory Distress Syndrome|COVID
795,1,Moderate to Severe Acute Respiratory Distress Syndrome Associated With COVID-19
796,1,Sars-CoV2
797,1,Covid-19
798,1,Brachial Plexus Neuropathies
799,1,"Glioblastoma|Adult Gliosarcoma|Neoplasms, Brain|Neoplasms, Germ Cell and Embryonal|Recurrent Glioblastoma"
800,1,Covid19|Corona Virus Infection|SARS (Severe Acute Respiratory Syndrome)|Acute Respiratory Distress Syndrome
801,1,Adenovirus Infection|BK Virus Infection|Cytomegaloviral Infection|Hematopoietic and Lymphoid Cell Neoplasm|JC Virus Infection|Malignant Solid Neoplasm|Symptomatic COVID-19 Infection Laboratory-Confirmed
802,1,Solid Tumor|Glioblastoma|Glioblastoma Multiforme|Glioblastoma Multiforme of Brain
803,1,Idiopathic Parkinson's Disease
804,1,Umbilical Cord of Normal Labor
805,1,Glioblastoma Multiforme|Anaplastic Astrocytoma|Gliosarcoma
806,1,"Pouch, Ileal|Fistula"
807,1,Renal Cell Cancer|Melanoma|Non-Small-Cell Lung Cancer|Hepatocellular Cancer|Bladder Cancer|Sarcoma|Head and Neck Cancer|Colorectal Cancer|Ovarian Cancer|Squamous Cell Carcinoma
808,1,Spinal Cord Injury Cervical
809,1,"Glioblastoma Multiforme|Glioblastoma Multiforme, Adult|Supratentorial Glioblastoma|Supratentorial Gliosarcoma"
810,1,"Uveal Melanoma, Metastatic"
811,1,"Myocardial Infarction, Acute|Myocardial Infarction First|Myocardial Infarction, Anterior Wall|Cardiac Remodeling, Ventricular|STEMI|Regenerative Medicine|Heart Failure"
812,1,Familial Hypercholesterolemia
813,1,Chronic Kidney Disease Stage 3B|Chronic Kidney Disease stage4
814,1,Perianal Fistula Due to Crohn's Disease|Fistula in Ano
815,1,Intracerebral Hemorrhage；Circulating Exosomes
816,1,Covid19|Cytokine Storm
817,1,Lupus
818,1,Vertebral Compression Fracture|Osteoporotic Fractures
819,1,Corona Virus Infection|Covid19
820,1,Patients With Chronic Low Back Pain Due to Degenerative Lumbar Disc
821,1,Neurodevelopmental Disabilities|Emotional Regulation|Epigenetics|Parental Factors
822,1,Diabetes
823,1,"Bone Loss, Osteoclastic|Bone Loss, Alveolar|Alveolar Bone Loss|Alveolar Bone Atrophy|Grafting Bone"
824,1,Ischemic Heart Disease|Lung Injury|Non-cardiac Surgery
825,1,Advanced Gastric Adenocarcinoma|Immunotherapy
826,1,"Heart Failure, Systolic"
827,1,Advanced NSCLC
828,1,Cardiovascular Diseases|Congestive Heart Failure|Dilated Cardiomyopathy
829,1,Bone Loss
830,1,"Sepsis|Septic Shock|Sepsis Syndrome|Sepsis Bacterial|Sepsis, Severe|Sepsis Bacteremia"
831,1,Chronic Pancreatitis|Mesenchymal Stem Cells
832,1,Osteosarcoma|Pulmonary Metastases
833,1,Transgenderism
834,1,Non-Small Cell Lung Carcinoma
835,1,Small Cell Lung Cancer
836,1,COVID-19|Critical Illness|Hypercytokinemia|Lung Fibrosis
837,1,Hemophilia A|Hemophilia B|Arthropathy
838,1,Hodgkin Lymphoma|Non Hodgkin Lymphoma
839,1,Neoplasms|Neoplasm Metastasis|Metastatic Gastrointestinal Carcinoid Tumor
840,1,Allergic Rhinitis|Rhinosinusitis Chronic
841,1,Diabetic Foot Ulcer|Cutaneous Ulcer
842,1,Pitt Hopkins Syndrome
843,1,Moderate to Severe Nasolabial Fold Wrinkles
844,1,Ovarian Failure
845,1,Tourette Syndrome
846,1,Testicular Injury|Oligospermia
847,1,Spinal Cord Injuries|Congenital Muscular Dystrophy Due to Lamin A/C Mutation|Psoriatic Arthritis
848,1,Peripheral Neuropathy|Trigeminal Neuralgia
849,1,Allergic Rhinitis
850,1,Erectile Dysfunction|Peyronie's Disease|Interstitial Cystitis
851,1,Congestive Heart Failure|Angina
852,1,Eye Diseases|Retinitis Pigmentosa|Glaucoma|Diabetic Retinopathy|Macular Degeneration|Traumatic Optic Neuropathy|Optic Atrophy
853,1,Pulmonary Disease|Asthma|Chronic Obstructive Pulmonary Disease
854,1,Osteoarthritis|Spinal Arthritis
855,1,Pneumonia|Hematopoietic Stem Cell Transplantation
856,1,Crohn Disease|IBD - Irritable Bowel Disease
857,1,Depression
858,1,"Muscular Dystrophies|Muscular Dystrophy, Duchenne|Muscular Disorders, Atrophic|Muscular Diseases|Neuromuscular Diseases|Genetic Diseases, X-Linked|Genetic Diseases, Inborn|Nervous System Diseases"
859,1,Post COVID-19 Syndrome
860,1,Pyoderma Gangrenosum
861,1,Cell- and Tissue-Based Therapy|Cartilage Injury|Knee Injuries
862,1,Covid19|Postviral Syndrome|Dyspnea
863,1,Multiple Myeloma|Relapse Multiple Myeloma
864,1,Urologic Diseases|Erectile Dysfunction With Diabetes Mellitus
865,1,COVID-19 Disease
866,1,Covid19|ARDS|Hypoxia|Cytokine Storm
867,1,Diabetes Mellitus|Ischemic Heart Disease
868,1,Otitis Media Chronic|Tympanic Membrane Perforation
869,1,"Diffuse Intrinsic Pontine Glioma|Medulloblastoma, Childhood, Recurrent"
870,1,Covid-19|Cytokine Storm
871,1,Multiple Sclerosis|Progressive Multiple Sclerosis
872,1,SARS-CoV-2
873,1,Diffuse Large-Cell Lymphoma|Primary Mediastinal Large B-Cell Lymphoma (PMBCL)|Transformed Follicular Lymphoma (TFL)|High-grade B-cell Lymphoma (HGBCL)
874,1,Hematopoietic and Lymphoid Cell Neoplasm|Steroid Refractory Graft Versus Host Disease
875,1,Post-Concussion Syndrome
876,1,Thyroid Gland Carcinoma|Thyroid Gland Nodule
877,1,Covid19|ARDS
878,1,Urologic Cancer
879,1,Lung Transplant Rejection
880,1,Coronavirus Disease 2019 (COVID-19) Pneumonia
881,1,Stem Cells|Anti-Bacterial Agents
882,1,Chronic Pain
883,1,Epidermal Necrolysis|Lyell Syndrome|Toxic Epidermal Necrolysis|Overlap Syndrome|Mesenchymal Stromal Cells|Adipose Derived Stromal Cells
884,1,Diminished Ovarian Response
885,1,Chronic Renal Failure|Urinary Extracellular Vesicle
886,1,Metabolic Syndrome|Healthy Volunteers
887,1,Myocardial Ischemia
888,1,D017202
889,1,"Burn; Multiple Body Regions, Max. Second Degree|Third-Degree Burn|Burn Degree Second"
890,1,Autoimmune Diseases|Cardiovascular Disorders|Diabetes Complications|Integumentary Disease|Musculoskeletal Disorders|Neurodegenerative Disorders|Neurologic Disorders|Pulmonary Disorders|Sexual Dysfunction|Urologic Disorders|Viral Illness
891,1,Primary Ovarian Insufficiency|Premature Ovarian Failure
892,1,Knee Osteoarthritis|Chondropathy
893,1,Patients Who Receive Thoracic Irradiation
894,1,Supraspinatus Tear
895,1,Metastatic Triple-Negative Breast Carcinoma
896,1,Skin Graft
897,1,Retinitis Pigmentosa (RP)
898,1,Traditional Chinese Medicine|Drug Effect|Drug Safety|Psoriasis|Mesenchymal Stromal Cells
899,1,Sports Drug Abuse
900,1,Perianal Fistula Due to Crohn's Disease (Disorder)
901,1,Prostate Cancer|Urothelial Carcinoma
902,1,Thyroid Cancer|Papillary Thyroid Cancer|Follicular Thyroid Cancer
903,1,Heart Failure|Ischemic Heart Disease
904,1,Lung Cancer|Exosomes|Non Small Cell Lung Cancer
905,1,"Myocardial Ischemia|Ventricular Dysfunction, Left"
906,1,Heart Transplant Rejection
907,1,Pulmonary Emphysema|Mesenchymal Stromal Cells
908,1,Frailty Syndrome
909,1,Oral Premalignant Lesions
910,1,Acute Respiratory Distress Syndrome|Ards
911,1,Ependymoma
912,1,COVID-19 Acute Respiratory Distress Syndrome
913,1,Adypose Mesenchimal Stem Cell|Ligament Rupture|Ligament Derived Conditined Medium
914,1,SARS-CoV-2 Infection( COVID-19 )
915,1,Relapsed or Refractory B-cell Lymphoma
916,1,Irritable Bowel Disease
917,1,Methanol Poisoning|Toxic Optic Neuropathy|Stem Cell Tyrosine Kinase 1 Y842X|Magnetic Field Exposure
918,1,"Multiple System Atrophy|Parkinsonism|Multiple System Atrophy, Parkinson Variant"
919,1,"Chronic Kidney Diseases|Diabetes Mellitus, Type 2|Diabetes Mellitus, Type 1|Diabetes Mellitus|Diabetic Nephropathies"
920,1,Mesenchymal Stem Cells|Knee Osteoarthritis|Cell Therapy
921,1,Rectal Cancer|Liquid Biopsy
922,1,Sepsis|Critical Illness
923,1,Perianal Fistula|Crohn's Disease
924,1,Perianal Fistula|Adipose Tissue|Tissue Transplantation
925,1,"Primary Lateral Sclerosis, Adult, 1"
926,1,Breast Cancer|Ovarian Cancer|Endometrial Cancer
927,1,Covid19|Novel Coronavirus Pneumonia|Acute Respiratory Distress Syndrome
928,1,Post COVID-19 Syndrome|Parkinson Disease
929,1,DLBCL
930,1,Tibial Meniscus Injuries|Knee Injuries|Knee Injuries and Disorders
931,1,"Pneumonia, Viral|Pneumonia, Ventilator-Associated"
932,1,Metastatic Endometrial Carcinoma|Recurrent Endometrial Adenocarcinoma|Recurrent Endometrial Carcinoma|Recurrent Endometrial Clear Cell Adenocarcinoma|Recurrent Endometrial Endometrioid Adenocarcinoma|Recurrent Endometrial Mixed Cell Adenocarcinoma|Recurrent Endometrial Serous Adenocarcinoma|Recurrent Endometrial Undifferentiated Carcinoma|Recurrent Uterine Corpus Carcinosarcoma|Stage IV Uterine Corpus Cancer AJCC v7|Stage IVA Uterine Corpus Cancer AJCC v7|Stage IVB Uterine Corpus Cancer AJCC v7
933,1,Renal Transplantation|Mesenchymal Stem Cells
934,1,Crohn Disease|Perianal Fistula
935,1,Abdominoplasty Scar Revision
936,1,Multiple Organ Dysfunction Syndrome
937,1,Obstructive Sleep Apnea
938,1,Early Lung Cancer
939,1,HLHS
940,1,Treatment-resistant Bipolar Depression
941,1,Primary Sclerosing Cholangitis
942,1,HLA-A*0201 Positive Cells Present|NY-ESO-1 Positive Tumor Cells Present|Recurrent Plasma Cell Myeloma|Refractory Plasma Cell Myeloma
943,1,Kidney Transplantation|Renal Transplantation|Renal Transplant Recipient
944,1,Polycystic Ovary Syndrome
945,1,Kidney Allograft Fibrosis|Kidney Transplant Failure and Rejection
946,1,Facetogenic Back Pain|Back Pain
947,1,Atrial Fibrillation
948,1,Musculoskeletal Pain|Knee Osteoarthritis|Cartilage Injury|Cartilage Degeneration
949,1,"Hypoxia-Ischemia, Brain"
950,1,Renal Cirrhosis
951,1,Peritoneal Dialysis Complication
952,1,Myeloma Before MV-NIS Treatment|Endometrial Cancer Before VSV-hINF-NIS Treatment
953,1,Patellar Tendinopathy
954,1,Fistula in Ano|Crohn Disease
955,1,Macular Holes
956,1,iPS Cell Manufacture and Banking
957,1,Moderate and Severe Plaque Psoriasis
958,1,Drug Resistant Epilepsy
959,1,Endocrine Tumors|Non-Small Cell Lung Cancer|Ovarian Cancer|Breast Cancer|Gastrointestinal/Genitourinary Cancer|Neuroendocrine Tumors
960,1,Gastrointestinal Cancers|Breast Cancer|Pancreatic Cancer|Melanoma|Lung Cancer
961,1,"Muscular Dystrophies|Muscular Dystrophy, Duchenne|Muscular Disorders, Atrophic|Muscular Diseases|Neuromuscular Diseases|Nervous System Diseases|Genetic Diseases, X-Linked|Genetic Diseases, Inborn"
962,1,Type1 Diabetes Mellitus
963,1,Diabetes Complications|Diabetic Retinopathy
964,1,Lupus Erythematosus|Stem Cell Transplant
965,1,"Skin Pigmentation Over Contour Deformities of Face|Trauma, Rhomberg Disease"
966,1,Exercise Physiology
967,1,Gingival Recession|Lack of Keratinized Gingiva (Disorder)
968,1,Disc Degeneration
969,1,Platinum-Resistant Fallopian Tube Carcinoma|Platinum-Resistant Ovarian Carcinoma|Platinum-Resistant Primary Peritoneal Carcinoma|Platinum-Sensitive Fallopian Tube Carcinoma|Platinum-Sensitive Ovarian Carcinoma|Platinum-Sensitive Primary Peritoneal Carcinoma|Recurrent Fallopian Tube Carcinoma|Recurrent Ovarian Carcinoma|Recurrent Primary Peritoneal Carcinoma|Refractory Fallopian Tube Carcinoma|Refractory Ovarian Carcinoma|Refractory Primary Peritoneal Carcinoma
970,1,Safety Issues|Effect of Drugs
971,1,Neurodegenerative Diseases
972,1,Waldenstrom Macroglobulinemia
973,1,Mandible Tumor|Mandibular Injuries|Mandible; Deformity
974,1,Androgenic Alopecia
975,1,Coronary Artery Disease|Ischaemic Heart Disease|Angina Pectoris
976,1,Lupus Nephritis|Lupus Erythematosus
977,1,Cartilage Defect
978,1,"Cartilage Degeneration|Rotator Cuff Tear|Osteoarthritis, Knee"
979,1,Adenosine DeAminase Severe Combined ImmunoDeficiency (ADA-SCID)
980,1,Rectovaginal Fistula
981,1,Repetition Failure
982,1,Periodontal Intrabony Defect
983,1,Moderate to Severe Hypoxic-ischemic Encephalopathy
984,1,Rare Intellectual Disabilities
985,1,Pancreatic Ductal Adenocarcinoma|Pancreatic Cancer|Pancreatic Neoplasms
986,1,Type2 Diabetes
987,1,Myopathy
988,1,Steroid-resistant Severe aGVHD
989,1,Stem Cells|Adult Stem Cells|Acute Liver Failure|Acute-On-Chronic Liver Failure|Steminent
990,1,Genetic Disease
991,1,Ulcerative Colitis (UC)
992,1,KRAS NP_004976.2:p.G12D|Metastatic Pancreatic Adenocarcinoma|Pancreatic Ductal Adenocarcinoma|Stage IV Pancreatic Cancer AJCC v8
993,1,Smokers|Human Bronchial Epithelial Cells|Lung Pathogenesis|Biomarkers
994,1,"Infertility, Female|Endometrium"
995,1,Interventional
996,1,Proteinosis|Gallbladder Carcinoma
997,1,Severe Bronchopulmonary Dysplasia
998,1,Solid and Hematological Malignancies
999,1,Mesenchymal Stem Cell Transplantation
1000,1,Breast Hypoplasia and Facial Ageing
1001,1,Cardiomyopathies|Sepsis|Septic Shock
1002,1,HLA-A*0201 Positive Cells Present|Locally Advanced Malignant Neoplasm|NY-ESO-1 Positive|Unresectable Malignant Neoplasm|Sarcoma
1003,1,Ocular Corneal Burn
1004,1,Myelodysplastic Syndromes|Acute Myeloid Leukemia|Cardio-vascular Surgery
1005,1,Limbal Stem-cell Deficiency
1006,1,Beta-Thalassemia
1007,1,Fistula Vagina|Crohn Disease
1008,1,Corneal Dermoid
1009,1,Hemophilia A
1010,1,Systemic Sclerosis|Digital Ulcer
1011,1,Perianal Fistula|Cryptoglandular Perianal Fistula|Crohn's Perianal Fistula
1012,1,Extracellular Vesicles; Generation and Function
1013,1,"Toxicity Due to Chemotherapy|Cardiovascular Morbidity|Cancer, Treatment-Related"
1014,1,Osteopenia|Osteoporosis|Osteonecrosis
1015,1,HBV
1016,1,Turner Syndrome
1017,1,Hematopoietic/Lymphoid Cancer|Adult Acute Lymphoblastic Leukemia in Remission|B-cell Adult Acute Lymphoblastic Leukemia|B-Cell Chronic Lymphocytic Leukemia in Relapse (Diagnosis)|Prolymphocytic Leukemia|Recurrent Adult Diffuse Large Cell Lymphoma|Recurrent Grade 1 Follicular Lymphoma|Recurrent Grade 2 Follicular Lymphoma|Recurrent Grade 3 Follicular Lymphoma|Recurrent Mantle Cell Lymphoma|Refractory Chronic Lymphocytic Leukemia|Stage III Adult Diffuse Large Cell Lymphoma|Stage III Chronic Lymphocytic Leukemia|Stage III Grade 1 Follicular Lymphoma|Stage III Grade 2 Follicular Lymphoma|Stage III Grade 3 Follicular Lymphoma|Stage III Mantle Cell Lymphoma|Stage IV Adult Diffuse Large Cell Lymphoma|Stage IV Chronic Lymphocytic Leukemia|Stage IV Grade 1 Follicular Lymphoma|Stage IV Grade 2 Follicular Lymphoma|Stage IV Grade 3 Follicular Lymphoma|Stage IV Mantle Cell Lymphoma
1018,1,"Pulmonary Disease, Chronic Obstructive|Smoking"
1019,1,Osteonecrosis of Femoral Head
1020,1,Non Arteritic Ischemic Optic Neuropathy
1021,1,System; Lupus Erythematosus
1022,1,Shoulder Pain|Shoulder Impingement Syndrome|Rotator Cuff Impingement Syndrome|Rotator Cuff Tendinitis|Rotator Cuff Syndrome of Shoulder and Allied Disorders|Spinal Cord Injuries
1023,1,"Infertility, Female|Infertility of Uterine Origin|Asherman Syndrome"
1024,1,"Lymphoblastic Leukemia, Acute Adult"
1025,1,Malignant Glioma of Brain|Astrocytoma|Malignant Astrocytoma|Oligodendroglioma|Anaplastic Oligodendroglioma of Brain (Diagnosis)|Mixed Oligo-Astrocytoma|Ependymoma|Ganglioglioma|Pylocytic/Pylomyxoid Astrocytoma|Brain Tumor|Glioma|Brain Cancer|Glioblastoma|Glioblastoma Multiforme
1026,1,Solid Tumor
1027,1,Urinary Bladder Cancer|Melanoma|Head and Neck Cancer|Ovarian Cancer|Non-Small Cell Lung Cancer|Esophageal Cancer|Gastric Cancer|Synovial Sarcoma|Myxoid Round Cell Liposarcoma|Gastroesophageal Junction
1028,1,Tracheal Stenosis|Laryngeal Stenosis|Mesenchymal Stem Cells
1029,1,Immune Related Disorder|Tissue Damage
1030,1,Endothelial Dysfunction|Inflammation in Cardiopulmonary and Vascular Disease States|Healthy Volunteers
1031,1,Stem Cell Transplant
1032,1,Uterus; Injury
1033,1,Atrophic Scar
1034,1,Cerebrovascular Disorders
1035,1,Prostate Cancer|Metastatic Cancer|Castration-resistant Prostate Cancer|Circulating Tumor Cells
1036,1,Spinocerebellar Ataxia Type 1|Spinocerebellar Ataxia Type 2|Spinocerebellar Ataxia Type 3|Spinocerebellar Ataxia Type 6
1037,1,Hemorrhagic Stroke|Intracerebral Hemorrhage
1038,1,Septic Shock|Sepsis|Pathologic Processes|Shock|Infection|Systemic Inflammatory Response Syndrome|Inflammation
1039,1,Rotator Cuff Tear|Tendon Injuries|Mesenchymal Stem Cell
1040,1,"Erectile Dysfunction|Stem Cells|Diabetes Mellitus, Type 1"
1041,1,Umbilical Cord Bleeding|Knee Osteoarthritis
1042,1,Knee Osteoarthritis|Umbilical Cord Bleeding
1043,1,Hormone Deficiency
1044,1,Peripheral Arterial Occlusive Disease
1045,1,Knee Osteoarthritis|Knee Pain Chronic|Joint Disease|Arthritis|Osteo Arthritis Knee|Musculoskeletal Disease
1046,1,Characterize and Evaluate Functional After Transplantation|Determine the Therapeutic Efficiency|Correlate the Imaging Results
1047,1,Non Union Fracture
1048,1,Chronic Kidney Diseases|Diabetes Mellitus|Diabetic Nephropathies
1049,1,Mesenchymal Stem Cells|Chronic Kidney Diseases|Renal Interstitial Fibrosis
1050,1,Adenocarcinoma of Lung
1051,1,Sickle Cell Disease
1052,1,Central Nervous System Injury
1053,1,Diabetic Nephropathies
1054,1,Melanoma|Cancer of Skin
1055,1,Rotator Cuff Tear|Lateral Epicondylitis
1056,1,Neurocognitive Disorder|Mild Cognitive Impairment|Alzheimer Dementia|Vascular Dementia|Age-related Cognitive Decline
1057,1,ALS|Amyotrophic Lateral Sclerosis
1058,1,Diabetic Neuropathic Ulcer
1059,1,Hemodynamic Instability|Autophagy
1060,1,Major Depressive Disorder|Alcohol Use Disorder
1061,1,Mesenchymal Stromal Cells|Psoriasis|Drug Toxicity|Drug Effect
1062,1,Diabetic Retinopathy
1063,1,Deep Full-thickness Burn Injury (Disorder)
1064,1,Secondary Progressive Multiple Sclerosis (SPMS)
1065,1,"Cardiomyopathy, Familial"
1066,1,Prehypertension
1067,1,Breast Cancer|Lymph Node Metastases
1068,1,Spinal Cord Injuries|Tendinopathy|Rotator Cuff Tears|Shoulder Pain
1069,1,Osteochondral Lesion of Talus|Ankle Arthritis|Instability; Ankle (Ligaments) (Old Injury)|Impingement Syndrome of Ankle
1070,1,Muscle Atrophy
1071,1,Mesenchymal Stem Cells|Diabetic Nephropathy
1072,1,Rubinstein-Taybi Syndrome
1073,1,Advanced Solid Tumor
1074,1,Advanced Solid Tumor|Lymphoma|Gastric Cancer|Colorectal Cancer|Head and Neck Cancer|Squamous Cell Carcinoma|EGFR Positive Solid Tumor|HER2-positive Breast Cancer|Hepatocellular Carcinoma|Small-cell Lung Cancer|Renal Cell Carcinoma|Pancreas Cancer|Melanoma|NSCLC|Urothelial Carcinoma|Cervical Cancer|Microsatellite Instability|Merkel Cell Carcinoma
1075,1,Lumbar Discogenic Pain
1076,1,Acute Ischemic Stroke
1077,1,Inborn Errors of Metabolism
1078,1,Hematological Malignancy
1079,1,"Infarction, Middle Cerebral Artery|Infarction, Anterior Cerebral Artery|Cerebral Infarction|Stroke, Ischemic|Acute Stroke|Brain Infarction|Infarction, PCA|Infarction, Posterior Circulation, Brain"
1080,1,Autism|Autism Spectrum Disorder
1081,1,New Tumor Diagnostics From Human Plasma Samples
1082,1,"Diabetes Mellitus|Diabetes Mellitus, Type 1|Diabetes Mellitus, Insulin-Dependent"
1083,1,"Recurrent Anaplastic Large Cell Lymphoma|Recurrent B-Cell Non-Hodgkin Lymphoma|Recurrent Classic Hodgkin Lymphoma|Recurrent Mycosis Fungoides|Recurrent Peripheral T-Cell Lymphoma, Not Otherwise Specified|Refractory Anaplastic Large Cell Lymphoma|Refractory B-Cell Non-Hodgkin Lymphoma|Refractory Classic Hodgkin Lymphoma|Refractory Mycosis Fungoides|Refractory Peripheral T-Cell Lymphoma, Not Otherwise Specified"
1084,1,Basal Ganglia Hematoma
1085,1,"Crohn's Disease|Fistula|Anal Fistula|Pouch, Ileal|Pouches, Ileoanal"
1086,1,HIV Infections
1087,1,"Chronic Migraine, Headache"
1088,1,"Diabetes Mellitus, Type 1"
1089,1,Clear Cell Renal Cell Carcinoma
1090,1,Chronic Obstructive Pulmonary Disease
1091,1,Lumbar Disc Disease
1092,1,Nephrotic Syndrome in Children|Steroid-Dependent Nephrotic Syndrome|Idiopathic Nephrotic Syndrome
1093,1,Myalgic Encephalomyelitis|Chronic Fatigue Syndrome
1094,1,Chronic Obstructive Pulmonary Disease Severe
1095,1,Thrombocytopenia|Mesenchymal Stem Cells
1096,1,Ankle Deformity|Ankle Arthritis
1097,1,Type 2 Diabetes|Peripheral Vascular Disorder Due to Diabetes Mellitus
1098,1,"Pancreatic Carcinoma|Pancreatic Intraductal Papillary Mucinous Neoplasm, Pancreatobiliary-Type"
1099,1,Transplantation:Mesenchymal Stem Cell Transplantation
1100,1,Metastatic Breast Cancer
1101,1,Allogeneic Hematopoietic Stem Cell Transplantation
1102,1,"Cirrhosis, Liver"
1103,1,Congenital Heart Disease (CHD)
1104,1,Mesenchymal Stem Cell-derived Bioactivator for Treating Chronic Wounds
1105,1,Mesenchymal Stem Cell-derived Pleiotropic Factor in Treating Residual Burn Wound
1106,1,Evaluate the Safety and Effectiveness of Mesenchymal Stem Cell Conditioned Medium-derived Pleiotropic Factor in Treating Donor Sites
1107,1,Intrauterine Adhesion
1108,1,Rectal Neoplasm Malignant Carcinoma|Chemoradiotherapy|Neoadjuvant Therapy|Predictive Biomarkers|Adenocarcinoma
1109,1,Retinitis Pigmentosa|Inherited Retinal Dystrophy
1110,1,Post-Traumatic Osteoarthritis of Knee
1111,1,Anxiety Disorders
1112,1,Accidental Wound|Heel Injury|Stem Cell Transplant
1113,1,Type 2 Diabetes With Renal Manifestations
1114,1,Dry Eye
1115,1,Hip Necrosis|Hip Injuries
1116,1,Chronic Obstructive Pulmonary Disease Moderate
1117,1,Neuralgia
1118,1,Refractory Depression|Anxiety Disorders|Neurodegenerative Diseases
1119,1,Stress Fracture|Parathyroid Hormone
1120,1,Acute Kidney Injury|Mesenchymal Stem Cells
1121,1,Chronic Graft-versus-host-disease
1122,1,"Pancreatitis, Acute"
1123,1,Fasting
1124,1,Pulmonary Nodules
1125,1,"Dermatitis, Atopic"
1126,1,Aging Well|Regenerative Medicine
1127,1,Prostate Cancer|Obesity
1128,1,Retinoblastoma|Secondary Primary Malignancies After Retinoblastoma
1129,1,Cardiovascular Diseases|Heart Failure|Coronary Artery Disease|Mesenchymal Stem Cell Transplantation|Regenerative Medicine
1130,1,Xerostomia|Head and Neck Cancer
1131,1,Male Osteoporosis
1132,1,"Lymphoma, B-cell, Aggressive Non-Hodgkin (B-NHL)"
1133,1,Viral Hepatitis B|Immunization; Infection|HIV Infections
1134,1,Retinal Dystrophies
1135,1,Acute Lymphoblastic Leukemia (ALL)|Acute Myeloid Leukemia (AML)|Myelodysplastic Syndromes (MDS)|NK-Cell Leukemia|Hodgkin Lymphoma|Non Hodgkin Lymphoma (NHL)|Juvenile Myelomonocytic Leukemia (JMML)|Chronic Myeloid Leukemia (CML)
1136,1,Acute-graft-versus-host Disease
1137,1,Advanced Solid Tumors|Lymphoma|Gastric Cancer|Colorectal Cancer|Head and Neck Cancer|Squamous Cell Carcinoma|EGFR Positive Solid Tumor|HER2-positive Breast Cancer|Hepatocellular Carcinoma|Small Cell Lung Cancer|Renal Cell Carcinoma|Pancreas Cancer|Melanoma|NSCLC|Urothelial Carcinoma|Cervical Cancer|Microsatellite Instability|Merkel Cell Carcinoma
1138,1,"Diabetic Kidney Disease|Diabetic Nephropathies|Diabetes Mellitus, Type 2|Diabetes Mellitus, Type 1|Chronic Kidney Disease|Diabetic Nephropathy Type 2|Kidney Failure|Kidney Insufficiency"
1139,1,Meniscus Injury
1140,1,Lung Cancer (Diagnosis)
1141,1,"Motor Neuron Disease, Amyotrophic Lateral Sclerosis"
1142,1,Prostatic Neoplasms
1143,1,"Sleep Apnea Syndromes, Obstructive|Cancer"
1144,1,Sarcoma
1145,1,"Multiple Sclerosis, Chronic Progressive"
1146,1,Neoplasms|Neoplasm Metastasis|Non-Small-Cell Lung Cancer
1147,1,"Cerebral Palsy, Spastic"
1148,1,Bone Marrow|Femoral Shaft Fracture
1149,1,Bone Marrow|Spinal Fusion
1150,1,Rotator Cuff Tear|Bone Marrow
1151,1,"Osteoarthritis, Knee|Cartilage Degeneration"
1152,1,Avascular Necrosis of Femur|Bone Marrow
1153,1,Autologous Mesenchymal Stem Cells|Multiple Sclerosis
1154,1,Intrabony Periodontal Defect
1155,1,Bronchiectasis|Idiopathic Bronchiectasis
1156,1,Antibody-mediated Rejection
1157,1,Xerostomia Due to Radiotherapy
1158,1,High Grade Serous Carcinoma|Ovarian Cancer|Exosomes|Prognosis|Early Diagnosis
1159,1,Osteomalacia
1160,1,Oral Submucous Fibrosis
1161,1,Thin Endometrium|Intrauterine Adhesion
1162,1,Kabuki Syndrome 1
1163,1,"Liver Failure, Acute on Chronic"
1164,1,Osteoarthritis|Hip Osteoarthritis|Knee Osteoarthritis|Glenohumeral Osteoarthritis
1165,1,Wilson Disease
1166,1,Thyroid Diseases|Heart Failure
1167,1,Breast Cancer|Leptomeningeal Metastasis
1168,1,Safety|Adverse Event Following Immunisation|Birth Outcomes
1169,1,Critical Limb Ischemia and Peripheral Artery Disease
1170,1,Bone Marrow Donor
1171,1,Hemophilia B
1172,1,Gastric Cancer|Gastro-oesophageal Junction Cancer
1173,1,Knee Osteoarthritis|Cartilage Degeneration
1174,1,Interstitial Lung Disease|Connective Tissue Diseases
1175,1,Spinal Cord Injury at C5-C7 Level
1176,1,Ischemic Heart Disease|Non-ischemic Cardiomyopathy
1177,1,Immunogenicity
1178,1,"Lupus Erythematosus, Systemic|Lupus Glomerulonephritis"
1179,1,Acetabular Labrum Tear|Femoro Acetabular Impingement|Chondral Defect|Bone Marrow Aspirate Concentrate|Mesenchymal Stromal Cell
1180,1,Osteochondral Fracture of Talus
1181,1,Left Ventricular Dysfunction|Acute Myocardial Infarction
1182,1,Efficacy and Safety
1183,1,Age Problem
1184,1,IDH1 wt Allele|Recurrent Anaplastic Astrocytoma|Recurrent Glioblastoma|Recurrent Gliosarcoma|Recurrent Malignant Glioma
1185,1,Bone Metastases
1186,1,Skin|Scar|Cutis Laxa|Keloid|Cicatrix
1187,1,Niemann-Pick Diseases
1188,1,Dry Eye|Kerato Conjunctivitis Sicca|Aqueous Tear Deficiency
1189,1,Radiation Toxicity|Xerostomia Due to Radiotherapy|Dry Mouth|Hyposalivation|Mesenchymal Stem Cells|Mesenchymal Stromal Cells|Long Term Adverse Effects
1190,1,Xerostomia Due to Radiotherapy|Hyposalivation|Xerostomia|Oropharynx Cancer|Salivary Gland Diseases|Dry Mouth|Mesenchymal Stem Cells|Mesenchymal Stromal Cells|Stem Cells
1191,1,Rectal Cancer
1192,1,Morquio Disease
1193,1,Knee Osteoarthritis|Hip Osteoarthritis|Glenohumeral Osteoarthritis|Osteoarthritis
1194,1,Colorectal Cancer|Metastatic Cancer
1195,0,
