,count,Name
0,29,"Chadwick Prodromos, MD"
1,25,"Hamid Gourabi, PhD"
2,10,"Joshua M Hare, MD"
3,9,"Mahboob Rahman, MD"
4,7,"Jianwu Dai, Ph.D"
5,7,"Abdallah Awidi, MD"
6,7,"Amy Lightner, MD"
7,6,"Vikram Sengupta, MD"
8,6,"Joanne Kurtzberg, MD"
9,6,"Mike Royal, MD"
10,6,"Djamchid Lotfi, MD"
11,6,"Giuseppe Remuzzi, MD"
12,5,"Baoyong Yan, Doctor"
13,5,GSK Clinical Trials
14,5,"Qifa Liu, MD"
15,4,"Yves Beguin, MD, PhD"
16,4,"Steven A Rosenberg, M.D."
17,4,"Yang Xiao, MD"
18,4,"Pei-Yuan Lee, MD"
19,4,"Zhengping Liu, MD"
20,4,Zhou Fu
21,4,"CHIH-YUAN WANG, Doctor"
22,3,"Changxi Wang, M.D., Ph.D"
23,3,"Fu-Sheng Wang, Professor"
24,3,"Bing Liu, M.D."
25,3,"Chuanjian Lu, PhD"
26,3,Jie Shen
27,3,"chengyun zheng, Ph. D"
28,3,"Chungsu Kim, Ph.D"
29,3,Amanda Olson
30,3,"Lian Ru Gao, MD"
31,3,"Per-Ola Carlsson, MD, PhD"
32,3,"Sun Gun Chung, MD, PhD"
33,3,"Limin Rong, M.D."
34,3,"Jakub Tolar, MD, PhD"
35,3,"Jens Kastrup, MD DMSc"
36,3,"Abdalla Awidi, MD"
37,3,"LaTonya J Hickson, MD"
38,3,"Won-Soon Park, MD, PhD"
39,3,"Andreas Kerstan, Dr."
40,3,"Jianming Tan, professor"
41,2,"Derek W Guillory, MD."
42,2,Evanthia Galanis
43,2,"Igor Volotovski, Prof"
44,2,"Michael P. Zahalsky, M.D."
45,2,"Amanda L. Olson, MD"
46,2,"Marlies EJ Reinders, MD/PhD"
47,2,"Peter Nemtinov, MD"
48,2,"José Lamo-Espinosa, MD"
49,2,"Igor D Volotovski, Prof"
50,2,"Seung-Kyu Han, MD. Ph D."
51,2,"Craig McDonald, MD"
52,2,"Piotr Musiałek, MD, PhD"
53,2,"Igor D Volotovski, Dr"
54,2,KANGIL KIM
55,2,Michael C Stephens
56,2,"Jinhai Tang, M.D, PH.D"
57,2,"Fu-Sheng Wang, MD, PhD"
58,2,"Lauralyn McIntyre, MD"
59,2,"Ping J Chen, Professor"
60,2,"Roisin O'Cearbhaill, MD"
61,2,"Ernst R Von Schwarz, MD, PhD"
62,2,Pfizer CT.gov Call Center
63,2,"Gianluca Vadalà, MD, PhD"
64,2,Mahboob Rahman
65,2,"Joyce Macedo da Silva, MD"
66,2,"Steffen Heegaard, MD, DMSc"
67,2,Suk-kyun Yang
68,2,"Jianhao Lin, MD"
69,2,"Kilian Kelly, PhD"
70,2,"Enrique Gomez-Barrena, Prof"
71,2,Roger Brown
72,2,"Mohamad Bydon, MD"
73,2,Medical Responsible
74,2,"Rajiv Thakur, MD"
75,2,xiaobing FU
76,2,"Julia Barbado, MD, PhD"
77,2,"Robert Simari, MD"
78,2,"Arndt Rolfs, Prof. Dr."
79,2,"David F Stroncek, M.D."
80,2,"Charles S Cox, MD"
81,2,"Wolfgang Singer, MD"
82,2,"Jorge Paz-Rodriguez, MD"
83,2,"Fred Grossman, DO"
84,2,"Marek Postula, MD, PhD"
85,2,"Myungchul Lee, MD, PhD"
86,2,"Jeff Chou, MD"
87,2,"Wonsoon Park, MD, PhD"
88,2,"Charlotte Lynggaard, MD"
89,2,"Paulo Brofman, PhD"
90,2,"Hongmei Wang, Doctor"
91,2,"Lev Verkh, PhD"
92,2,"Peilai Liu, MD"
93,2,"Saud A Sadiq, MD, FAAN"
94,2,"K Segal, PhD"
95,2,"Thanh Cheng, MD"
96,2,Aaron J Krych
97,2,"Hong-chul Lim, MD, PhD"
98,2,"Wojciech Maksymowicz, MD, Prof."
99,2,"Fu-Sheng Wang, professor"
100,2,"Muna Qayed, MD"
101,2,"William Faubion, MD"
102,2,"Lung-Ji Chang, Ph.D"
103,2,"Xiaobing Fu, doctor"
104,2,"Andrew J Armstrong, MD"
105,2,"Emese Zsiros, MD"
106,2,"Hu Chen, M.D., Ph.D."
107,2,"Jian Chen, PhD"
108,2,Qifa Liu
109,2,"Arnaud Bourdin, MD, PhD"
110,2,"Qifa Liu, MD."
111,2,"Yangang Wang, MD Phd"
112,2,"mohammad taghi peivandi, MD"
113,2,xiaobing Fu
114,2,"Derek W Guillory, MD"
115,2,"Brigitte C Widemann, M.D."
116,2,"Steven Levy, MD"
117,2,"Wook Chun, PhD"
118,2,"Benjamin E Reubinoff, MD PhD"
119,2,"Ricardo Ribeiro-dos-Santos, PhD"
120,2,"Arash Khojasteh, DMD, OMFS"
121,2,"KANGIL KIM, M.D., Ph.D"
122,2,Clinical Trial Management
123,2,"Zhongmin Liu, Doctor"
124,2,"Kimberly Kasow, DO"
125,2,"JianWu Dai, Ph.D"
126,2,"Antonis Konstantinidis, Professor"
127,2,"Rui Henrique, PhD"
128,2,"David Hong, MD"
129,2,"Ken Borow, MD"
130,2,"Jens Kastrup, MD Professor"
131,2,"Jianwu Dai, Ph.D."
132,2,"Michael P Murphy, MD"
133,1,"Laurie S. Conklin, M.D."
134,1,"Alan D. Marmorstein, Ph.D."
135,1,"Mohamad MOHTY, PhD"
136,1,"Saule Abseitova, MD, Prof."
137,1,"Wael F Nassar, MD"
138,1,"Hadas Lemberg, PhD"
139,1,"Jesús JV Vaquero Crespo, M.D."
140,1,"David Kerman, MD"
141,1,"Zaryi Simavonyan, MD"
142,1,"Dr. Arun B Bal, M.B.B.S.M.S."
143,1,"I HM Borel Rinkes, MD, PhD"
144,1,"Chunde Bao, MD"
145,1,"Abdel-Wahab El-Okby, MD"
146,1,"Clara I. Rodríguez, Ph. D."
147,1,K Sreekumaran Nair
148,1,"Andrew Cowan, MD"
149,1,"Ricardo R dos Santos, MD, PhD"
150,1,"Ju Le Tan, MBBS"
151,1,"Dalong Zhu, MD.PhD."
152,1,"Leland Metheny, MD"
153,1,"Michael Eddleston, MA PhD FRCPEdin"
154,1,"Won Soon Park, M.D. Ph.D"
155,1,"Valery Savchenko, Prof."
156,1,"Stephen C Textor, M.D."
157,1,"Fu-Dong Shi, MD,PhD"
158,1,"Sonia Franco, M.D."
159,1,"Rajeev Muni, MD"
160,1,"Gang Chen, Professor"
161,1,"Mark S. Freedman, MSc MD FRCPC"
162,1,"Maurice HV Strickland, MD"
163,1,"Fernando Granell, MD, PhD"
164,1,"Yang Yang, MD"
165,1,"David Erasmus, MD"
166,1,"Call 1-877-CTLILLY (1-877-285-4559) or 1-317-615-4559 Mon - Fri 9 AM - 5 PM Eastern time (UTC/GMT - 5 hours, EST)"
167,1,"David Ashley, MBBS, FRACP, PhD"
168,1,"Xiaofan Zhu, MD"
169,1,Karl-Henrik Grinnemo
170,1,"dominique farges, MDPHD"
171,1,"Hyun Young Kim, MD.,PhD."
172,1,"Grigory Volozhin A Volozhin, MD, PhD"
173,1,"Dr. Ashok A Mahashur, M.B.B.S.M.D."
174,1,"Frits Van Rhee, MD, Ph.D"
175,1,"Moises Zebede, MD"
176,1,"Rachel C. Brennan, MD"
177,1,"Boye L Jensen, dr.med., phd"
178,1,"Keiya Ozawa, MD, PhD"
179,1,"Malte von Bonin, MD"
180,1,"Cristina Ramo, PhD"
181,1,"Paulo RC Souza, M.D"
182,1,"Murat Kantarcioglu, M.D."
183,1,"Joan Carles Monllau, MD, PhD"
184,1,"Parvez Ahmed, FCPS, MCPS"
185,1,"Alessandro Rambaldi, MD"
186,1,"Andreas Kerstan, PD Dr.med."
187,1,"Gabriel Olveira Fuster, PhD"
188,1,"Taimour M Khalifa, MD Professor"
189,1,Yang Yang
190,1,"Andrew Armstrong, MD"
191,1,Roger Tun
192,1,"Daniel Chambers, MBBS MD"
193,1,"Merit Cudkowicz, MD"
194,1,"Marilyn K. Glassberg, MD"
195,1,"Susan Shur-Fen Gau, MD, PhD"
196,1,"Gary Steinberg, MD"
197,1,"Jérôme SURMENIAN, MD"
198,1,"Aditya K Aggarwal, MS,DNB,DO"
199,1,"Gerardo Castrellon, MD"
200,1,"Asode A Shetty, MD, PhD, MCh, FRCS"
201,1,"Samuel Denmeade, MD"
202,1,"Tommy S. de Windt, MD"
203,1,"Marcelo F Jiménez López, Ph.D"
204,1,"Henrik-Tobias Arkenau, MD,PhD"
205,1,"Fermín Sánchez-Guijo Martín, Ph.D"
206,1,"Roger Cohen, MD"
207,1,"keivan basiri, MD"
208,1,"Sang Bum Hong, M.D."
209,1,"Mattabhorn Phornphutkul, M.D, Ph.D"
210,1,"Teresa Caballero, Hematologist"
211,1,"hala Gabr, M.D."
212,1,"Rosandra N Kaplan, M.D."
213,1,"Mohit Khera, MD"
214,1,"Carl Schulman, MD, PhD"
215,1,"Alper Tunga Özdemir, PhD"
216,1,"Michael A Matthay, MD"
217,1,"Robert Maki, MD, PhD"
218,1,Glen Doherty
219,1,"Dennis G McGonagle, MB BcH BAO"
220,1,"Minsik Kim, M.D."
221,1,"Andrew Goldberg, MBBS MD FRCSI FRCS(Tr&Orth)"
222,1,"Mahmoud Edessy, MD"
223,1,"James M. Markert, MD"
224,1,Dusica Babovic-Vuksanovic
225,1,"Himanshu Bansal, MD"
226,1,"Katarina Le Blanc, Professor"
227,1,"Wonil Oh, MD, PhD"
228,1,"Shen Huiyong, Doctor"
229,1,Bernat Soria
230,1,"Pingping Huang, M.D."
231,1,"Marjorie Zauderer, MD"
232,1,"Brian Kirkpatrick, MD"
233,1,"Bing Liu, M.D"
234,1,"Angel Chan, MD, PhD"
235,1,"Daniel Morgensztern, MD"
236,1,"Luis F Linares Ferrando, MD"
237,1,"Dr. Bill Brashier, M.D"
238,1,Fabrice Chrétien
239,1,"Thomas Eschenhagen, Prof.Dr.med."
240,1,"Khaled A Gadalla, MD"
241,1,"Victor Villanueva San Vicente, MD"
242,1,"Guo Q Li, Professor"
243,1,"Jesús JV Vaquero Crespo, MD."
244,1,"Michael D Hill, MD"
245,1,"Felipe Vilella, BSc PhD"
246,1,"Andreas Barth, MD"
247,1,"Nicholas J Maragakis, MD"
248,1,"Paul Orchard, MD"
249,1,"Aruna Rakha, PhD."
250,1,"james Q Yin, M.D.,Ph.D."
251,1,Jianwu Dai
252,1,"Su Chan Kim, PhD."
253,1,"Stuart J Spechler, MD"
254,1,"Clanet Michel, MD,PhD"
255,1,"Kaija Salmela, MD PhD"
256,1,"Maria Jesus del Cerro, PhD"
257,1,Lucia S Silla
258,1,"GIldasio Daltro, MD"
259,1,"Martin P Paulus, M.D."
260,1,"Yuriy Gubenko, MD"
261,1,"Tatiana V Dakukina, MD,PhD"
262,1,"Xavier Montalban, MD, PhD"
263,1,"Tan Jianming, MD, PhD"
264,1,"Tan Jianming, MD PhD"
265,1,"Chen Hu, Ph.D"
266,1,"Alejandro Gonzalez Ojeda, M.D., Ph.D."
267,1,"Xiaodan Jiang, MD,PhD"
268,1,"Qiquan Sun, MD,PhD"
269,1,"Nikhil N Verma, MD"
270,1,"Enrique Jimenez, MD"
271,1,Parvez Ahmed
272,1,"Min Li Rong, M.D."
273,1,"WoongChol Kang, MD, Ph.D"
274,1,"William E. Evans, PharmD"
275,1,"Chris H. Jo, M.D., Ph.D"
276,1,"Jinnin Masatoshi, MD, PhD"
277,1,"Richard Isnard, MD, PhD"
278,1,"Kourosh Saeb-Parsy, PhD, FRCS"
279,1,"Lance L Goetz, MD"
280,1,"Kristrun Stardal, RN, BSN"
281,1,"Jerôme Roncalli, MD, PhD"
282,1,"Roncalli Jérome, MD, PhD"
283,1,"Duan Lian, P.H.D"
284,1,"Jose Matas, MD"
285,1,"Sanjay Misra, M.D."
286,1,"Yali HU, MD,PhD"
287,1,"Jayter S Paula, MD"
288,1,"Glassberg K Marilyn, MD"
289,1,"Jacob Sellon, MD"
290,1,"Isao Sakaida, MD, PhD"
291,1,"Louis A Cona, MD"
292,1,"Liang Dan, MD"
293,1,"John McGrath, FRCP/FSci/MD"
294,1,Janssen Vaccines & Prevention B.V. Clinical Trials
295,1,"William A Faubion, MD"
296,1,"Josep Maria Segur, MD, PhD"
297,1,"Nirali N Shah, M.D."
298,1,"Henri MONTAUDIE, PH"
299,1,"Brian J Cole, MD, MBA"
300,1,"ISMAIL H DILOGO, MD"
301,1,"Gary S. Gilkeson, MD"
302,1,weidong HAN
303,1,"Hussein Tawbi, MD, PhD"
304,1,"Fernando de la Portilla, Dr."
305,1,"Adeeb AlZoubi, PhD"
306,1,"Xin Du, Prof."
307,1,"Óscar Fernández, MD"
308,1,"Luis F. López Cortés, MD"
309,1,"Zhong Z Ye, Professor"
310,1,"Farhan N Siddiqi, MD"
311,1,"Antonio Jimeno, MD, PhD"
312,1,"Maria P. Yavropoulou, M.D"
313,1,"Seung-Kyu Han, MD. PhD."
314,1,"Mohamed A El-Nazer, PhD"
315,1,"Joon Ho Wang, MD, Ph D"
316,1,"Anthony Oliva, MD"
317,1,"Anthony Oliva, PhD"
318,1,"Dr. Bill Brashier, M.D."
319,1,"William Jarnagin, MD"
320,1,"Mohamed Gamal ElDin Saadi, phd"
321,1,"Eric J Dozois, MD"
322,1,"Cecilie Gjerde, DDS"
323,1,"Hongjun Wang, Ph.D"
324,1,"Steven Powell, MD"
325,1,"Sawa Ito, M.D."
326,1,"Ning K Zhang, MS"
327,1,"Dania P Fischer, M.D."
328,1,"Janssen Research & Development, LLC Clinical Trial"
329,1,"Patrick O'Gara, MD"
330,1,"Stephen P Anthony, DO"
331,1,"Jas Chahal, MD, MSc"
332,1,"Mya Schiess, MD"
333,1,"José Valber Meneses, MD"
334,1,"Inbo Han, MD, PhD"
335,1,Chun Che Shih
336,1,"Wook Chun, MD, PhD"
337,1,"Maboob Rahman, MD"
338,1,"Mohammed Sufath UR Rehman, (MDS)"
339,1,"YU TANG, Dr."
340,1,"Francisco Fernandez Aviles, PhD"
341,1,"cheng yun zheng, PhD"
342,1,"Manuel Jurado Chacón, MD"
343,1,"Gang Zhao, MD"
344,1,"zipu li, MD Phd"
345,1,Hsieh-Hsing Lee
346,1,"Bai-Horng Su, MD, PhD"
347,1,"Luis Orozco, MD, PhD"
348,1,"Daniel Chambers, A/Prof"
349,1,"Michel Assor, MD"
350,1,"Felipe Prosper, MD, PhD"
351,1,"chen bing, doctor"
352,1,"Hein W Verspaget, PhD"
353,1,"Michael N Sack, M.D."
354,1,"Shi X Y, M.D."
355,1,"Anthony J. Windebank, MD"
356,1,"Duk-Hee Kang, MD. PhD."
357,1,"Zibin Tian, MD"
358,1,"Owen M Rennert, M.D."
359,1,"Rik Schots, MD, PhD"
360,1,"Dr Abdul Syukur Abdullah, MD"
361,1,"Geoff Forbes, MD"
362,1,"Donna Skerrett, MD"
363,1,"James N Kochenderfer, M.D."
364,1,Novartis Pharmaceuticals
365,1,"jerome RONCALLI, MD, PhD"
366,1,"Diethelm Tschoepe, Prof Dr Dr"
367,1,"Alix Seif, MD"
368,1,"Oscar Fernandez Fernandez, MD, PhD"
369,1,"Dimitrios Karussis, MD, PhD"
370,1,"Lin B liang, MD/PHD"
371,1,"Raymond J Linovitz, MD"
372,1,"Lin B Liang, MD/PHD"
373,1,"Robert Soler, MD"
374,1,"Zhu k shun, PHD"
375,1,Leslie L Popplewell
376,1,"Seung-Hwan Lee, MD, PhD"
377,1,"Luis M Redondo, MD, PhD"
378,1,"Daniel Chambers, MBBS MRCP FRACP MD"
379,1,"Kevin Garvin, MD"
380,1,"Peter Heider, MD, PhD"
381,1,"Guillaume CHARPENTIER, MD"
382,1,"Rachel Raab, MD"
383,1,Yongtao Lv
384,1,Chengwei Chen
385,1,Hans-Peter Kiem
386,1,"Ricardo R. dos Santos, MD, PhD"
387,1,"Sopha Chia-Ning Chang, M.D. Ph.D."
388,1,"Julio Voltarelli, MD, PhD"
389,1,"SunUk Song, Ph.D."
390,1,"KJ Park, MD, PhD"
391,1,"Albert Saiz, MD"
392,1,"Jong-Woo Choi, M.D.Ph.D."
393,1,"Jan Stolk, MD, PhD"
394,1,"Sang-Hong Baek, M.D.&Ph.D."
395,1,"Kang Sup Yoon, M.D. & Ph.D."
396,1,"Thomas Brinker, Prof. Dr.med."
397,1,"Diego V Clé, MD"
398,1,"Duk L. Na, M.D."
399,1,"Won-Soon Park, M.D., PhD."
400,1,"Gerald W Dryden Jr, MD, PhD"
401,1,"SangHan Kim, MD"
402,1,"Jan Gabinsky, MD, PhD, DSc"
403,1,"Jean Tang, MD, PhD"
404,1,"Rafael J Ruiz-Salmeron, MD, PhD"
405,1,"Yufang Shi, PhD,DVM"
406,1,"Paresh k Doshi, MCh"
407,1,"Xin Du, MD.PhD."
408,1,"Evgeny A Pokushalov, MD, PhD"
409,1,"Consuelo del Cañizo, MD"
410,1,Brian Till
411,1,"Timothy A Damron, MD"
412,1,"Chandan K Sen, PhD"
413,1,"Joshua M. Hare, MD"
414,1,"Christopher James, PA"
415,1,"Emerson C. Perin, MD, PhD"
416,1,"Larry Dillaha, MD"
417,1,"Reza Malekzadeh, M.D."
418,1,"Philippe Rosset, Pr"
419,1,"Frederic Baron, MD, PhD"
420,1,"Elizabeth Shpall, MD"
421,1,"Reza Malekzadeh, M.D"
422,1,"Jih-Jin Tsai, M.D."
423,1,Angela Dispenzieri
424,1,"Mohammad Reza Zali, MD"
425,1,"Jianming Tan, M.D and Ph.D"
426,1,"Ari Harjula, MD; PhD"
427,1,"Evanthia Galanis, MD"
428,1,"Siddharthan Chandran, MBChB, PhD"
429,1,"Hillard M. Lazarus, MD"
430,1,"Vikram Mathews, MD"
431,1,"Mohamed H. Sayegh, MD"
432,1,"Meir Liebergall, Prof."
433,1,"Michelle Williams, Ph.D."
434,1,"Shunsuke Baba, D.D.S, PhD"
435,1,"Gregory Hale, M.D."
436,1,"Axel Mescheder, M.D."
437,1,"Jeffery L Miller, M.D."
438,1,"Mary C. Territo, MD"
439,1,"Heather P. McDowell, MD"
440,1,"Jose Suarez de Lezo, MD, PhD"
441,1,"Jianming Tan T Jianming, professor"
442,1,"Sandhya Kharbanda, M.D."
443,1,"Shervin Oskouei, MD"
444,1,"Zhi-liang Gao, Dr"
445,1,"Chen bing, doctor"
446,1,"Lingyun Sun, MD"
447,1,"Wei Zhao, P.H.D"
448,1,"Deborah Ascheim, MD"
449,1,"Prof. Carsten Tschöpe, MD"
450,1,"Steven C. Cramer, MD, MMSc"
451,1,"Abdel Aziz El Singergy, M.D"
452,1,"Lars Engebretsen, MD,PhD"
453,1,Suresh K R
454,1,"Sreenivas Kumar, MD, DM"
455,1,"Sunil Sharma, MD"
456,1,"Olivier Detante, MD"
457,1,"Benjamin E Reubinoff, MD, PhD"
458,1,"Hamid gourabi, PhD"
459,1,"Lingyun Sun, M.D."
460,1,"Patricia Lemarchand, MD"
461,1,Nico M Wulffraat
462,1,"Hong Hoe Koo, MD, PhD"
463,1,"Philipp Harter, MD"
464,1,"Jeffrey A Cohen, M.D."
465,1,"Jozef Bartunek, MD, PhD"
466,1,"Johann de Bono, MD FRCP MSc PhD"
467,1,"Gabriel P. Lasala, MD"
468,1,"Jacek Toporski, MD, PhD"
469,1,"Dimitrios Karussis, Prof."
470,1,"Prof. Igor B Resnick, MD, PhD, DSci"
471,1,"Marlies Reinders, MD, PhD"
472,1,"Emerson Perin, MD"
473,1,"Manfred M Weiss, MD, MBA"
474,1,"An Yihua, doctor"
475,1,"Alonso C. Moreno Garcia, MD"
476,1,"Fermín M Sánchez Guijo, MD"
477,1,"André Terzic, MD"
478,1,"Rosaria Giordano, MD"
479,1,"Luis Riera del Moral, Doctor"
480,1,"Sally A Frautschy, PhD"
481,1,"Chunde Bao, M.D. & Ph.D."
482,1,"Jason Kovacic, MD"
483,1,"Sergio Alonso Gregorio, MD"
484,1,"Damián García-Olmo, Prof."
485,1,"Daniel Chambers, MRCP FRACP MD"
486,1,"Antonio Ceriello, MD"
487,1,"HECTOR PEINADO, PhD"
488,1,"Dimitrios Karusis, MD, PhD"
489,1,"Nivaldo Alonso, PhD"
490,1,"Nabil Dib, MD, MSc, FACC"
491,1,"Tai-Hyoung Cho, M.D. & Ph.D."
492,1,"Ettore Biagi, MD"
493,1,Enrique Gomez Barrena
494,1,A Bhansali
495,1,"Kyriakos Anastasiadis, MD, PhD, FETCS"
496,1,"Arda Kiani, MD, pulmono"
497,1,"Alice P Chen, M.D."
498,1,"Kyriakos Anastasiadis, MD, PhD FETCS"
499,1,"Vincent Falanga, MD"
500,1,"Guillermo Izquierdo, MD"
501,1,Rafael J. Ruiz-Salmerón
502,1,"Stephen Honeybul, MD"
503,1,"Lingyun Sun, MD, PhD"
504,1,"Soon Koo Baik, M.D"
505,1,"Jorge Bartolucci, Dr."
506,1,"Sharon McQuillan, MD"
507,1,Vincent PROBST
508,1,"Stephen Textor, MD"
509,1,"Qi Zhang, Doctor"
510,1,Daiming Fan
511,1,"ANANT E BAGUL, MS ORTHO"
512,1,"Xiangjin Xu, Professor"
513,1,"Julie A Johnson, PharmD"
514,1,"Elena Parovichnikova, Prof MD PhD"
515,1,"Saud A Sadiq, MD"
516,1,"Daniela F Bueno, PhD"
517,1,"Anne Dompmartin, MD"
518,1,"Yihua An, Doctor"
519,1,"Sean Savitz, MD"
520,1,"Maria Dolores Martin Arranz, MD"
521,1,"Jesus JV Vaquero Crespo, Dr."
522,1,"Abdallah Awidi, MD."
523,1,"Dante Dallari, Surgeon"
524,1,"Edward Stadtmauer, MD"
525,1,Dr Ronan Guillou
526,1,"Soon Koo Baik, M.D.,Ph.D"
527,1,"Manuel Ramírez, MD PhD"
528,1,"Yihua An, Ph.D"
529,1,"Hugo G Oliveira, MD, PhD"
530,1,"Marios P Stavridis, PhD"
531,1,"Dennis A Wigle, MD, PhD"
532,1,"Ahmed Y Gamal, PhD"
533,1,"Javier Garcia-Sancho, MD, PhD"
534,1,"Andrew West, PhD"
535,1,"Giancarlo Comi, MD"
536,1,"Christian Jorgensen, MD, PhD"
537,1,"Donna Skerrett, MD, MS"
538,1,"Steve Cramer, MD"
539,1,"Gennady M. Galstyan, MD PhD"
540,1,"Alexander V Averyanov, MD, PhD"
541,1,Scott Okuno
542,1,"Brian J Cole, MD"
543,1,"Zhi-Liang Gao, Doctor"
544,1,"Brandon Lawrence, MD"
545,1,Dr Anirban Chatterjee
546,1,"Joan Bagó, MD, PhD"
547,1,"Mariano García Arranz, PhD"
548,1,"Mingyuan Wu, MD,PhD"
549,1,"Julian Panes, MD"
550,1,"Kenzie Preston, Ph.D."
551,1,"Franziska Saxer, MD"
552,1,"La-ongsri Atchaneeyasakul, MD"
553,1,"He Huang, MD"
554,1,"Fang Li, MD"
555,1,"John C Burnett, M.D."
556,1,"murat kantarcioglu, MD"
557,1,"Charile Xiang, Professor"
558,1,YiHua An
559,1,"Yihua An, doctor"
560,1,"Charlie Xiang, Professor"
561,1,"Xuetao Pei, MD,PhD"
562,1,"Birgitte Brock, MD phD"
563,1,"Zhenzhou Chen, MD., phD."
564,1,"Norlinah Mohamed Ibrahim, MD"
565,1,"Ya Mohammad Hassan Shukur, MD"
566,1,"Hanafiah Harunarashid, MD"
567,1,"Vikas Agarwal, MD., DM"
568,1,"Prof. Dr. Muhammad Ali Noor Muhd Abdul Ghani, FRCS"
569,1,"Ulrich M. Lauer, Prof. Dr. med."
570,1,"Timothy Gardner, MD"
571,1,"Arun Rajan, M.D."
572,1,"Fengchun Zhang, MD"
573,1,"Alexander Kharlamov, M.D., Ph.D."
574,1,"Jean Philippe Hauzeur, MD, PhD"
575,1,"Christiaan Coetzee, MD"
576,1,"Margarita Calonge, MD, PhD"
577,1,"Loren K Mell, MD"
578,1,"Oteh Maskon, MB Bch"
579,1,"Subra Kugathasan, MD"
580,1,"Oh Young Bang, MD"
581,1,"Kunlin Jin, M.D., Ph.D."
582,1,"Jieruo Gu, M.D."
583,1,MD
584,1,"Duk L. Na, MD,PhD"
585,1,"Andrés Chahín, MD"
586,1,"Fu-Sheng Wang, PHD"
587,1,"Benjamin Fernandez-Gutierrez, MD, PhD"
588,1,"Itzhak Siev-Ner, MD"
589,1,"Sangryong Jeon, MD, PhD"
590,1,"Rebecca Redman, MD"
591,1,"David Neujahr, MD"
592,1,"Han Cheol Lee, M.D. & Ph.D."
593,1,"José María Alvaro-Gracia, MD, PhD"
594,1,"Jeonghan Yoon, Ph.D. M.D."
595,1,"Christian Jorgensen, MD"
596,1,"Yanqing Li, MD, PhD"
597,1,"Kang-Sup Yoon, M.D. & Ph.D."
598,1,"Jim Ritter, MD"
599,1,"Taehyeong Jo, PhD"
600,1,"William YK Hwang, MBBS, FRCP"
601,1,KJ Park
602,1,Liqing Yao
603,1,"Anthony Windebank, MD"
604,1,"Paolo A Muraro, MD PhD"
605,1,"Màrius Aguirre, MD, PhD"
606,1,"Dr. BV Tantry, MD., DM"
607,1,"Duncan Purtill, MB, BS"
608,1,"Michael Nishimura, PhD"
609,1,"Javier García-Sancho, MD, PhD"
610,1,"Fangyu Wang, MD/PhD"
611,1,"Yuman Fong, MD"
612,1,"Michael Patrick Murphy, MD BS"
613,1,Junchao Zhu
614,1,"Wenchun Qu, MD, PhD"
615,1,"Duncan J Stewart, MD"
616,1,"Andrew McCaskie, FRCS"
617,1,"Tim Seidler, Prof."
618,1,"Gokhan T Adas, Prof.Dr."
619,1,"Albert Hakaim, MD"
620,1,"Alfredo Hernandez-Ruiz, MSc"
621,1,"Antoni Torres, MD, PhD"
622,1,"Mustafa Cetin, Prof"
623,1,"Gang Wang, MD,PhD"
624,1,"Tambi Jarmi, MD"
625,1,"George C Shapiro, MD, FACC"
626,1,"Andrei Y Hancharou, Dr."
627,1,"Peter Rosenberger, Prof."
628,1,"Jianming Tan Tan, M.D and Ph.D"
629,1,"Annetine C Gelijns, PhD"
630,1,"Elizabeth Burke, ANP-C"
631,1,"Luis Madero, MD"
632,1,Abdol Hossein Shahverdi
633,1,Julie Laurin
634,1,"Dr.Joshua Rhein, MD"
635,1,"Chyntia O Jasirwan, PhD"
636,1,"Liang-wan Chen, M.D"
637,1,"Marie Hudson, MD"
638,1,"Camillo Ricordi, MD"
639,1,"Carlos A Chiriboga, MD"
640,1,"John Goldberg, MD"
641,1,"LaQuisa Hill, MD"
642,1,"Shoichi Maruyama, MD, PhD"
643,1,"Qiang Fu, M.D."
644,1,"Emil Lou, MD, PhD"
645,1,"Dr. Muhammad Karyana, MPH"
646,1,"Guillermo Sánchez-Vanegas, MD, PhD"
647,1,"Yuji Fujino, MD"
648,1,Liem Nguyen
649,1,"SANG-CHEOL BAE, M.D.,Ph.D."
650,1,"Badrul Akmal Hisham, MBBS"
651,1,"Mya C Schiess, MD"
652,1,"John McCarthy, Ph.D."
653,1,"Yutao LIU, Doctor"
654,1,"Yun Jung Choi, PM"
655,1,"Phil Hyu Lee, MD"
656,1,"Sumaira Irum, MIT"
657,1,"Randall J Kimple, MD,PhD"
658,1,"Jessica Sun, MD"
659,1,"Joshua Hare, MD"
660,1,"Steve Finkbeiner, MD, PhD"
661,1,"Lucia Silla, MD, PhD"
662,1,"David Ingbar, MD"
663,1,"Xiuli Zhao, Doc"
664,1,"GAGNADOUX Frédéric, PhD"
665,1,"Ismail H Dilogo, MD, PhD"
666,1,"Igor Volotovski, Dr"
667,1,"Kenneth M. Borow, MD"
668,1,Jesus Perez
669,1,"Dan Zandberg, MD"
670,1,"Oscar Simonsson, MD, PhD"
671,1,"Yves Beguin, MD,PhD"
672,1,xanab akram
673,1,"wang congrong, doctor"
674,1,"Duc Minh Hoang, PhD"
675,1,"John Londono, MD,PhD"
676,1,"Henry E Wiley, M.D."
677,1,"Myungchul LEE, MD, PhD"
678,1,"Raj Makkar, MD"
679,1,"Prof. Qingsong Ye, PhD,DDS"
680,1,"Zhongming Liu, MD"
681,1,"Xialin Liu, Prof."
682,1,Chunde Bao
683,1,"Sheldon Jordan, MD"
684,1,"Sheldon Jordan, M.D."
685,1,"William Fraser, Dr"
686,1,Jong-Ho Moon
687,1,"Kusnandi Rusmil, Professor"
688,1,"Andrei Hancharou, Dr"
689,1,Jiayuan Sun
690,1,"Gwang Seong Choi, MD-Ph.D"
691,1,"Charlotte Bevan, PhD"
692,1,Armida Fabius
693,1,"Mark F Powell, MD"
694,1,"Chao Zheng, MD,PhD"
695,1,"Dana Bielopolski, MD PhD"
696,1,"Joseph Park, MD"
697,1,"Seongjun Seo, M.D, Ph.D"
698,1,"shu wang, Doctor"
699,1,"Esther Dupont-Versteegden, Ph.D."
700,1,"Dongbao Zhao, Doctor"
701,1,"Rachel E. Sanborn, MD"
702,1,"Cecilia Low Wang, MD"
703,1,"Yuanzhang Tang, Doctor"
704,1,"Peter Bauer, Prof."
705,1,"Rebecca Elstrom, MD"
706,1,"Gang Li, Doctor"
707,1,"Hesham A Abdel-Baset, Prof."
708,1,"Abdolhossein Shahverdi, PhD"
709,1,"Joyce Macedo, MD"
710,1,"FATIMA NAUMERI, assoc Prof"
711,1,"Jeffrey R Strawn, MD, FAACAP"
712,1,"Zhongmin Liu, MD/Ph.D"
713,1,"Antoine MONSEL, MD, PhD"
714,1,"Guy S Reeder, MD"
715,1,"Aziz Azkhojayev, MD"
716,1,"Luigi AG Laghi, MD, PhD"
717,1,"dr Cosmos O Mangunsong, Sp.M"
718,1,"Zhongming Liu, MD/Ph.D"
719,1,"Jieming Qu, MD,PhD"
720,1,"Alessandro Castagna, MD"
721,1,"Silvia Stacchiotti, MD"
722,1,"Liwei cheng, doctor"
723,1,"Mariano Sanz, Professor"
724,1,"Sofia Sisay, Clin Research Manager"
725,1,"Fermin Labayen Beraza, MD"
726,1,"Saba Battelino, MD, PhD"
727,1,"Mohammed M Qureshi, DO, CAQSM, MRO"
728,1,"Igor Stoma, MD, PhD"
729,1,"Jie-ming Qu, MD.,PhD."
730,1,"Ebtehal Mohammed, Ph.D"
731,1,"XingHuan Wang, professor"
732,1,"Yoshiaki Sato, MD, PhD"
733,1,"Bernard Thébaud, MD, PhD"
734,1,"Ji Hyeon Ju, MD, PhD"
735,1,"Richard Jonas, MD"
736,1,Xiaobing Fu
737,1,"Qi Zhou, Doctor"
738,1,"Said Saghieh, MD"
739,1,"Ji Zhu, MD"
740,1,"Umut Arslan, MD"
741,1,"Hyun Koo MD, PhD, MD, PhD"
742,1,Amy Lightner
743,1,"Pontiano Kaleebu, PhD"
744,1,"Ming-Chau chang, MD"
745,1,Badrul Akmal Hisham Md Yusoff
746,1,"Eduardo R Teixeira, DDS, Ph.D."
747,1,Xiangrui Wang
748,1,"Ling Tao, MD, PhD"
749,1,"Nicholas S Britt, PharmD"
750,1,"Eunyoung Lee, MD"
751,1,"Xiaofeng Zeng, M.D., Ph.D."
752,1,"Roberto Pili, MD"
753,1,"Richard Kim, MD"
754,1,"Duk L. Na, MD, PhD"
755,1,"Jia-kuo Yu, Prof."
756,1,"Wei Juan, doctor"
757,1,"Jérémy Tricard, MD"
758,1,"Hui Liu, MD"
759,1,"Liem Thanh Thanh, Prof"
760,1,Ghareeb
761,1,"Meenakshi Hegde, MD"
762,1,"Sotirios Tsiodras, Prof"
763,1,"Mathias Svahn, PhD"
764,1,Liangjing Lu
765,1,Okawa Sumito
766,1,Wenbin Qian
767,1,"Susan Galandiuk, MD"
768,1,"LaTonya Hickson, MD"
769,1,Ines Colmegna
770,1,"Martha L Arango, PhD"
771,1,"Richard L Neel, M.D."
772,1,"Guoping Lu, Doctor"
773,1,"HIMANSHU BANSAL, MS"
774,1,"Mina Fathi Kazerooni, MD, PhD"
775,1,"Yan Qu, M.D, Ph.D"
776,1,"wagdi mohamed, lecturer"
777,1,"Edwin Horwitz, MD"
778,1,"Manfred Weiss, MD"
779,1,Alexandre THERON
780,1,"Edward Kavalerchik, MD"
781,1,"Natalia Antonevich, Dr"
782,1,"Jolanta Airey, MD"
783,1,"Longfei Jia, MD,PhD"
784,1,"Liu Yang, MD"
785,1,"Jun Cui, MD"
786,1,"Li Yu, Dr"
787,1,"Xicheng Song, MD"
788,1,"Arief Nurudin, MD PhD"
789,1,Hua Jiang
790,1,"Murdani Abdullah, Prof. M.D., PhD, FACG, FASGE"
791,1,"Alison Smith, MD, PhD"
792,1,May Daher
793,1,"Charlton Strange, M.D"
794,1,"Chi-Tang Tu, Ph. D."
795,1,Fermín Sánchez-Guijo
796,1,"James Markert, MD"
797,1,"Krzysztof Ficek, MD, PhD, DSc"
798,1,"linzhong yu, professor"
799,1,"Joan VIDAL, MD, PhD"
800,1,"Andrew Sloan, MD"
801,1,"Josep M Piulats, MD, Phd"
802,1,"Armin Attar, MD"
803,1,Lijun Yuan
804,1,Kim Hyosang
805,1,"Mark Tuszynski, M.D., Ph.D."
806,1,"April Camilla Roslani, Prof. Dr."
807,1,Joan Morris
808,1,"Chan-Bum Choi, M.D.,Ph.D."
809,1,"Dimitrios Karussis, PhD"
810,1,Hai Li
811,1,"Qi-fa Liu, MD"
812,1,Moonyoung Kim
813,1,"Edward E Tredget, MD"
814,1,"Artur Stolarczyk, MD, PhD"
815,1,Hong In Yoon
816,1,"Heri Suroto, MD, PhD"
817,1,"Elaine Lim, MD"
818,1,"Steven Moran, MD"
819,1,"Dong-Ik Kim, PhD"
820,1,"Kyunggi Cho, MD,PhD"
821,1,"Heri Suroto, MD,PhD"
822,1,"Linos Vandekerckhove, Prof. Dr."
823,1,"Diana L Farmer, MD"
824,1,"Maria Felice Brizzi, MD"
825,1,Michael Schweizer
826,1,"Damien Meng Yew Tan, MBBS"
827,1,"Melissa Geller, MD, MS"
828,1,Jolanda Neele
829,1,"Thida Win, MD"
830,1,"Ali R Djalilian, MD"
831,1,"Antoine KIMMOUN, MD, PhD"
832,1,"Tim Albertson, MD"
833,1,"Vrisha Madhuri, MS Orth"
834,1,"Rafael F Duarte, MD, PhD"
835,1,"KyuJoo Park, MD. Ph D"
836,1,"Myung-Soo Choo, M.D, Ph.D"
837,1,"Ningning Wang, Professor"
838,1,"SeungKyu Han, MD. Ph D"
839,1,"Amr Qudeimat, MD"
840,1,"Daisuke Mori, Ph.D"
841,1,"Yoshiki Sawa, Ph.D"
842,1,"Giuseppe Montalto, MD"
843,1,"Nadir Arber, Prof."
844,1,"Dimitrios Karussis, Professor"
845,1,Evgeniya Kaigorodova
846,1,"Dr Abdalla Awidi, MD"
847,1,"Chen Hui-Sheng, Doctor"
848,1,Ivan Fan-ngai Hung
849,1,"Lev Verkh, PhD/MS"
850,1,"Mauricio G Cohen, MD"
851,1,"Sheikh Riazuddin, PhD"
852,1,"Álvaro Lassaletta Atienza, MD"
853,1,"Agung Putra, Assoc.Prof"
854,1,"Salvador Guillaumes, MD PhD"
855,1,"Anna Boada-Pladellorens, MD"
856,1,"Lars Bø, Prof"
857,1,"Frederick Locke, MD"
858,1,"Jiayin Liu, Doctor"
859,1,"Seung Hyun Kim, MD, PhD"
860,1,Haruhisa Inoue
861,1,Partow Kebriaei
862,1,"Peter B Hanson, MD"
863,1,James Wu
864,1,"Adam Yanke, MD"
865,1,"Xiaohui Zhang, doctor"
866,1,"Steven Cohen, MD"
867,1,"Carl Pepine, MD"
868,1,Mikkel Noerholm
869,1,"Ebru Kaya, MD"
870,1,Seçil Çalışkan
871,1,"Saskia Oro, MD"
872,1,Yago L Nieto
873,1,"Sheldon E Jordan, MD, FAAN"
874,1,"Olivier DETANTE, MD PhD"
875,1,"Shuji Terai, MD"
876,1,"Samuel Brown, MD"
877,1,"Young-joon Seo, M.D, Ph.D"
878,1,"Theodore Scott Nowicki, M.D."
879,1,"Vladimir P Baklaushev, MD, PhD"
880,1,"Denis Guyotat, PhD"
881,1,Kye Young Lee
882,1,"Katrin Engelmann, PhD"
883,1,Amy L Lightner
884,1,"Yizhi Liu, M.D.Ph.D."
885,1,Lung-Ji Chang
886,1,"Marianne Verhaar, MD, PhD"
887,1,"William A Faubion, M.D."
888,1,"Parveen Yaqoob, MA, DPhil, RNutr"
889,1,"J.A. Gietema, MD, PhD"
890,1,"Nancy E Lane, MD"
891,1,Temuqile
892,1,"Nora singer, MD"
893,1,Shana Chen
894,1,"Su Chan Kim, PhD"
895,1,"Hyun-suk Suh, MD, PhD"
896,1,"Won Ho Kim, Ph D"
897,1,Bahushan
898,1,Nashundalai
899,1,Wulan
900,1,SANG-CHEOL BAE
901,1,"José C Pastor Jimeno, MD, PhD"
902,1,"Diane L. Kamen, MD, MSCR"
903,1,"Trevor A. Dyson-Hudson, M.D."
904,1,"Dawang Wang, Ph.D."
905,1,"Michael A Solomon, M.D."
906,1,"Stig-Frederik T Kølle, MD, PhD"
907,1,"Yawei Xu, MD,PhD"
908,1,"Ronald Goldwater, MD"
909,1,Wonsoon Park
910,1,"Marcus Butler, MD"
911,1,Weishe Zhang
912,1,"Saeed Oraee-Yazdani, Dr"
913,1,Hongbin Lv
914,1,"Vincent DERAMECOURT, MD,PhD"
915,1,Ugo De Giorgi
916,1,"Dustin Richter, MD"
917,1,Hong Jiang
918,1,Abba C Zubair
919,1,"EDUARDO ANGELI MALAVOLTA A Malavolta, PhD"
920,1,Ziyi Yang
921,1,"Manon Benders, MD, PhD"
922,1,"Liem Nguyen, PhD"
923,1,"Oliver Müller, Prof. Dr."
924,1,"Mojgan Mohammadi, Ph.D"
925,1,"Dong Sun, MD"
926,1,Sam Janes
927,1,"Elizabeth Stenger, MD"
928,1,"Merit E. Cudkowicz, MD"
929,1,"Roberto Silingardi, Prof"
930,1,"Joseph SK Kwan, MD"
931,1,"Nathan P Staff, MD, PhD"
932,1,"Wen-Lin Su, PhD"
933,1,"Dante M Durand, MD"
934,1,Chuanjian Lu
935,1,"Phil Hyu Lee, M.D."
936,1,Navita Somaiah
937,1,"Walaa Khalifa, MD"
938,1,"Alexandr Gzgzyan, Prof, PhD"
939,1,"Mohammad Nouri, Ph.D"
940,1,"Joseph McGuirk, DO"
941,1,Juan A Bueren
942,1,"Pierre Simon Jouk, Professor"
943,1,"Aurélien MARABELLE, MD, PhD"
944,1,"Jung Hee Koh, MD"
945,1,"Tang Xun, doctor"
946,1,"Yimin Zeng, Dr."
947,1,"Joseph J Ruane, DO"
948,1,"Ekkehard Sturm, MD, PhD"
949,1,"Jianan Ren, MD"
950,1,"Martin Birchall, MD, PhD"
951,1,"Claudia L Sossa-Melo, MD"
952,1,"Patrick E Duffy, M.D."
953,1,"Raphael J. Sierra, M.D."
954,1,"Mona El Zarif, OD"
955,1,"Aleksandra Gasecka, MD"
956,1,Dominique PLANTAZ
957,1,"Alice Bexon, MD"
958,1,Janssen Vaccines & Prevention B.V. Clinical Trial
959,1,Taeyoon Kim
960,1,"Gerson Chadi, MD, PhD"
961,1,Urielle Desalbres
962,1,"Paulette Conget, PhD"
963,1,"Young-joon Seo, M.D., Ph.D"
964,1,Sébastien GIBOT
965,1,"Erica A. Roesch, MD"
966,1,"Scott M Norberg, D.O."
967,1,"Javier Fernandez, MD, PhD"
968,1,"Mahmoode Reza Ashrafi, MD"
969,1,You Wang
970,1,"Zuo Luan, MD"
971,1,"Leandro B Agati, PhD"
972,1,"Phil Newsome, MD"
973,1,"Joan Vidal, MD, PhD"
974,1,"Sitaram M Emani, MD"
975,1,"E. Antonio Chiocca, MD, PhD"
976,1,"Martijn Lolkema, MD, PhD"
977,1,"Marilyn K Glassberg, MD"
978,1,"Andrei Y Hancharou, Dr"
979,1,Jamie N Bakkum-Gamez
980,1,Guillaume Pineton de Chambrun
981,1,Anatoliy V. Voronin
982,1,"Adam Luginbuhl, MD"
983,1,"Yuhui Shen, Ph.D., M.D."
984,1,Jordan Gauthier
985,1,"Volodymyr M. Oksymets, MD,PhD,DSci"
986,1,"Lin Miao, MD"
987,1,"Yuankai Shi, Ph.D."
988,1,"Petr Šmíd, Dr."
989,1,"Kenneth Mautner, MD"
990,1,Abdalla Awidi
991,1,"Suk-Ho Moon, MD, PhD"
992,1,"Matthias A Salathe, MD"
993,1,"Sudhir R Patil, MDS"
994,1,"Marianne C Verhaar, MD, PhD"
995,1,"Danny F McAuley, Professor"
996,1,"Jürgen Bohlender, M.D."
997,1,Etienne BUSCAIL
998,1,"Geraldine H O'Sullivan Coyne, M.D."
999,1,"Antti S Rannikko, MD, PhD"
1000,1,"Ethylin Wang Jabs, MD"
1001,1,Martha Q Lacy
1002,1,Brian Miller
1003,1,"Evan P Nadler, MD"
1004,1,"Maria B Grant, MD"
1005,1,"Hongjun Wang, PhD"
1006,1,"Vincent GATINOIS, harmD"
1007,1,"Gianluca Giavaresi, MD"
1008,1,"Maria Noszczyk-Kostrzewa, PhD"
1009,1,"Arndt Rolfs, Prof."
1010,1,"Andrew Hoover, MD"
1011,1,"Beata Mrozikiewicz-Rakowska, . Assoc.Prof."
1012,1,"Matthias Ebert, Prof. Dr."
1013,1,"Alessio Zippo, PhD"
1014,1,"Chien-Ching Hung, MD, PhD"
1015,1,"Brandon Triplett, MD"
1016,1,Sen Mui Tan
1017,1,"Robert Spiera, MD"
1018,1,"Hong Chen, Doctor"
1019,1,"Petr Lesny, MD"
1020,1,"Juan Gallegos-Orozco, Ph.D"
1021,1,"Xuegong Fan, doctor"
1022,1,"Emerson Lim, MD"
1023,1,"Ying Lv, PhD"
1024,1,"Michael Matthay, MD"
1025,1,"Hicham Drissi, PhD"
1026,1,"Guangzhi Liu, Dr"
1027,1,"Francisco Espinoza, MD"
1028,1,"Jeffrey Cohen, MD"
1029,1,"Antoni Bayes-Genís, MD, PhD,FESC"
1030,1,"Mahmoudreza Ashrafi, MD"
1031,1,"Howard Gendelman, MD"
1032,1,"Elizaveta Kon, MD"
1033,1,"Xiang Chen, M.D. Ph.D"
1034,1,"David G. Armstrong, MD.Ph D."
1035,1,Dr W Flowers
1036,1,Frederick F Lang
1037,1,"Edouard Louis, Prof"
1038,1,"Ivan Wong, MD"
1039,1,"Chengxing Shen, Dr."
1040,1,Woei Shyu
1041,1,"Shengjun Ma, M.D"
1042,1,"Nicolas MOTTET, MD PhD"
1043,1,"Jorge M Mallea, MD"
1044,1,"Bernard (Barry) Baumel, MD"
1045,1,"Betsy Keller, Ph.D."
1046,1,"Alison Allan, PhD"
1047,1,"Hugo G Oliveira, PhD"
1048,1,"Lei Zhang, MD"
1049,1,"Randall Kimple, PhD"
1050,1,"Dolores M. Shoback, MD"
1051,1,"Emilie LE RHUN, MD"
1052,1,"Per-Ola Carlsson, PhD"
1053,1,"Jean-Olivier ARNAUD, Director"
1054,1,"Geeta K Swamy, MD"
1055,1,"BURA-RIVIERE Alessandra, PhD"
1056,1,"Lung-Ji Chang, PhD"
1057,1,"Adrian S Fairey, MD, MSc"
1058,1,Fu-Sheng Wang
1059,1,"Phuong Thi-Bich Le, MSc-MD"
1060,1,Cheng-FONG Chen
1061,1,"Prof. Dr. Md. Firoj Khan, MBBS,FRCP,MD"
1062,1,"Andy Abril, MD"
1063,1,"Melanie Rodacki, Ph.D"
1064,1,"Yetty M Nency, MD"
1065,1,"Fernando F E, MD"
1066,1,"Qin Huang, Doctor"
1067,1,"Scott D Martin, MD"
1068,1,"Manuel Pellegrini, MD"
1069,1,Study Director
1070,1,"Lei Li, M.D."
1071,1,"Matthew Drake, MD"
1072,1,"Damian Garcia-Olmo, Prof."
1073,1,"Kian Karimi, MD,FACS"
1074,1,"Liangwan Chen, M.D"
1075,1,"Xiqing Chai, Doctor"
1076,1,Jingbo Wang
1077,1,"Jair C Soares, MD, PhD"
1078,1,"Peter Rossing, MD"
1079,1,"KangIl Kim, M.D., Ph.D."
1080,1,"Sarah Larson, M.D."
1081,1,"Eric Sorscher, MD"
1082,1,"Allan D. Kirk, M.D., Ph.D."
1083,1,"Henry Bohler, MD"
1084,1,"SUNG SHIN, MD, PhD"
1085,1,"Andrew Sherman, MD"
1086,1,"Phuong Le, MSc-MD"
1087,1,"Eilon Ram, MD"
1088,1,"Ahmed O Gaber, MD"
1089,1,"James E Voos, MD"
1090,1,"Wenchun Qu, MD, MS, PhD"
1091,1,"Isaac Teitelbaum, MD"
1092,1,"Liu Jing, Ph.D"
1093,1,"Timothy R DeGrado, PhD"
1094,1,"Timothy O Brien, PhD"
1095,1,"Gil Rodas, MD"
1096,1,"Rong X Li, MD,PhD"
1097,1,"Dennis Confer, MD"
1098,1,"Chunlei Zhang, doctor"
1099,1,"Mariusz Trystuła, MD"
1100,1,Sylvain RHEIMS
1101,1,"Jing Liu, Ph.D"
1102,1,"Gilberto Poggioli, Prof"
1103,1,"Pål Augestad, PhD"
1104,1,"Željka Večerić-Haler, MDPhD"
1105,1,"Chen Chao, PhD,MD"
1106,1,Xiaona Lin
1107,1,"Mary Dillhoff, MD"
1108,1,"Eva Åström, MD PhD"
1109,1,"Arnon Karni, Dr."
1110,1,"Jeremy Goverman, MD"
1111,1,"Melinda Lawrence, MD"
1112,1,"Philip Waller, MD"
1113,1,"Jie Yang, PHD"
1114,1,"Tomasz Wróbel, MD.PhD"
1115,1,"Brian R Gastman, MD"
1116,1,"Byungcheol PARK, MD"
1117,1,Paul Leeson
1118,1,"Jason L Dragoo, MD"
1119,1,"Georgy Dimov, PhD"
1120,1,"Ming-Chau Chang, MD"
1121,1,"Ahmed Gamal, professor"
1122,1,"Michael Cotten, MD"
1123,1,"Gabriella Chiorean, MD"
1124,1,Laurent Castera
1125,1,"Emad EL Daly, Professor"
1126,1,Teo Cheng Peng
1127,1,"Kevin Bruce, BSc"
1128,1,"Peng Yan, MD"
1129,1,Shubham Pant
1130,1,Huimin Yi
1131,1,"Pierre Gosset, MD"
1132,1,"José F Izquierdo, M.D."
1133,1,"Yali Hu, MD,PhD"
1134,0,
