,count,Sponsor
0,29,The Foundation for Orthopaedics and Regenerative Medicine
1,26,Mayo Clinic
2,25,Royan Institute
3,17,"Anterogen Co., Ltd."
4,17,Hope Biosciences Stem Cell Research Foundation|Hope Biosciences
5,17,Chinese PLA General Hospital
6,16,Medipost Co Ltd.
7,15,"Mesoblast, Inc.|Mesoblast, Ltd."
8,12,National Cancer Institute (NCI)|National Institutes of Health Clinical Center (CC)
9,11,"Sclnow Biotechnology Co., Ltd."
10,11,Sun Yat-sen University
11,11,"Rigshospitalet, Denmark"
12,10,R-Bio
13,10,"Pharmicell Co., Ltd."
14,9,Fuzhou General Hospital
15,8,Hadassah Medical Organization
16,8,National Taiwan University Hospital
17,8,Indonesia University
18,8,University of Jordan
19,8,Andalusian Initiative for Advanced Therapies - Fundación Pública Andaluza Progreso y Salud|Iniciativa Andaluza en Terapias Avanzadas|Andalusian Network for Design and Translation of Advanced Therapies
20,8,Mayo Clinic|National Cancer Institute (NCI)
21,7,PT. Prodia Stem Cell Indonesia
22,7,Assistance Publique - Hôpitaux de Paris
23,7,Joshua M Hare|University of Miami
24,7,Translational Biosciences
25,7,"Direct Biologics, LLC"
26,7,Shanghai East Hospital
27,7,"University Hospital, Montpellier"
28,7,Longeveron Inc.
29,6,University of Liege
30,6,Cairo University
31,6,"Meridigen Biotech Co., Ltd."
32,6,"Sorrento Therapeutics, Inc."
33,6,Stempeutics Research Pvt Ltd
34,6,Beijing 302 Hospital
35,6,"Masonic Cancer Center, University of Minnesota"
36,6,Assiut University
37,6,Chinese Academy of Sciences|The Affiliated Nanjing Drum Tower Hospital of Nanjing University Medical School
38,5,M.D. Anderson Cancer Center|National Cancer Institute (NCI)
39,5,General Hospital of Chinese Armed Police Forces
40,5,Vinmec Research Institute of Stem Cell and Gene Technology
41,5,The Affiliated Nanjing Drum Tower Hospital of Nanjing University Medical School
42,5,Shenzhen Geno-Immune Medical Institute
43,5,Samsung Medical Center
44,5,National Institutes of Health Clinical Center (CC)
45,5,"Mesoblast, Ltd."
46,5,Celltex Therapeutics Corporation
47,5,University of Alabama at Birmingham
48,5,"Joanne Kurtzberg, MD|The Marcus Foundation|Duke University"
49,5,Hebei Medical University
50,5,Stem Cells Arabia
51,5,Qingdao University
52,4,"Central Hospital, Nancy, France"
53,4,"Pei-Yuan Lee, MD|Aeon Biotechnology Corporation|Show Chwan Memorial Hospital"
54,4,Leiden University Medical Center
55,4,"Clinica Universidad de Navarra, Universidad de Navarra"
56,4,Ruijin Hospital|Cellular Biomedicine Group Ltd.
57,4,Pluristem Ltd.
58,4,Sophia Al-Adwan|University of Jordan
59,4,"Rohto Pharmaceutical Co., Ltd."
60,4,Affiliated Hospital to Academy of Military Medical Sciences|Ivy Institute of Stem Cells Co. Ltd
61,4,Amy Lightner|The Cleveland Clinic
62,4,Guangdong Provincial Hospital of Traditional Chinese Medicine
63,4,University of Sao Paulo
64,4,Institute of Biophysics and Cell Engineering of National Academy of Sciences of Belarus|Belarusian State Medical University
65,4,"National Research Center for Hematology, Russia"
66,4,Adaptimmune
67,4,Yonsei University
68,4,"Kang Stem Biotech Co., Ltd."
69,4,Nature Cell Co. Ltd.
70,4,St. Jude Children's Research Hospital
71,4,Children's Hospital of Chongqing Medical University
72,4,Fujian Medical University
73,4,CENTOGENE GmbH Rostock
74,4,Maternal and Child Health Hospital of Foshan
75,4,Yantai Yuhuangding Hospital
76,4,Heat Biologics
77,4,"CAR-T (Shanghai) Biotechnology Co., Ltd."
78,4,Capricor Inc.
79,4,Instituto de Investigación Hospital Universitario La Paz
80,4,Peking University People's Hospital
81,3,"Mesoblast International Sàrl|Mesoblast, Ltd."
82,3,Ahmad Jabir Rahyussalim|Indonesia University
83,3,University of Louisville
84,3,"SCM Lifescience Co., LTD."
85,3,Genelux Corporation
86,3,"University Hospital, Bordeaux"
87,3,"John Paul II Hospital, Krakow|KCRI|National Center for Research and Development, Poland"
88,3,Fate Therapeutics
89,3,"EHL Bio Co., Ltd."
90,3,Ukraine Association of Biobank
91,3,Medical University of Warsaw
92,3,Brainstorm-Cell Therapeutics
93,3,Shandong University
94,3,National University of Malaysia|Cytopeutics Sdn. Bhd.
95,3,Seoul National University Hospital
96,3,Hope Biosciences
97,3,"University Hospital, Angers"
98,3,RHEACELL GmbH & Co. KG|FGK Clinical Research GmbH|Ticeba GmbH|Granzer Regulatory Consulting & Services
99,3,"Third Affiliated Hospital, Sun Yat-Sen University"
100,3,Medical University of South Carolina|National Institute of Diabetes and Digestive and Kidney Diseases (NIDDK)
101,3,Institute of Biophysics and Cell Engineering of National Academy of Sciences of Belarus|Belarusian Medical Academy of Post-Graduate Education
102,3,"Exosome Diagnostics, Inc."
103,3,"Corestem, Inc."
104,3,GlaxoSmithKline
105,3,"Joshua M Hare|National Heart, Lung, and Blood Institute (NHLBI)|University of Miami"
106,3,South China Research Center for Stem Cell and Regenerative Medicine
107,3,Uppsala University Hospital
108,3,"Jie Shen|Nanfang Hospital of Southern Medical University|Academy Military Medical Science, China|The Fifth Affiliated Hospital of Southern Medical University|Southern Medical University, China|The Third Affiliated Hospital of Southern Medical University"
109,3,Affiliated Hospital to Academy of Military Medical Sciences
110,3,"Third Affiliated Hospital, Sun Yat-Sen University|West China Hospital|Shanghai East Hospital"
111,3,Istituto Ortopedico Rizzoli
112,3,AHEPA University Hospital
113,3,"William A. Faubion, M.D.|Mayo Clinic"
114,3,Hospital Sao Rafael
115,3,Tisch Multiple Sclerosis Research Center of New York
116,3,"Universidad de los Andes, Chile"
117,3,Samsung Medical Center|Medipost Co Ltd.
118,3,Liaocheng People's Hospital
119,3,Shahid Beheshti University of Medical Sciences
120,3,Puerta de Hierro University Hospital
121,3,Emory University
122,3,Xijing Hospital of Digestive Diseases
123,3,M.D. Anderson Cancer Center
124,3,Nantes University Hospital
125,3,"First Affiliated Hospital, Sun Yat-Sen University|Second Affiliated Hospital of Guangzhou Medical University"
126,3,Rush University Medical Center
127,3,King Edward Medical University
128,3,"Federal Research Clinical Center of Federal Medical & Biological Agency, Russia"
129,3,Third Military Medical University
130,3,Celyad Oncology SA
131,2,National Yang Ming University
132,2,"Corestem, Inc.|Hanyang University"
133,2,Hospital de Clinicas de Porto Alegre
134,2,"University of Colorado, Denver"
135,2,"The University of Texas Health Science Center, Houston"
136,2,"Shenzhen Beike Bio-Technology Co., Ltd.|The Second Affiliated Hospital of Kunming Medical University"
137,2,"The Cleveland Clinic|Mesoblast, Inc."
138,2,Alliancells Bioscience Corporation Limited
139,2,Chinese Academy of Medical Sciences
140,2,Kessler Foundation
141,2,Monia Lorini|Mario Negri Institute for Pharmacological Research|A.O. Ospedale Papa Giovanni XXIII
142,2,"Xinhua Hospital, Shanghai Jiao Tong University School of Medicine"
143,2,Tigenix S.A.U.|Takeda
144,2,Institute of Hematology & Blood Diseases Hospital
145,2,"The University of Texas Health Science Center, Houston|National Heart, Lung, and Blood Institute (NHLBI)"
146,2,"Hope Biosciences|The University of Texas Health Science Center, Houston"
147,2,University of Kansas Medical Center
148,2,"Shenzhen Hornetcorn Bio-technology Company, LTD|The Fifth Affiliated Hospital of Guangzhou Medical University"
149,2,Institut de Terapia Regenerativa Tissular
150,2,University Hospital Tuebingen
151,2,Neurological Associates of West Los Angeles
152,2,Alethia Biotherapeutics
153,2,KLE Society's Institute of Dental Sciences
154,2,Kasiak Research Pvt. Ltd.
155,2,Azidus Brasil|Cellavita Pesquisa Científica Ltda
156,2,Qilu Hospital of Shandong University
157,2,Karolinska Institutet
158,2,University of Nebraska
159,2,"Nanfang Hospital of Southern Medical University|Academy Military Medical Science, China|Peking University People's Hospital|Sun Yat-sen University|Guangdong Provincial People's Hospital|Guangzhou General Hospital of Guangzhou Military Command|Third Affiliated Hospital, Sun Yat-Sen University|Shanghai Zhongshan Hospital"
160,2,Catherine Bollard|Children's National Research Institute
161,2,Postgraduate Institute of Medical Education and Research
162,2,Melissa Marchand|Z Urology
163,2,"Bioinova, s.r.o.|Department of Neurology, University Hospital Motol, Prague, Czech Republic"
164,2,Karolinska Institutet|Region Stockholm
165,2,"National Heart, Lung, and Blood Institute (NHLBI)|National Institutes of Health Clinical Center (CC)"
166,2,United Therapeutics
167,2,Chinese University of Hong Kong
168,2,PT Bio Farma
169,2,"Red de Terapia Celular|Haematology Service,University Hospital of Salamanca, MªConsuelo del Cañizo Fernández-Roldán|Spanish National Health System"
170,2,Instituto de Investigación Sanitaria de la Fundación Jiménez Díaz
171,2,Baylx Inc.
172,2,"Sentien Biotechnologies, Inc."
173,2,R.P.Herrmann|Royal Perth Hospital
174,2,Case Comprehensive Cancer Center|National Cancer Institute (NCI)
175,2,"Ever Supreme Bio Technology Co., Ltd."
176,2,NextCell Pharma Ab
177,2,Assistance Publique Hopitaux De Marseille
178,2,"Nanfang Hospital of Southern Medical University|Peking University People's Hospital|Sun Yat-sen University|Guangdong Provincial People's Hospital|Guangzhou General Hospital of Guangzhou Military Command|Southern Medical University, China|Third Affiliated Hospital, Sun Yat-Sen University|Sun Yat-Sen Memorial Hospital of Sun Yat-Sen University|Guangzhou First People's Hospital|Zhongshan People's Hospital, Guangdong, China"
179,2,"Nanfang Hospital of Southern Medical University|Sun Yat-sen University|Peking University People's Hospital|Guangdong Provincial People's Hospital|Guangzhou General Hospital of Guangzhou Military Command|Southern Medical University, China|Third Affiliated Hospital, Sun Yat-Sen University|Sun Yat-Sen Memorial Hospital of Sun Yat-Sen University|Guangzhou First People's Hospital|Zhongshan People's Hospital, Guangdong, China"
180,2,R-Bio|Korea University Anam Hospital
181,2,"Shanghai General Hospital, Shanghai Jiao Tong University School of Medicine"
182,2,Centre Hospitalier Universitaire de Nice
183,2,GlaxoSmithKline|Merck Sharp & Dohme Corp.
184,2,Brainstorm-Cell Therapeutics|Hadassah Medical Organization
185,2,"Institut National de la Santé Et de la Recherche Médicale, France"
186,2,"University Hospital, Toulouse"
187,2,CHU de Reims
188,2,"Emory University|National Heart, Lung, and Blood Institute (NHLBI)"
189,2,Istituto Clinico Humanitas
190,2,"Nanfang Hospital of Southern Medical University|Guangdong Provincial People's Hospital|Third Affiliated Hospital, Sun Yat-Sen University|Guangzhou General Hospital of Guangzhou Military Command|Guangzhou First People's Hospital|Sun Yat-Sen Memorial Hospital of Sun Yat-Sen University|Southern Medical University, China|Peking University People's Hospital|Huazhong University of Science and Technology|Sun Yat-sen University|Academy Military Medical Science, China"
191,2,Mario Negri Institute for Pharmacological Research
192,2,Xinqiao Hospital of Chongqing
193,2,"Hospital Infantil Universitario Niño Jesús, Madrid, Spain|Apices Soluciones S.L."
194,2,Universidad Autonoma de Madrid
195,2,"A.A. Partners, LLC"
196,2,"CHABiotech CO., Ltd"
197,2,Saglik Bilimleri Universitesi Gulhane Tip Fakultesi
198,2,American CryoStem Corporation
199,2,"Shenzhen Beike Bio-Technology Co., Ltd.|The Affiliated Nanjing Drum Tower Hospital of Nanjing University Medical School|The Affiliated Nanjing Brain Hospital of Nanjing University Medical School|Nanjing University Medical College Affiliated Wuxi Second Hospital|Xuzhou Medical University|The Second Hospital of Nanjing Medical University"
200,2,"Southeast University, China"
201,2,Pfizer
202,2,"Campus Bio-Medico University|Fondazione IRCCS Ca' Granda, Ospedale Maggiore Policlinico|Center for Outcomes Research and Clinical Epidemiology, Italy"
203,2,University of Tehran
204,2,China Medical University Hospital
205,2,Ruijin Hospital
206,2,University of Warmia and Mazury
207,2,"University College, London"
208,2,Shandong University|National Natural Science Foundation of China
209,2,Emory University|The Marcus Foundation
210,2,TCA Cellular Therapy
211,2,Inbo Han|CHA University
212,2,Cellonis Biotechnology Co. Ltd.
213,2,Dr. Himanshu Bansal Foundation
214,2,Children's Hospital of Fudan University
215,2,Medical University of South Carolina
216,2,Chinese Academy of Sciences|Affiliated Hospital of Logistics University of CAPF
217,2,VA Office of Research and Development
218,2,Regeneron Pharmaceuticals
219,2,"Shenzhen Hornetcorn Bio-technology Company, LTD|The Second Affiliated Hospital of University of South China"
220,2,"University Hospital, Limoges"
221,2,"Second Affiliated Hospital, School of Medicine, Zhejiang University"
222,2,RHEACELL GmbH & Co. KG|FGK Clinical Research GmbH|Ticeba GmbH
223,2,Hospital Znojmo
224,2,Indiana University
225,2,Novartis Pharmaceuticals|Novartis
226,2,Cellular Biomedicine Group Ltd.|RenJi Hospital
227,2,Cartesian Therapeutics
228,2,Sheba Medical Center
229,2,"University of Turin, Italy"
230,2,"University Hospital, Grenoble"
231,2,Cynata Therapeutics Limited
232,2,Guangzhou General Hospital of Guangzhou Military Command
233,2,Hanan Jafar|University of Jordan
234,2,Nanjing Medical University
235,2,The First Affiliated Hospital of Dalian Medical University
236,2,Stempeutics Research Pvt Ltd|Stempeutics Research Malaysia SDN BHD
237,2,King's College London
238,2,"Shanghai EpimAb Biotherapeutics Co., Ltd.|Covance"
239,2,Fudan University
240,2,Dr. Soetomo General Hospital
241,2,MD Stem Cells
242,2,Asan Medical Center
243,1,"Mesoblast, Inc.|Quintiles, Inc.|Mesoblast, Ltd."
244,1,"Taiwan Bio Therapeutics Co., Ltd."
245,1,University of Calgary
246,1,University of Southern Denmark|Danish Diabetes Academy|Odense University Hospital|Beckett Foundation
247,1,Inbo Han|CHA University|Bundang CHA Hospital
248,1,"Rambam Health Care Campus|Technion, Israel Institute of Technology"
249,1,Celal Bayar University|The Scientific and Technological Research Council of Turkey|Acıbadem Labcell
250,1,"Jas Chahal|University Health Network, Toronto"
251,1,Stony Brook University
252,1,"Navy General Hospital, Beijing|Bethune International Peace Hospital|Daping Hospital and the Research Institute of Surgery of the Third Military Medical University|Hunan Children's Hospital|Shangluo Central Hospital|252 Military Hospital"
253,1,Memorial Sloan Kettering Cancer Center|Weill Medical College of Cornell University|National Institutes of Health (NIH)|University of Pittsburgh
254,1,Chin-Hung Chang|EMO Biomedicine Corporation|Far Eastern Memorial Hospital
255,1,Chinese Academy of Sciences|Affiliated Hospital of Logistics University of CAPF|The First Affiliated Hospital of Soochow University|First Hospitals affiliated to the China PLA General Hospital
256,1,"Navy General Hospital, Beijing|First People's Hospital of Foshan|General Hospital of Armed Police, Beijing|PLA General Hospital, Beijing"
257,1,"National Institute of Blood and Marrow Transplant (NIBMT), Pakistan"
258,1,Tianjin Medical University General Hospital
259,1,Emory University|CURE Foundation
260,1,"University Hospital, Grenoble|Horizon 2020 - European Commission|University Grenoble Alps|Servicio Madrileño de Salud, Madrid, Spain|St. Anne's University Hospital Brno, Czech Republic|Andaluz Health Service|University of Glasgow|University of Eastern Finland|Etablissement Français du Sang|Tampere University|Histocell SL, Spain|Medfiles CRO, Finland|Institut National de la Santé Et de la Recherche Médicale, France|Hospices Civils de Lyon|Association Groupe ESSEC|NOVADISCOVERY SAS, France|Finovatis|Centre Hospitalier Universitaire de Besancon|Assistance Publique - Hôpitaux de Paris|University Hospital, Toulouse|University Hospital, Bordeaux|University Hospital, Caen|Fundación Instituto de Estudios de Ciencias de la Salud de Castilla y León|Fundació Institut de Recerca de l'Hospital de la Santa Creu i Sant Pau|Servicio de Salud de Castilla La Mancha, Albacete, Spain|Servizo Galego de Saude, Santiago de Compostela, Spain|Pirkanmaa Hospital District, Tampere, Finland|Hospital Vall d'Hebron|Institut d'Investigació Biomèdica de Girona Dr. Josep Trueta"
261,1,Medipost America Inc.|Medipost Co Ltd.
262,1,Mayo Clinic|University of Mississippi Medical Center|University of Alabama at Birmingham
263,1,Technische Universität Dresden
264,1,"Annetine Gelijns|National Heart, Lung, and Blood Institute (NHLBI)|Icahn School of Medicine at Mount Sinai"
265,1,"University Hospital, Montpellier|University Hospital, Toulouse|Assistance Publique - Hôpitaux de Paris|NATIONAL UNIVERSITY OF IRELAND, GALWAY (NUIG)|ISTITUTO ORTOPEDICO RIZZOLI (IOR)|Etablissement Français du Sang|Institut National de la Santé Et de la Recherche Médicale, France|ECRIN EUROPEAN CLINICAL RESEARCH INFRASTRUCTURE NETWORK (ECRIN)|HUMAN MED AG (HM)|Stichting Katholieke Universiteit|SPORTS SURGERY CLINIC LIMITED|UNIVERSITA DEGLI STUDI DI PADOVA (UNIPD)|EVANGELISCHES WALDKRANKENHAUS SPANDAU KRANKENHAUSBETRIEBS GGMBH (EWK)|PINTAIL LTD (PT)|Centre National de la Recherche Scientifique, France|UNIVERSITAET ULM (UULM)|Cambridge University Hospitals NHS Foundation Trust|Aries srl (ARIES)"
266,1,"Stemedica Cell Technologies, Inc.|Stemedica International SA"
267,1,Cellular Biomedicine Group Ltd.|Shanghai Ninth People's Hospital Affiliated to Shanghai Jiao Tong University
268,1,"University of Colorado, Denver|Karsh Family Research Fund"
269,1,Ain Shams Maternity Hospital
270,1,Mayo Clinic|Food and Drug Administration (FDA)|National Institute of Neurological Disorders and Stroke (NINDS)
271,1,Acibadem University
272,1,"Cell Therapy Catapult|University College, London|Videregen"
273,1,Chiang Mai University
274,1,"Guangdong Provincial People's Hospital|Sun Yat-sen University|Nanfang Hospital of Southern Medical University|Guangzhou General Hospital of Guangzhou Military Command|Third Affiliated Hospital, Sun Yat-Sen University|Guangzhou First People's Hospital|Academy Military Medical Science, China"
275,1,Janssen Vaccines & Prevention B.V.
276,1,"Vyriad, Inc."
277,1,"The Affiliated Nanjing Drum Tower Hospital of Nanjing University Medical School|Institute of genetic development, Chinese Academy of Sciences|Institute of zoology, Chinese Academy of Sciences"
278,1,Tehran University of Medical Sciences
279,1,Medical University of Warsaw|Academisch Medisch Centrum - Universiteit van Amsterdam (AMC-UvA)
280,1,"Vissum, Instituto Oftalmológico de Alicante|Reviva Pharmaceuticals|Hospital Universitario La Paz|LASER VISION CENTER IN LIBANON|OPTICA GENERAL IN LIBANON"
281,1,"Xinhua Hospital, Shanghai Jiao Tong University School of Medicine|Shanghai Shen Kang Hospital Development Center"
282,1,National Institute of Allergy and Infectious Diseases (NIAID)|National Institutes of Health Clinical Center (CC)
283,1,Sarcoma Alliance for Research through Collaboration|Merck Sharp & Dohme Corp.
284,1,Universidad Autónoma de Bucaramanga|Fundación Oftalmológica de Santander Clínica Carlos Ardila Lulle|Instituto Colombiano para el Desarrollo de la Ciencia y la Tecnología (COLCIENCIAS)
285,1,"Jinling Hospital, China"
286,1,University of Sao Paulo General Hospital|Pontifícia Universidade Católica do Paraná
287,1,"Ferrer Internacional S.A.|Histocell, S.L."
288,1,"Navy General Hospital, Beijing|Peking Union Medical College Hospital|General Hospital of Beijing PLA Military Region|Chinese Academy of Medical Sciences"
289,1,OhioHealth
290,1,"The Second Affiliated Hospital of Fujian Medical University|Shanghai iCELL Biotechnology Co., Ltd, Shanghai, China"
291,1,Zhujiang Hospital
292,1,Universidad del Desarrollo|Clinica Alemana de Santiago
293,1,The Catholic University of Korea|Seoul St. Mary's Hospital
294,1,Ankara University|Hacettepe University|Turkiye Yuksek Ihtisas Education and Research Hospital|Atigen-Cell and Tissue Center|Dr. Sami Ulus Children's Hospital|Ankara Yildirim Beyazıt University
295,1,Yamaguchi University Hospital
296,1,Tigenix S.A.U.|Cellerix
297,1,University of Sao Paulo|Conselho Nacional de Desenvolvimento Científico e Tecnológico
298,1,Erica Roesch|Case Western Reserve University|Cystic Fibrosis Foundation|University Hospitals Cleveland Medical Center
299,1,"Jianwu Dai|Southwest Hospital, China|Chinese Academy of Sciences"
300,1,Centre Leon Berard|Transgene
301,1,"Pere Gines|Clinica Universidad de Navarra, Universidad de Navarra|Hospital Clinic of Barcelona"
302,1,Janssen Vaccines & Prevention B.V.|National Institute of Allergy and Infectious Diseases (NIAID)|US Military HIV Research Program|Beth Israel Deaconess Medical Center|International AIDS Vaccine Initiative
303,1,"Francisco Espinoza, MD|Universidad de los Andes, Chile"
304,1,South China Research Center for Stem Cell and Regenerative Medicine|Guangzhou Panyu Central Hospital
305,1,"Altaco XXI, LLP|Duke University"
306,1,"The Foundation for Spinal Research, Education and Humanitarian Care, Inc."
307,1,"The University of Texas Health Science Center, Houston|United States Department of Defense|U.S. Army Medical Research and Development Command"
308,1,"University of Science Ho Chi Minh City|Van Hanh General Hospital|Nguyen Tri Phuong Hospital, Ho Chi Minh city, Viet Nam|GeneWorld Ltd Co, Ho Chi Minh city, Viet Nam"
309,1,Unity Health Toronto
310,1,Gary Archer Ph.D.|Duke University
311,1,South China Research Center for Stem Cell and Regenerative Medicine|Sun Yat-sen University
312,1,"Jianwu Dai|Southwest Hospital, China|Nanjing Chest Hospital|Chinese Academy of Sciences"
313,1,"Academy Military Medical Science, China|Sun Yat-sen University"
314,1,"South China Research Center for Stem Cell and Regenerative Medicine|Guangzhou General Hospital of Guangzhou Military Command of PLA|Third Affiliated Hospital, Sun Yat-Sen University"
315,1,"Mesoblast, Ltd.|Quintiles, Inc."
316,1,"Nature Cell Co. Ltd.|KCRN Research, LLC"
317,1,"Memorial Sloan Kettering Cancer Center|Stanford University|Juno Therapeutics, Inc."
318,1,"Ministry of Public Health, Republic of Belarus"
319,1,UMC Utrecht|Meander Medical Center|Erasmus Medical Center|Hubrecht Institute
320,1,Andalusian Initiative for Advanced Therapies - Fundación Pública Andaluza Progreso y Salud|Andalusian Initiative for Advanced Therapies|Andalusian Network for Design and Translation of Advanced Therapies
321,1,Banc de Sang i Teixits|Vall d'Hebron Research Institute (VHIR)
322,1,University College Dublin
323,1,"Qipeng Sun|Zhujiang Hospital|The Second Affiliated Hospital, Guangzhou University of Traditional Chinese Medicine|Third Affiliated Hospital, Sun Yat-Sen University"
324,1,Nanfang Hospital of Southern Medical University|Sun Yat-sen University
325,1,"Shenzhen Hornetcorn Bio-technology Company, LTD|Futian People's Hospital"
326,1,Mirati Therapeutics Inc.
327,1,Steminent Biotherapeutics Inc.
328,1,Dallas VA Medical Center|National Institute of Diabetes and Digestive and Kidney Diseases (NIDDK)
329,1,"Guangzhou General Hospital of Guangzhou Military Command|Guangzhou First People's Hospital|Nanfang Hospital of Southern Medical University|Southern Medical University, China|First Affiliated Hospital, Sun Yat-Sen University|Second Affiliated Hospital, Sun Yat-Sen University|Third Affiliated Hospital, Sun Yat-Sen University|Fifth Affiliated Hospital, Sun Yat-Sen University|Guangdong Provincial People's Hospital|The Second People's Hospital of GuangDong Province|First Affiliated Hospital of Jinan University|The First Affiliated Hospital of Guangzhou Medical University|Second Affiliated Hospital of Guangzhou Medical University|Peking University Shenzhen Hospital|Shenzhen Second People's Hospital"
330,1,Leilei Zhu|Chinese Academy of Sciences|The Affiliated Nanjing Drum Tower Hospital of Nanjing University Medical School
331,1,"Johns Hopkins University|Massachusetts General Hospital|Emory University|Ohio State University|Washington University School of Medicine|Cedars-Sinai Medical Center|University of California, Irvine|Massachusetts Institute of Technology|New York Genome Center|Leandro P. Rizzuto Foundation|Texas Neurology|Northwestern University Les Turner ALS Center"
332,1,"Red de Terapia Celular|Instituto Murciano de Investigación Biosanitaria Virgen de la Arrixaca|Fundacion para la Formacion e Investigacion Sanitarias de la Region de Murcia|Hospital Universitario Virgen de la Arrixaca|Spanish National Health System|Public Health Service, Murcia"
333,1,Novo Cellular Medicine Institute LLP
334,1,"Red de Terapia Celular|Instituto Murciano de Investigación Biosanitaria Virgen de la Arrixaca|Fundacion para la Formacion e Investigacion Sanitarias de la Region de Murcia|Hospital Universitario Virgen de la Arrixaca|Spanish National Health System|Public Health Service, Murcia|BIONAND, Universidad de Málaga, IBIMA, Ciber-bbn|Grupo de Tecnología Sanitaria CIBER-BBN, Inst. Biomecánica de Valencia"
335,1,Johann Wolfgang Goethe University Hospital
336,1,Kumamoto University
337,1,St. Jude Children's Research Hospital|University of Chicago|National Cancer Institute (NCI)
338,1,"Janssen Research & Development, LLC"
339,1,"Southern Medical University, China|Second Affiliated Hospital of Guangzhou Medical University"
340,1,Federal University of Bahia|Oswaldo Cruz Foundation
341,1,"Rutgers, The State University of New Jersey"
342,1,Marilyn Glassberg|University of Miami
343,1,The Immunobiological Technology Institute (Bio-Manguinhos) / Oswaldo Cruz Foundation (Fiocruz)
344,1,Banc de Sang i Teixits|Fundacion Clinic per a la Recerca Biomédica
345,1,"University of Gaziantep|Istınye University, Cukurova University, Yıldırım Beyazıt University, Gaziantep Deva Hospital, Gaziantep Public Hospital"
346,1,University of Leeds|The Leeds Teaching Hospitals NHS Trust
347,1,Salvat
348,1,Fuzhou General Hospital|Shaanxi Provincial People's Hospital
349,1,Instituto Mexicano del Seguro Social
350,1,Memorial Sloan Kettering Cancer Center|Icahn School of Medicine at Mount Sinai
351,1,Fundacion para la Investigacion Biomedica del Hospital Universitario Ramon y Cajal|Instituto de Salud Carlos III|Fundación de Ayuda a la Investigación sobre la Hipertensión pulmonar
352,1,"University of Nevada, Reno|Augusta University"
353,1,Institut Pasteur
354,1,Red de Terapia Celular|Instituto de Salud Carlos III|University of Valladolid|Centro en Red de Medicina Regenerativa de Castilla y Leon
355,1,Igenomix
356,1,M.D. Anderson Cancer Center|Katz Foundation
357,1,"Mario Negri Institute for Pharmacological Research|Leiden University Medical Center|ASST Papa Giovanni XXIII, Bergamo, Italy|IRCCS - Istituto di Ricerche Farmacologiche Mario Negri - Bergamo, Italy|Belfast Health and Social Care Trust|National University of Ireland, Galway, Ireland|University Hospital Birmingham, NHS Foundation Trust, Hospital, Birmingham, UK|NHS Blood and Transplant"
358,1,Genesis Limited
359,1,"Jacob L. Sellon, M.D.|Mayo Clinic"
360,1,Sun Yat-Sen Memorial Hospital of Sun Yat-Sen University|Nanfang Hospital of Southern Medical University|Second Affiliated Hospital of Guangzhou Medical University
361,1,Universitätsklinikum Hamburg-Eppendorf
362,1,"Man Clinic for Andrology, Male Infertility and Sexual Dysfunction"
363,1,Memorial Sloan Kettering Cancer Center|Bellicum Pharmaceuticals|United States Department of Defense
364,1,National Heart Centre Singapore
365,1,"Johns Hopkins University|National Heart, Lung, and Blood Institute (NHLBI)"
366,1,University of Bergen|University of Ulm|Haukeland University Hospital|Université de Nantes
367,1,Federal University of Bahia|Hospital Universitário Professor Edgard Santos|Oswaldo Cruz Foundation
368,1,Fundación Pública Andaluza Progreso y Salud|Andalusian Network for Design and Translation of Advanced Therapies
369,1,Aristotle University Of Thessaloniki|University of Glasgow
370,1,"National Institute of Blood and Marrow Transplant (NIBMT), Pakistan|Armed Forces Institute of Regenerative Medicine"
371,1,The University of Queensland|Isopogen|Cell and Tissue Therapies
372,1,"Limin Rong|Third Affiliated Hospital, Sun Yat-Sen University"
373,1,Azidus Brasil|Cellavita Pesquisa Científica Ltda|Azidus Brasil Scientific Research and Development Ltda
374,1,"Cambridge University Hospitals NHS Foundation Trust|University of Cambridge|Cambridge Stem Cell Institute, Cambridge|Anne McLarent Laboratory of Regenerative Medicine, Cambridge|The Gurdon Institute, Cambridge|Sanger Institure, Cambridge|Institute of Metabolic Science, Cambridge|MRC Mitochondrial Biology Unit, Cambridge"
375,1,"Sumitomo Dainippon Pharma Oncology, Inc"
376,1,Hunter Holmes Mcguire Veteran Affairs Medical Center|Foundation for Physical Medicine and Rehabilitation
377,1,Sri Sai College of Dental Surgery and Research Centre
378,1,"CardioCell LLC|Stemedica Cell Technologies, Inc."
379,1,Moorfields Eye Hospital NHS Foundation Trust|Medical Research Council
380,1,RHEACELL GmbH & Co. KG|Ticeba GmbH|FGK Clinical Research GmbH|Granzer Regulatory Consulting & Services
381,1,Bioquark Inc.|Revita Life Sciences|Anupam Hospital
382,1,K. Sreekumaran Nair|National Institute of Diabetes and Digestive and Kidney Diseases (NIDDK)|Mayo Clinic
383,1,"University Hospital, Toulouse|Thoratec Corporation"
384,1,Dr. Mostafa Ghanei|Baqiyatallah Medical Sciences University
385,1,Shenzhen Second People's Hospital|Shenzhen Institute for Innovation and Translational Medicine
386,1,"Laureate Institute for Brain Research, Inc.|University of Oklahoma|Rutgers University|University of California, San Diego"
387,1,Ottawa Hospital Research Institute|Canadian Institutes of Health Research (CIHR)
388,1,"zaid husein ali|Global Stem Cell Center, Baghdad"
389,1,Johns Hopkins University
390,1,"Banc de Sang i Teixits|Centro Medico Teknon|Institut de Terapia Regenerativa Tissular|Cetir Sant Jordi, S.a.."
391,1,City of Hope Medical Center|National Cancer Institute (NCI)
392,1,R-Bio|Asan Medical Center
393,1,Guangzhou General Hospital of Guangzhou Military Command|Guangzhou Municipal Twelfth People's Hospital|Guangdong Prevention and Treatment Center for Occupational Diseases
394,1,Chin-Hung Chang|Far Eastern Memorial Hospital
395,1,"CellMed AG, a subsidiary of BTG plc."
396,1,"Stemedica Cell Technologies, Inc.|University of California, San Diego|Mercy Gilbert Medical Center at AZ|Chandler Regional Medical Center at Chandler AZ|UCI Medical Center"
397,1,"Navy General Hospital, Beijing|Chinese PLA General Hospital|General Hospital of Chinese Armed Police Forces|First People's Hospital of Foshan"
398,1,Ural State Medical University|Ural Institute of Cardiology|De Haar Research Task Force|Ural Federal University|Transfiguration Clinic
399,1,"Stanford University|National Institute of Arthritis and Musculoskeletal and Skin Diseases (NIAMS)|Abeona Therapeutics, Inc"
400,1,National Institutes of Health Clinical Center (CC)|National Cancer Institute (NCI)
401,1,Yufang Shi|Soochow University|Chinese Academy of Sciences
402,1,Albert Saiz|Instituto de Salud Carlos III|Hospital Clinic of Barcelona
403,1,Taipei Medical University WanFang Hospital
404,1,Ruhr University of Bochum
405,1,Fu-Sheng Wang|Beijing 302 Hospital
406,1,"Red de Terapia Celular|Fundacion Teknon, Centro Medico Teknon, Barcelona|University of Valladolid|Centro en Red de Medicina Regenerativa de Castilla y Leon|Institut de Terapia Regenerativa Tissular|EGARSAT Suma Intermutual, Barcelona, Spain|Cetir Sant Jordi, S.a.."
407,1,The Prince Charles Hospital|Cell & Tissue Therapies Western Australia
408,1,"Michel Assor, MD|University of Marseille"
409,1,"Gustave Roussy, Cancer Campus, Grand Paris"
410,1,Lu Debin|Third Military Medical University
411,1,Leiden University Medical Center|DigestScience
412,1,Ewha Womans University
413,1,Eunice Kennedy Shriver National Institute of Child Health and Human Development (NICHD)|National Institutes of Health Clinical Center (CC)
414,1,Universitair Ziekenhuis Brussel
415,1,R.P.Herrmann|The Queen Elizabeth Hospital|Concord Hospital|Sir Charles Gairdner Hospital|The Alfred|Royal Perth Hospital
416,1,"University of Miami|National Heart, Lung, and Blood Institute (NHLBI)|The Emmes Company, LLC"
417,1,"HomeoTherapy Co., Ltd"
418,1,Hospital Sao Rafael|Oswaldo Cruz Foundation|Irep Sociedade de Ensino Superior Médio e Fundamental Limitada|Hospital Espanhol
419,1,"Fred Hutchinson Cancer Research Center|National Heart, Lung, and Blood Institute (NHLBI)|Rocket Pharma Limited"
420,1,"Shenzhen Beike Bio-Technology Co., Ltd.|No.85 Hospital, Changning, Shanghai, China"
421,1,Chinese Academy of Medical Sciences|Zhejiang University|Chinese PLA General Hospital|307 Hospital of PLA|Peking Union Medical College
422,1,Peking Union Medical College Hospital
423,1,Scripps Translational Science Institute
424,1,John C Burnett|National Center for Research Resources (NCRR)|Mayo Clinic
425,1,"S-Evans Biosciences Co., Ltd.|Zhejiang University|Wenzhou Medical University|Zhenjiang First People's Hospital"
426,1,"S-Evans Biosciences Co., Ltd.|Zhejiang University|Zhejiang General Hospital of Armed Police|Zhenjiang First People's Hospital|Wuhan General Hospital of Guangzhou Military Command"
427,1,University of Aarhus
428,1,"Southern Medical University, China|The Second People's Hospital of Nanhai District of Foshan|The First People's Hospital of Haizhu District Guangzhou|Cellonis Biotechnology Co. Ltd."
429,1,National University of Malaysia|Cytopeutics Pte. Ltd.
430,1,Genelux GmbH|Genelux Corporation
431,1,"Deborah Ascheim|National Heart, Lung, and Blood Institute (NHLBI)|Icahn School of Medicine at Mount Sinai"
432,1,"Robert Chunhua Zhao, MD, PhD|Peking Union Medical College Hospital|Chinese Academy of Medical Sciences"
433,1,Ural State Medical University|Ural Institute of Cardiology|De Haar Research Foundation|Ural Federal University
434,1,AlloSource
435,1,University of Utah
436,1,Fundacion para la Investigacion Biomedica del Hospital Universitario la Paz
437,1,Meshalkin Research Institute of Pathology of Circulation
438,1,Yonsei University|FCB-Pharmicell Co Ltd.
439,1,Red de Terapia Celular|Sanidad de Castilla y León|University of Valladolid|Centro en Red de Medicina Regenerativa de Castilla y Leon|Citospin
440,1,The Prince Charles Hospital|Mater Medical Research Institute
441,1,Murat Kantarcioglu|Saglik Bilimleri Universitesi Gulhane Tip Fakultesi
442,1,Apceth GmbH & Co. KG
443,1,Centre d'Etudes et de Recherche pour l'Intensification du Traitement du Diabète
444,1,Leo W. Jenkins Cancer Center
445,1,"Shenzhen Beike Bio-Technology Co., Ltd.|Shandong Jiaotong Hospital|Association for the Handicapped Of Jinan"
446,1,"University Hospital, Toulouse|French Blood Establishment|Nantes University Hospital|Ministry of Health, France"
447,1,Nationwide Children's Hospital
448,1,Martha Haahr M.D|Odense University Hospital
449,1,"Christian Medical College, Vellore, India"
450,1,"University of Liege|KU Leuven|Maastricht University Medical Center|Ziekenhuis Netwerk Antwerpen (ZNA)|University Hospital, Antwerp|University Hospital, Ghent|AZ-VUB|AZ Sint-Jan AV|Cliniques universitaires Saint-Luc- Université Catholique de Louvain|University Hospital of Mont-Godinne|Jolimont Hospital Haine Saint Paul|Queen Fabiola Children's University Hospital"
451,1,"Joshua M Hare|National Heart, Lung, and Blood Institute (NHLBI)|Johns Hopkins University Specialized Center for Cell Based Therapy|The Emmes Company, LLC|University of Miami"
452,1,"University Hospital, Clermont-Ferrand"
453,1,Angioblast Systems
454,1,INSYS Therapeutics Inc|National Cancer Institute (NCI)
455,1,"University Hospital, Tours"
456,1,M.D. Anderson Cancer Center|ViaCell|National Institutes of Health (NIH)|National Cancer Institute (NCI)
457,1,Kaohsiung Medical University Chung-Ho Memorial Hospital
458,1,"University of Salamanca|Haematology Service,University Hospital of Salamanca, MªConsuelo del Cañizo Fernández-Roldán"
459,1,Shahid Beheshti University of Medical Sciences|Tarbiat Modarres University
460,1,University of Helsinki
461,1,University of Cambridge|Cambridge University Hospitals NHS Foundation Trust|Medical Research Council
462,1,National Institute of Allergy and Infectious Diseases (NIAID)|Clinical Trials in Organ Transplantation|Cooperative Clinical Trials in Pediatric Transplantation (CCTPT)
463,1,Andalusian Initiative for Advanced Therapies - Fundación Pública Andaluza Progreso y Salud|Carlos III Health Institute|Andalusian Network for Design and Translation of Advanced Therapies
464,1,"Hadassah Medical Organization|Teva Branded Pharmaceutical Products R&D, Inc."
465,1,"Mesoblast International Sàrl|University of Southern California|Midwest Orthopedics at Rush - Chicago, IL|Unlimited Research - San Antonio, TX|Triangle Orthopaedic Associates, P.A.|Orthopedic Center of Vero Beach - Vero Beach, FL|OrthoIndy|TRIA Orthopaedic Center|Greater Chesapeake Orthopaedic Associates, LLC|Mesoblast, Ltd."
466,1,"Translational Research Center for Medical Innovation, Kobe, Hyogo, Japan|ArBlast Co.,Ltd.|Nagoya University"
467,1,St. Jude Children's Research Hospital|Drexel University|Wayne State University
468,1,MediGene|National Cancer Institute (NCI)
469,1,"Teva Branded Pharmaceutical Products R&D, Inc."
470,1,National Institute of Diabetes and Digestive and Kidney Diseases (NIDDK)|National Institutes of Health Clinical Center (CC)
471,1,National Institute of Dental and Craniofacial Research (NIDCR)|National Institutes of Health Clinical Center (CC)
472,1,Wiseman Research Initiatives LLC|National Cancer Institute (NCI)
473,1,"Mesoblast International Sàrl|National Cancer Institute (NCI)|Mesoblast, Ltd."
474,1,MediGene
475,1,Societe Internationale d'Oncologie Pediatrique|Children's Cancer and Leukaemia Group|Societe Francaise Oncologie Pediatrique|National Cancer Institute (NCI)
476,1,Ohio State University
477,1,State University of New York - Upstate Medical University|Huntsman Cancer Institute
478,1,Fred Hutchinson Cancer Research Center|National Cancer Institute (NCI)
479,1,Fundación Pública Andaluza Progreso y Salud|Iniciativa Andaluza en Terapias Avanzadas|Andalusian Network for Design and Translation of Advanced Therapies
480,1,"University of Liege|AZ Sint-Jan AV|Ziekenhuis Netwerk Antwerpen (ZNA)|Jules Bordet Institute|Universiteit Antwerpen|AZ-VUB|Cliniques universitaires Saint-Luc- Université Catholique de Louvain|University Hospital, Ghent"
481,1,Technische Universität Dresden|German Federal Ministry of Education and Research
482,1,Orthofix Inc.
483,1,Jaslok Hospital and Research Centre
484,1,"Sun Yat-sen University|Third Affiliated Hospital, Sun Yat-Sen University"
485,1,Guangdong Provincial People's Hospital|Sun Yat-sen University
486,1,Stanford University|University of Minnesota|University of Alabama at Birmingham
487,1,"Icahn School of Medicine at Mount Sinai|National Heart, Lung, and Blood Institute (NHLBI)|Angioblast Systems"
488,1,"University of California, Irvine|University of California, San Diego"
489,1,"University Hospital, Akershus"
490,1,University of Utah|Amgen|Eisai Inc.
491,1,"University Hospital, Grenoble|Commissariat A L'energie Atomique|Institut National de la Santé Et de la Recherche Médicale, France"
492,1,Royan Institute|Tehran University of Medical Sciences
493,1,N.M. Wulffraat|UMC Utrecht
494,1,AGO Study Group|Merck Sharp & Dohme Corp.
495,1,Washington D.C. Veterans Affairs Medical Center
496,1,The Cleveland Clinic|University Hospitals Cleveland Medical Center
497,1,Jianming Tan|Fuzhou General Hospital
498,1,Lund University Hospital
499,1,"University of Miami|The Emmes Company, LLC"
500,1,University of Ulm|German Research Foundation
501,1,Nanjing Medical University|National Natural Science Foundation of China
502,1,"Mesoblast, Inc.|Juvenile Diabetes Research Foundation|Mesoblast, Ltd."
503,1,"Fuzhou General Hospital|Organ Transplant Institute, China"
504,1,"Organ Transplant Institute, China"
505,1,"Mahidol University|Ministry of Health, Thailand"
506,1,"University Hospital, Basel, Switzerland"
507,1,National Institute on Drug Abuse (NIDA)|National Institutes of Health Clinical Center (CC)
508,1,"Joshua M Hare|The Lester And Sue Smith Foundation|The Emmes Company, LLC|University of Miami"
509,1,Sayed Bakry|Cairo University|Affiliated Hospital to Academy of Military Medical Sciences|Al-Azhar University
510,1,Sarcoma Alliance for Research through Collaboration
511,1,"Red de Terapia Celular|Castilla y León Hematology and hemotherapy Foundation|Haematology Service,University Hospital of Salamanca, MªConsuelo del Cañizo Fernández-Roldán|Spanish National Health System"
512,1,UMC Utrecht
513,1,"Germans Trias i Pujol Hospital|Ministerio de Sanidad, Servicios Sociales e Igualdad"
514,1,Cryopraxis Criobiologia Ltda.|Hospital Federal de Bonsucesso
515,1,"Banc de Sang i Teixits|Hospital Universitari Quirón Dexeus|Ministerio de Sanidad, Servicios Sociales e Igualdad"
516,1,A.O. Ospedale Papa Giovanni XXIII|Associazione Italiana per la Ricerca sul Cancro
517,1,"Duke University|Prostate Cancer Foundation|United States Department of Defense|Janssen Diagnostics, LLC"
518,1,Al-Azhar University|Cairo University
519,1,Duke University|United States Department of Defense
520,1,"Al-Azhar University|Hassan , Hosny , M.D. M.Sc|Samour , Hany M.D. M.Sc|Ismail , Mahmoud M.D. M.Sc|Higazy , Hasan M.D. M.Sc|Abou el kheir, Wael, M.D. M.Sc.|Gabr, Hala , M.D. M.Sc.|Bakry, Sayed , phD. M.Sc."
521,1,"Joshua M Hare|The Emmes Company, LLC|University of Miami"
522,1,CytoMed & Beike
523,1,Mario Negri Institute for Pharmacological Research|A.O. Ospedale Papa Giovanni XXIII
524,1,Aditya K Aggarwal|Postgraduate Institute of Medical Education and Research
525,1,University of Birmingham|European Union|NHS Blood and Transplant
526,1,Shetty-Kim Research Foundation
527,1,Sidney Kimmel Comprehensive Cancer Center at Johns Hopkins
528,1,Karolinska University Hospital|The Swedish Research Council|Laryngfonden|Karolinska Institutet
529,1,The Nordic Network For Clinical Islet Transplantation
530,1,Emdadi Kamyab Hospital|National Taiwan University of Science and Technology
531,1,"Hospital General Universitario Gregorio Marañon|Ministerio de Sanidad, Servicios Sociales e Igualdad"
532,1,Grupo Espanol de trasplantes hematopoyeticos y terapia celular
533,1,Diabetes Care Center of Nanjing Military Command
534,1,University of Florida
535,1,"Longeveron Inc.|The Emmes Company, LLC"
536,1,"Genexine, Inc."
537,1,"Duke University|Prostate Cancer Foundation|Janssen Diagnostics, LLC"
538,1,"Michael A. Matthay|National Heart, Lung, and Blood Institute (NHLBI)|Massachusetts General Hospital|Stanford University|University of Pittsburgh|University of Minnesota|Ohio State University|University of California, San Francisco"
539,1,Ottawa Hospital Research Institute
540,1,"Allergy and Asthma Consultants, Wichita, Kansas|Aidan Foundation|Neil H. Riordan PhD"
541,1,Banc de Sang i Teixits|Hospital ASEPEYO Sant Cugat
542,1,"University of Edinburgh|Rajarata University, Sri Lanka"
543,1,"Yang Yang|Third Affiliated Hospital, Sun Yat-Sen University"
544,1,Eli Lilly and Company
545,1,Karolinska University Hospital|Karolinska Institutet
546,1,Hyun Young Kim|Hanyang University Seoul Hospital
547,1,Central Clinical Hospital w/Outpatient Health Center of Business Administration for the President of Russian Federation
548,1,"St. Jude Children's Research Hospital|University of Wisconsin, Madison"
549,1,University of Arkansas
550,1,"Hospital de Cruces|Hospital Universitario Getafe|Hospital Infantil Universitario Niño Jesús, Madrid, Spain"
551,1,Dimitrios Karussis|Hadassah Medical Organization
552,1,Cellular Biomedicine Group Ltd.|RenJi Hospital|General Hospital of Chinese Armed Police Force
553,1,Al-Azhar University|Cairo University|Ain Shams University|Affiliated Hospital to Academy of Military Medical Sciences|Wake Forest University Health Sciences
554,1,New Mexico Cancer Care Alliance
555,1,Burnasyan Federal Medical Biophysical Center
556,1,"General Committee of Teaching Hospitals and Institutes, Egypt"
557,1,Jichi Medical University|Takara Bio Inc.
558,1,"AstraZeneca|SCRI Development Innovations, LLC"
559,1,"Alzahra Hospital, Iran"
560,1,Cairo University|Affiliated Hospital to Academy of Military Medical Sciences
561,1,Baylor College of Medicine
562,1,E.Badiavas|United States Department of Defense|University of Miami
563,1,"Red de Terapia Celular|University of Navarrra Hospital (Clinica Universitaria)|Haematology Service,University Hospital of Salamanca, MªConsuelo del Cañizo Fernández-Roldán|Hospitales Universitarios Virgen del Rocío|Spanish National Health System"
564,1,"Hospital Sirio-Libanes|Hospital Infantil Universitario Niño Jesús, Madrid, Spain"
565,1,"University Hospital, Caen"
566,1,"Sean Savitz|The University of Texas Health Science Center, Houston"
567,1,"Shenzhen Beike Bio-Technology Co., Ltd."
568,1,"Air Force Military Medical University, China|The Second Affiliated Hospital of Chongqing Medical University|Eastern Hepatobiliary Surgery Hospital|Chinese Academy of Medical Sciences|Fudan University"
569,1,"Samsung Medical Center|Pharmicell Co., Ltd."
570,1,Wenzhou Medical University|University of North Texas Health Science Center
571,1,Amgen
572,1,Duk Lyul Na|Medipost Co Ltd.|Samsung Medical Center
573,1,"Clínica Las Condes. LIT INNOVA CORFO|Clinica las Condes, Chile"
574,1,"Hospital San Carlos, Madrid|Hospital General Universitario Gregorio Marañon"
575,1,University of Louisville|James Graham Brown Cancer Center
576,1,R-Bio|Pusan National University Hospital
577,1,Emory University|Atlanta Clinical and Translational Science Institute
578,1,University of Cologne
579,1,R-Bio|SMG-SNU Boramae Medical Center
580,1,ProtAffin Biotechnologie AG
581,1,"Medipost Co Ltd.|Dong-A Pharmaceutical Co., Ltd."
582,1,Bukwang Pharmaceutical
583,1,"Singapore General Hospital|Whitehead Institute for Biomedical Research|Blood Services Group, Health Sciences Authority of Singapore"
584,1,Imperial College London
585,1,"Banc de Sang i Teixits|Ministerio de Sanidad, Servicios Sociales e Igualdad|Ministerio de Ciencia e Innovación, Spain|European Regional Development Fund"
586,1,AlloCure Inc.
587,1,Loyola University|National Cancer Institute (NCI)
588,1,Red de Terapia Celular|University of Valladolid|Sanidad de Castilla y León|Centro Medico Teknon
589,1,Instituto Universitario de Oftalmobiología Aplicada (Institute of Applied Ophthalmobiology) - IOBA|University of Valladolid|Centro en Red de Medicina Regenerativa de Castilla y Leon|Red de Terapia Celular
590,1,Medistem Inc.
591,1,"Banc de Sang i Teixits|TFS Trial Form Support|Ministerio de Sanidad, Servicios Sociales e Igualdad|Ministerio de Ciencia e Innovación, Spain"
592,1,Affiliated Hospital to Academy of Military Medical Sciences|Peking University Third Hospital
593,1,Ageless Regenerative Institute
594,1,Roger Williams Medical Center
595,1,"Instituto de Investigación Hospital Universitario La Paz|Fundacion para la Investigacion Biomedica del Hospital Universitario la Paz|Ministry of Health, Spain"
596,1,Arda Kiani|Royan Institute|Masih Daneshvari Hospital
597,1,"Alexandra Cristina Senegaglia|Santa Casa de Misericórdia de Curitiba, Brazil|Fundação Araucária|Pontifícia Universidade Católica do Paraná"
598,1,Shaoxing Second Hospital
599,1,"Alexandra Cristina Senegaglia|Pontifícia Universidade Católica do Paraná|Consultório Médico Dr. Alcy Vilas Boas Jr., Paraná, Brasil|Hospital Marcelino Champagnat, Paraná, Brasil|Fundação Araucária"
600,1,"Chaitanya Hospital, Pune"
601,1,Ariad Pharmaceuticals|Takeda
602,1,"Hospital de Clinicas de Porto Alegre|Ministry of Health, Brazil|National Research Council, Brazil|Conselho Nacional de Desenvolvimento Científico e Tecnológico|Rio de Janeiro State Research Supporting Foundation (FAPERJ)|Universidade Federal do Rio de Janeiro|Pontifícia Universidade Católica do Paraná"
603,1,University of Dundee
604,1,Al-Azhar University
605,1,Red de Terapia Celular|Citospin|University of Valladolid
606,1,University of Alabama at Birmingham|National Institute of Neurological Disorders and Stroke (NINDS)
607,1,Antonio Uccelli|Azienda Ospedaliera Universitaria Integrata Verona|Ospedale San Raffaele|University of Genova
608,1,Nanjing PLA General Hospital
609,1,"Mesoblast, Ltd.|PPD"
610,1,"University of California, Irvine"
611,1,"Hospital Infantil Universitario Niño Jesús, Madrid, Spain|Instituto de Salud Carlos III"
612,1,"Fondazione IRCCS Ca' Granda, Ospedale Maggiore Policlinico"
613,1,Instituto de Investigación Hospital Universitario La Paz|Hospital Universitario La Paz
614,1,Icahn School of Medicine at Mount Sinai
615,1,Emdadi Kamyab Hospital
616,1,Anna Cruceta|Fundacion Clinic per a la Recerca Biomédica
617,1,Hospital Miguel Servet|Centro Nacional de Investigaciones Oncologicas CARLOS III|Aragon Institute of Health Sciences
618,1,"Michael A. Matthay|National Heart, Lung, and Blood Institute (NHLBI)|Massachusetts General Hospital|Stanford University|University of Pittsburgh|University of Minnesota|University of California, San Francisco"
619,1,"Stemedica Cell Technologies, Inc."
620,1,"Stemedica Cell Technologies, Inc.|CardioCell LLC"
621,1,"Ettore Biagi, MD|Azienda Ospedaliera San Gerardo di Monza"
622,1,Hospital e Maternidade Dr. Christóvão da Gama|IEP São Lucas - Instituto de Ensino e Pesquisa|Clinica Jordy Sinapse|TECHLIFE - Centro de Tecnologia Celular
623,1,"University Hospital, Lille"
624,1,"Banc de Sang i Teixits|Hospital de Neurorehabilitació Institut Guttmann|Recerca Clínica S.L.|Syntax for Science, S.L"
625,1,EMO Biomedicine Corporation|Far Eastern Memorial Hospital
626,1,"Vinmec Research Institute of Stem Cell and Gene Technology|Children's Hospital Number 2, Ho Chi Minh City, Vietnam"
627,1,Meluha Life Sciences SDN BHD
628,1,Gangnam Severance Hospital|Daewoong Pharmaceutical Co. LTD.
629,1,"EMD Serono Research & Development Institute, Inc.|Merck KGaA, Darmstadt, Germany|EMD Serono"
630,1,"The University of Texas Health Science Center, Houston|Michael J. Fox Foundation for Parkinson's Research"
631,1,Indonesia University|Dr Cipto Mangunkusumo General Hospital
632,1,John McCarthy|National Institute of Diabetes and Digestive and Kidney Diseases (NIDDK)|University of Kentucky
633,1,"Restem, LLC."
634,1,UNICEF|Pak Emirates Military Hospital Rawalpindi
635,1,"State-Financed Health Facility ""Samara Regional Medical Center Dinasty""|Clinics of the Federal State Budgetary Educational Institution SSMU|Samara Regional Clinical Hospital V.D. Seredavin"
636,1,"University of Wisconsin, Madison|University of Wisconsin Carbone Cancer Center (UWCCC)|National Institute of Dental and Craniofacial Research (NIDCR)"
637,1,"Joshua M Hare|United States Department of Defense|The University of Texas Health Science Center, Houston|University of Miami"
638,1,"University of California, San Francisco"
639,1,"Instituto de Investigación Sanitaria de la Fundación Jiménez Díaz|Clinica Universidad de Navarra, Universidad de Navarra|Hospital Universitario La Paz|Gregorio Marañón Hospital|Hospital Clínico Universitario de Valladolid|Hospital Universitario Virgen de la Arrixaca|University of Salamanca|Hospital General Universitario de Alicante|Hospital Universitario La Fe|Hospital Victoria Eugenia Cruz Roja Española"
640,1,Beijing Tongren Hospital
641,1,Institute of Cell Therapy|Kyiv City Clinical Hospital # 4
642,1,Instituto de Medicina Regenerativa
643,1,Institute of Cell Therapy|The Institute of Traumatology and Orthopedics of NAMS of Ukraine|Kyiv City Clinical Hospital № 6
644,1,Aethlon Medical Inc.
645,1,Uppsala University|Uppsala University Hospital
646,1,Institute of Biophysics and Cell Engineering of National Academy of Sciences of Belarus
647,1,"Dr. Zaineb Akram|National Institute of Blood and Marrow Transplant (NIBMT), Pakistan"
648,1,Cell Therapy Catapult|Videregen Therapeutics|Papworth Hospital NHS Foundation Trust|Royal Free Hospital NHS Foundation Trust
649,1,Universidad de la Sabana|Fundación Neumologica Colombiana|Stem Medicina Regenerativa|CryoHoldco LATAM
650,1,Trustem|Fundación Universitaria de Ciencias de la Salud|Hospital de San Jose|Hospital Infantil Universitario de San Jose
651,1,Centre Hospitalier Universitaire Dijon
652,1,D'Or Institute for Research and Education
653,1,Korea University Guro Hospital
654,1,"Jiuzhitang Maker (Beijing) Cell Technology Co.,Ltd.|Beijing Tiantan Hospital"
655,1,"Singapore General Hospital|Agency for Science, Technology and Research"
656,1,Huazhong University of Science and Technology
657,1,medac GmbH
658,1,University of Illinois at Chicago|United States Department of Defense
659,1,"Christian Medical College, Vellore, India|Ministry of Science and Technology, India|Vinnova|Karolinska Institutet"
660,1,Cristina Avendaño Solá|Puerta de Hierro University Hospital
661,1,Hospital Reg. Lic. Adolfo Lopez Mateos|Instituto de Terapia Celular: ITC
662,1,Asan Medical Center|MIRAE CELL BIO
663,1,"Michael J. Fox Foundation for Parkinson's Research|Indiana University|University of Rochester|University Health Network, Toronto"
664,1,"Olga Tyumina|Clinics of the Federal State Budgetary Educational Institution SSMU|Samara Regional Clinical Hospital V.D. Seredavin|State-Financed Health Facility ""Samara Regional Medical Center Dinasty"""
665,1,Ningning Wang|The First Affiliated Hospital with Nanjing Medical University
666,1,Medical University of Warsaw|European Health Centre Otwock
667,1,"Liga Panamericana de Asociaciones de Reumatologia (PANLAR)|Janssen Research & Development, LLC"
668,1,Memorial Sloan Kettering Cancer Center|Atara Biotherapeutics
669,1,Thomas Advanced Medical LLC|HeartStem Institute
670,1,"Renmin Hospital of Wuhan University|Wuhan Hamilton Biotechnology Co., Ltd"
671,1,"Navy General Hospital, Beijing|Chinese PLA General Hospital|Peking University Third Hospital|Peking Union Medical College Hospital|Xijing Hospital"
672,1,"Navy General Hospital, Beijing|Peking University Third Hospital|Peking Union Medical College Hospital|Xijing Hospital|Chinese PLA General Hospital"
673,1,"Joanne Kurtzberg, MD|Duke University"
674,1,Universidad Central de Venezuela|Instituto Venezolano de Investigaciones Cientificas
675,1,Lithuanian University of Health Sciences
676,1,Chinese PLA General Hospital|Gansu Provincial Maternity and Child-Care Hospital
677,1,Cynata Therapeutics Limited|Cerebral Palsy Alliance
678,1,"Ina-Respond|National Institute of Health Research and Development, Ministry of Health Republic of Indonesia|Daewoong Pharmaceutical Co. LTD."
679,1,"Intima Bioscience, Inc.|Masonic Cancer Center, University of Minnesota"
680,1,Institute of Biophysics and Cell Engineering of National Academy of Sciences of Belarus|The state institution N. N. Alexandrov National Cancer Centre of Belarus
681,1,Shengjing Hospital
682,1,Istituto Clinico Humanitas|Ospedale San Raffaele|University of Paris 5 - Rene Descartes|European Institute of Oncology|Istituto Superiore di Sanità
683,1,"Nagoya University|Rohto Pharmaceutical Co., Ltd."
684,1,National Eye Institute (NEI)|National Institutes of Health Clinical Center (CC)
685,1,Puren Hospital Affiliated to Wuhan University of Science and Technology|Shanghai University|Qingdao Co-orient Watson Biotechnology group co. LTD|Chinese Academy of Medical Sciences
686,1,"Renmin Hospital of Wuhan University|Beijing SH Bio-Tech Corporation, Beijing (CN)|Utooth Biological Technology Co., Ltd. Hubei (CN)"
687,1,Edwin Horwitz|Emory University
688,1,Christopher J. McLeod|Rion LLC|Mayo Clinic
689,1,"The Research-Clinical Center for Cardiac Surgery and Transplantology LLP|State-Financed Health Facility ""Samara Regional Medical Center Dinasty"""
690,1,Istituto Clinico Humanitas|IRCCS San Raffaele
691,1,Istituto Clinico Humanitas|Cliniche Gavazzeni spa - Bergamo (BG)|Istituto Clinico Mater Domini - Castellanza (VA)|Humanitas Gradenigo - Torino
692,1,Yan'an Affiliated Hospital of Kunming Medical University|The First People's Hospital of Yunnan
693,1,Azidus Brasil|Cellavita Pesquisa Científica Ltda|Hospital Vera Cruz
694,1,"Hyundai Bioland Co., Ltd.|Medipost Co Ltd."
695,1,"Guangzhou Institute of Respiratory Disease|Guangzhou Eighth People's Hospital|Tongji Hospital|Guangzhou Cellgenes Biotechnology Co.,Ltd"
696,1,Italian Sarcoma Group|PharmaMar
697,1,"Instituto Portugues de Oncologia, Francisco Gentil, Porto|Polytechnic Institute of Porto|VTT Technical Research Centre, Finland|University of Oulu|Linnaeus University|European Commission"
698,1,University of Bergen|Université de Nantes|University of Ulm|Universidad Complutense de Madrid|University of Aarhus|Universitat Internacional de Catalunya|Assistance Publique - Hôpitaux de Paris|European Commission
699,1,Duke University|The Marcus Foundation
700,1,"Puren Hospital Affiliated to Wuhan University of Science and Technology|Wuhan Hamilton Bio-technology Co., Ltd"
701,1,Karolinska University Hospital|Swedish Foundation for Strategic Research
702,1,"Histocell, S.L."
703,1,King's College London|Guy's and St Thomas' NHS Foundation Trust|Brighton and Sussex University Hospitals NHS Trust
704,1,"Beijing 302 Hospital|Huoshenshan Hospital|Maternal and Child Health Hospital of Hubei Province|The General Hospital of Central Theater Command|VCANBIO CELL & GENE ENGINEERING CORP.,LTD, China"
705,1,"University Medical Centre Ljubljana|University of Ljubljana|University of Ljubljana, Faculty of Medicine"
706,1,"Minsk Scientific-Practical Center for Surgery, Transplantation and Hematology"
707,1,"Baylor College of Medicine|Center for Cell and Gene Therapy, Baylor College of Medicine|The Methodist Hospital Research Institute"
708,1,"Instituto de Investigación Sanitaria de la Fundación Jiménez Díaz|Instituto de Investigación Sanitaria y Biomédica de Alicante|Hospital General Universitario Gregorio Marañon|Clinica Universidad de Navarra, Universidad de Navarra|University of Salamanca|Hospital General Universitario de Alicante|Hospital Clínico Universitario Virgen de la Arrixaca"
709,1,Afﬁliated Hospital of North Sichuan Medical College|Chinese PLA General Hospital|Peking Union Medical College Hospital|Beijing Tongren Hospital
710,1,Tambi Jarmi|Mayo Clinic
711,1,Instituto Nacional de Ciencias Medicas y Nutricion Salvador Zubiran
712,1,Tao Xin|Qianfoshan Hospital
713,1,Ottawa Hospital Research Institute|Stem Cell Network|Ontario Research Fund
714,1,"ImmunityBio, Inc."
715,1,CCTU- Cancer Theme|Cambridge Cellular Therapies Laboratory|The Evelyn Trust|Cambridge University Hospitals NHS Foundation Trust
716,1,University Medical Center Goettingen|Deutsches Zentrum für Herz-Kreislauf-Forschung (DZHK)|University Medical Center Freiburg
717,1,SBÜ Dr. Sadi Konuk Eğitim ve Araştırma Hastanesi|Istinye University|Regenerative Medicine and Stem Cell Production Center Liv MedCell|Liv Hospital (Ulus)
718,1,Albert Hakaim|Mayo Clinic
719,1,BioXcellerator|Clinical Somer
720,1,Banc de Sang i Teixits
721,1,TC Erciyes University
722,1,"IMAC Holdings, Inc."
723,1,"Oncorus, Inc.|Merck Sharp & Dohme Corp."
724,1,Organicell Regenerative Medicine
725,1,"Holterman, Ai-Xuan, M.D.|T Rose Clinical, Inc.|Big Leap Research"
726,1,"Icahn School of Medicine at Mount Sinai|Mesoblast, Inc.|National Heart, Lung, and Blood Institute (NHLBI)"
727,1,Andalusian Network for Design and Translation of Advanced Therapies
728,1,Royan Institute|Tehran University of Medical Sciences|Shahid Beheshti University of Medical Sciences
729,1,Hope Biosciences Stem Cell Research Foundation|Advanced Diagnostics Healthcare|Hope Biosciences|United Memorial Medical Center
730,1,Red de Terapia Celular|Citospin|University of Valladolid|Castilla-León Health Service|Hospital del Río Hortega|Instituto de Salud Carlos III
731,1,"Marie Hudson, MD|Assistance Publique - Hôpitaux de Paris|University Paris 7 - Denis Diderot|Université de Montréal|Medical University of South Carolina|Centre hospitalier de l'Université de Montréal (CHUM)|McGill University Health Centre/Research Institute of the McGill University Health Centre|Sir Mortimer B. Davis - Jewish General Hospital"
732,1,Camillo Ricordi|University of Miami
733,1,Regeneris Medical
734,1,Universidad Catolica Santiago de Guayaquil|Maastricht University Medical Center
735,1,"Fred Hutchinson Cancer Research Center|SignalOne Bio, Inc."
736,1,"Polski Bank Komorek Macierzystych JSC (PBKM)|National Center for Research and Development, Poland"
737,1,"Diana Lee Farmer|California Institute for Regenerative Medicine (CIRM)|University of California, Davis"
738,1,Help Therapeutics|Xijing Hospital
739,1,"Tang-Du Hospital|Air Force Military Medical University, China"
740,1,"Mark Tuszynski|Case Western Reserve University|Ohio State University|University of California, San Diego"
741,1,CryoCord Sdn Bhd|University of Malaya
742,1,Tang-Du Hospital
743,1,"Taiwan Bio Therapeutics Co., Ltd.|A2 Healthcare Taiwan Corporation"
744,1,Avicenna Research Institute|Tehran University of Medical Sciences
745,1,Cytopeutics Sdn. Bhd.|Universiti Kebangsaan Malaysia Medical Centre
746,1,IRCCS Eugenio Medea
747,1,Asociacion Instituto Biodonostia
748,1,"Pontificia Universidade Católica do Rio Grande do Sul|ITI International Team for Implantology, Switzerland|KU Leuven|Rio Grande do Sul Brain Institute (InsCer)"
749,1,Shen Lin|Peking University
750,1,"Dr. Soetomo General Hospital|Dr. Ramelan Naval Hospital|Airlangga University Hospital|Sidoarjo General Hospital|Cell & Tissue Bank, Dr. Soetomo General Hospital"
751,1,José María Piulats Rodríguez|Instituto de Salud Carlos III|Institut d'Investigació Biomèdica de Bellvitge
752,1,University of Kansas Medical Center|University of Kansas
753,1,Paean Biotechnology Inc.
754,1,"Beijing Baylx Biotech Co., Ltd."
755,1,"Eli Sprecher, MD|OBCTCD24 Ltd|Tel-Aviv Sourasky Medical Center"
756,1,University of Copenhagen
757,1,Northern Therapeutics
758,1,"ImStem Biotechnology|Rho, Inc."
759,1,Peking University Third Hospital
760,1,Peking University Third Hospital|Inner Mongolia People's Hospital|Hebei Medical University Third Hospital|Tianjin Hospital
761,1,Heartseed Inc.
762,1,"Jinling Hospital, China|Jiangsu Topcel-KH Pharmaceutical Co., Ltd"
763,1,"Shiraz University of Medical Sciences|National Institute of Medical Research Development (NIMAD), Iran|Cell Tech Pharmed Company, Iran"
764,1,"Andrew Sloan, MD|National Cancer Institute (NCI)|Case Comprehensive Cancer Center"
765,1,Leiden University Medical Center|Erasmus Medical Center|VU University Medical Center
766,1,"Beijing 302 Hospital|Shanghai Changzheng Hospital|LanZhou University|Renmin Hospital of Wuhan University|Chinese PLA General Hospital|VCANBIO CELL & GENE ENGINEERING CORP.,LTD, China"
767,1,University of Ulm
768,1,Angiocrine Bioscience
769,1,Institute of Biophysics and Cell Engineering of National Academy of Sciences of Belarus|The Republican Center for Research and Practice in Otolaryngology
770,1,Azienda Ospedaliera Ospedale Infantile Regina Margherita Sant'Anna
771,1,Vitro Biopharma Inc.
772,1,"Xuanwu Hospital, Beijing"
773,1,"Bright Cell, Inc."
774,1,"Southwest Hospital, China"
775,1,Shenzhen University General Hospital
776,1,"Kementerian Riset dan Teknologi / Badan Riset dan Inovasi Nasional, Indonesia|Dr. Moewardi General Hospital, Surakarta, Indonesia|Dr. Sardjito General Hospital, Yogyakarta, Indonesia|Dr. Hasan Sadikin General Hospital, Bandung, Indonesia|PT Bifarma Adiluhung"
777,1,Guangzhou Women and Children's Medical Center
778,1,Louisiana State University Health Sciences Center in New Orleans
779,1,Banc de Sang i Teixits|Institut Guttmann|Academic Research Organization (ARO) - VHIR
780,1,University of Sao Paulo General Hospital
781,1,"Asia Stem Cell Regenerative Pharmaceutical Co., Ltd."
782,1,ImmVira Pharma Co. Ltd
783,1,"Taiwan Mitochondrion Applied Technology Co., Ltd."
784,1,Sohag University
785,1,Fundación Instituto de Estudios de Ciencias de la Salud de Castilla y León|Spanish Clinical Research Network - SCReN|Hospital Universitari de Bellvitge|Institut d'Investigacions Biomèdiques August Pi i Sunyer|Instituto de Investigación Biomédica de Salamanca
786,1,"Jagiellonian University|National Center for Research and Development, Poland|KCRI"
787,1,Aegle Therapeutics|Congressionally Directed Medical Research Programs
788,1,"Amy Lightner|Ossium Health, Inc.|The Cleveland Clinic"
789,1,"Francisco Espinoza|Universidad de los Andes, Chile"
790,1,Nanfang Hospital of Southern Medical University
791,1,Guangdong Provincial People's Hospital
792,1,Pediatric Brain Tumor Consortium|Texas Children's Cancer Center|Baylor College of Medicine
793,1,Aljazeera Hospital|AMR KHALIL ORTHOPEDIC SURGERY CENTER
794,1,University of Palermo
795,1,Kyoto University|Tokushima University|Kitasato University|Tottori University|Pfizer
796,1,Jonsson Comprehensive Cancer Center
797,1,Rush University Medical Center|Joint Restoration Foundation (JRF)
798,1,"Peking University People's Hospital|Southern Medical University, China|Third Military Medical University|Sun Yat-sen University"
799,1,Johns Hopkins University|The Geneva Foundation|United States Department of Defense
800,1,"Instituto Portugues de Oncologia, Francisco Gentil, Porto|European Commission|University of Coimbra|VTT Technical Research Centre, Finland|University of Oulu|Linnaeus University"
801,1,"University of Florida|Restem, LLC."
802,1,Kanuni Sultan Suleyman Training and Research Hospital
803,1,Eskisehir Osmangazi University|TC Erciyes University
804,1,The First Affiliated Hospital with Nanjing Medical University
805,1,"Centre Hospitalier Universitaire, Amiens"
806,1,Osaka University|Cuorips Inc.
807,1,Tel-Aviv Sourasky Medical Center
808,1,"Osaka University|Rohto Pharmaceutical Co., Ltd."
809,1,"Nanfang Hospital of Southern Medical University|Sun Yat-sen University|Xinqiao Hospital, Army Medical University|Peking University People's Hospital"
810,1,University of Alberta
811,1,Thomas Advanced Medical LLC|HeartStem Institute|NuStem
812,1,"National Cancer Centre, Singapore|National Medical Research Council (NMRC), Singapore"
813,1,Steven L. Moran|Rion LLC|Mayo Clinic
814,1,"S.Biomedics Co., Ltd.|Dt&Sanomedics"
815,1,"Organicell Regenerative Medicine|bioRASI, LLC"
816,1,CHA University|Ajou University School of Medicine
817,1,Centre Oscar Lambret|Laboratoire PRISM - Michel SALZET
818,1,"University Hospital, Ghent"
819,1,H. Lee Moffitt Cancer Center and Research Institute
820,1,"Haukeland University Hospital|University of Bergen|University Hospital Ulm|University Hospital, Akershus|St. Olavs Hospital|University Hospital of North Norway"
821,1,Athens Medical Society|OBCTCD24 Ltd|Elpen Pharmaceutical Co. Inc.
822,1,University of Aarhus|University of Southern Denmark|UiT The Arctic University of Norway
823,1,SBÜ Dr. Sadi Konuk Eğitim ve Araştırma Hastanesi|Istinye University|Liv Hospital (Ulus)
824,1,NextCell Pharma Ab|Karolinska Trial Alliance
825,1,RenJi Hospital
826,1,Gadjah Mada University
827,1,"Second Affiliated Hospital, School of Medicine, Zhejiang University|Hangzhou Rongu Biotechnology Co., Ltd."
828,1,Ankara Universitesi Teknokent|International Olympic Committee
829,1,LaTonya J. Hickson|Mayo Clinic
830,1,McGill University Health Centre/Research Institute of the McGill University Health Centre
831,1,Fundación Oftalmológica de Santander Clínica Carlos Ardila Lulle|Cells for Cells
832,1,"Avobis Bio, LLC|Alimentiv Inc."
833,1,"Hanyang University Seoul Hospital|Corestem, Inc.|Ministry of Health & Welfare, Korea"
834,1,Hai Li|Shanghai Jiao Tong University School of Medicine
835,1,University of Andorra
836,1,Tomsk National Research Medical Center of the Russian Academy of Sciences
837,1,General Hospital of Shenyang Military Region
838,1,The University of Hong Kong
839,1,AVEM HealthCare
840,1,Miltenyi Biomedicine GmbH
841,1,"Stemedica Cell Technologies, Inc.|bioRASI, LLC"
842,1,"Rigshospitalet, Denmark|Cardiology Stem Cell Centre, The Heart Centre, Rigshospitalet|The Cell Therapy Facility, The Blood bank, Dept. of Clinical Immunology, 2034, Rigshospitalet, Denmark|Department of Oncology, 3994, Rigshospitalet, Denmark|Department of Oncology Herlev Hospital, Denmark|Department of Dentistry and Oral Health, Aarhus, Denmark"
843,1,"Jinnah Burn and Reconstructive Surgery Centre, Lahore|The Layton Rahmatullah Benevolent Trust (LRBT) Free Eye Hospital, Township Lahore.|Centre of Excellence in Molecular Biology (CEMB), University of the Punjab, Lahore."
844,1,University Medical Centre Ljubljana|University of Ljubljana
845,1,"Stem Cell and Cancer Research Indonesia|Provincial Government of Central Java, Indonesia"
846,1,Hospital Plató
847,1,"Ruijin Hospital|Shanghai Public Health Clinical Center|Wuhan Jinyintan Hospital, Wuhan, China|Cellular Biomedicine Group Ltd."
848,1,Kessler Foundation|Walter Reed National Military Medical Center|Uniformed Services University of the Health Sciences
849,1,"Wuhan Union Hospital, China|Wuhan Hamilton Bio-technology Co., Ltd, China."
850,1,"Dustin L. Richter, MD|University of New Mexico"
851,1,Seoul National University Hospital|Korea Health Industry Development Institute
852,1,Tianjin Medical University
853,1,"Center for International Blood and Marrow Transplant Research|Cellular Dynamics International, Inc. - A FUJIFILM Company"
854,1,"Tianjin Ever Union Biotechnology Co., Ltd."
855,1,Hospices Civils de Lyon
856,1,Nova Scotia Health Authority
857,1,Shanghai 10th People's Hospital
858,1,"Holterman, Ai-Xuan, M.D.|T. Rose Clinical, Inc., United States|Children's National Health System|Big Leap Research, Vietnam"
859,1,Isfahan University of Medical Sciences|Tarbiat Modarres University
860,1,Helsinki University Central Hospital|University of Helsinki
861,1,Istituto Scientifico Romagnolo per lo Studio e la cura dei Tumori
862,1,Daping Hospital and the Research Institute of Surgery of the Third Military Medical University|Children's Hospital of Chongqing Medical University|Chongqing Maternal and Child Health Hospital
863,1,University Hospitals Cleveland Medical Center|Case Western Reserve University
864,1,Ottawa Hospital Research Institute|Canadian Institutes of Health Research (CIHR)|Ontario Institute for Regenerative Medicine (OIRM)|Stem Cell Network
865,1,UMC Utrecht|ZonMw: The Netherlands Organisation for Health Research and Development|M.D. Anderson Cancer Center|The University of Texas Health Science Center at San Antonio
866,1,Sport and Spine Rehab Clinical Research Foundation
867,1,General Hospital of Ningxia Medical University
868,1,Mashhad University of Medical Sciences
869,1,The Affiliated Hospital of Xuzhou Medical University
870,1,"Allan Dietz, Ph.D.|Mayo Clinic"
871,1,Hanan Jafar|Scientific Research Support fund|University of Jordan
872,1,Mossakowski Medical Research Centre Polish Academy of Sciences|Medical University of Warsaw
873,1,Sophia Al-Adwan|Jordan University of Science and Technology|An-Najah National University|University of Jordan
874,1,University of Leeds|Yorkshire Cancer Research
875,1,"National University of Ireland, Galway, Ireland|University Hospital of Limerick"
876,1,"The Methodist Hospital Research Institute|Center for Cell and Gene Therapy, Baylor College of Medicine"
877,1,"Second Affiliated Hospital, School of Medicine, Zhejiang University|Zhejiang Xingyue Biotechnology Co., Ltd."
878,1,Lingyun Sun|The Affiliated Nanjing Drum Tower Hospital of Nanjing University Medical School
879,1,Ain Shams University
880,1,"Joanne Kurtzberg, MD|Duke Clinical and Translational Science Institute (CTSI), part of the NIH Clinical and Translational Science Awards (CTSA)|Duke University"
881,1,Pancreatic Cancer Research Team|Merck Sharp & Dohme Corp.|Halozyme Therapeutics|University of Washington
882,1,"Steminent Biotherapeutics Inc.|Taipei Veterans General Hospital, Taiwan"
883,1,Stem Med Pte. Ltd.|Parkway Cancer Centre|Asian American Liver Centre|Desmond Wai Liver & Gastrointestinal Diseases Centre
884,1,Kevin Bruce|Censo Biotechnologies Ltd
885,1,Lille Catholic University|Universite du Littoral Cote d'Opale
886,1,"Clinica Santa Clarita, Mexico"
887,1,"Taipei Veterans General Hospital, Taiwan|Virginia Contract Research Organization Co., Ltd. Taiwan"
888,1,University Medical Centre Ljubljana|Slovenian Research Agency
889,1,liu yingbin|The First Hospital of Jilin University|Shanghai Zhongshan Hosiptal|First Affiliated Hospital Bengbu Medical College|Second Affiliated Hospital of Nanchang University|The Affiliated Hospital of Inner Mongolia Medical University|First Affiliated Hospital of Xinjiang Medical University|The First Affiliated Hospital of Shanxi Medical University|The affiliated hospital of Jining medical college|The Affiliated Hospital of Tianjin Medical University|The first affiliated hospital of Zhongshan university|Shanghai Jiao Tong University School of Medicine
890,1,University of South-Eastern Norway|Norwegian University of Science and Technology
891,1,Van Hanh General Hospital|University of Science Ho Chi Minh City
892,1,IRCCS Azienda Ospedaliero-Universitaria di Bologna
893,1,Rejuva Medical Aesthetics
894,1,"Hebei Newtherapy BIo-Pharma technology Co., Ltd."
895,1,"University of California, San Diego"
896,1,Second Affiliated Hospital of Soochow University
897,1,RHEACELL GmbH & Co. KG|FGK Clinical Research GmbH|Granzer Regulatory Consulting & Services|Ticeba GmbH
898,1,"Shandong Qilu Stem Cells Engineering Co., Ltd.|Shanghai Public Health Clinical Center|First Affiliated Hospital of Fujian Medical University|Yantai Hospital for Infectious Diseases|The Second Affiliated Hospital of Chongqing Medical University|Jinan Hospital for Infectious Diseases"
899,1,Steno Diabetes Center Copenhagen|Leiden University Medical Center
900,1,Jonsson Comprehensive Cancer Center|Novartis Pharmaceuticals
901,1,"National Institute of Allergy and Infectious Diseases (NIAID)|Immune Tolerance Network (ITN)|PPD|Rho Federal Systems Division, Inc."
902,1,"University Hospital, Bordeaux|Institut National de la Santé Et de la Recherche Médicale, France"
903,1,Brainstorm-Cell Therapeutics|California Institute for Regenerative Medicine (CIRM)
904,1,University of Modena and Reggio Emilia
905,1,Stanford University
906,1,Boston Children's Hospital
907,1,"NantPharma, LLC"
908,1,Octimet Oncology N.V.
909,1,Marilyn Glassberg|The Marcus Foundation|University of Miami
910,1,The Republican Research and Practical Center for Epidemiology and Microbiology|Belarusian Medical Academy of Post-Graduate Education|The Republican Center for Research and Practice in Otolaryngology
911,1,Sidney Kimmel Cancer Center at Thomas Jefferson University|Thomas Jefferson University
912,1,Ankara University|The Scientific and Technological Research Council of Turkey
913,1,McGill University Health Centre/Research Institute of the McGill University Health Centre|CHU de Quebec-Universite Laval
914,1,"Fred Hutchinson Cancer Research Center|National Cancer Institute (NCI)|Juno Therapeutics, Inc."
915,1,"Universidad de los Andes, Chile|Cells for Cells, Chile"
916,1,The Second Hospital of Nanjing Medical University
917,1,"Shanghai Gebaide Biotechnology Co., Ltd."
918,1,Aristotle University Of Thessaloniki
919,1,"Takara Bio Inc.|Otsuka Pharmaceutical Co., Ltd."
920,1,Suk-Ho Moon|Seoul St. Mary's Hospital
921,1,OrienGene Biotechnology Ltd.
922,1,"Yuejin Yang|Peking Union Medical College Hospital|The First Hospital of Hebei Medical University|Zunyi Medical College|Chinese Academy of Medical Sciences, Fuwai Hospital"
923,1,"Martin Teraa, MD, PhD|ZonMw: The Netherlands Organisation for Health Research and Development|UMC Utrecht"
924,1,"Belfast Health and Social Care Trust|Queen's University, Belfast|Northern Ireland Clinical Trials Unit|NHS Blood and Transplant"
925,1,"University Hospital Inselspital, Berne|University of Zurich"
926,1,Chinese Academy of Sciences|The Third Affiliated Hospital of Guangzhou Medical University
927,1,Affiliated Hospital of Jiangsu University
928,1,Icahn School of Medicine at Mount Sinai|Eunice Kennedy Shriver National Institute of Child Health and Human Development (NICHD)
929,1,"Merck KGaA, Darmstadt, Germany"
930,1,Roswell Park Cancer Institute|National Cancer Institute (NCI)
931,1,"Dana-Farber Cancer Institute|National Institutes of Health (NIH)|Candel Therapeutics, Inc."
932,1,"Hospital Infantil Universitario Niño Jesús, Madrid, Spain|Centro de Investigaciones Energéticas, Medioambientales y Tecnológicas (CIEMAT)|Centro de Investigación en Red de Enfermedades Raras (CIBERER)|Instituto de Investigación Sanitaria de la Fundación Jiménez Díaz|Hospital Vall d'Hebron|Universitat Autonoma de Barcelona"
933,1,The University of Hong Kong|Dementias Platform UK
934,1,Konkuk University Medical Center|Hanmi Pharmaceutical Company Limited
935,1,Mayo Clinic|State of Minnesota Regenerative Medicine Minnesota
936,1,"Taipei Tzu Chi Hospital, Buddhist Tzu Chi Medical Foundation"
937,1,Joshua M Hare|National Institute on Alcohol Abuse and Alcoholism (NIAAA)|University of Miami
938,1,Heba Mohamed Saad Eldien|M.A. Eloteify|Ahmed Kamal Osman|G.M. Hafsa|Assiut University
939,1,"Institute of Cancer Research, United Kingdom"
940,1,AstraZeneca|Parexel
941,1,Stemform|Aleris-Hamlet Hospitaler København
942,1,"Samuel Brown|Euan Ashley|Intermountain Health Care, Inc."
943,1,Jonsson Comprehensive Cancer Center|California Institute for Regenerative Medicine (CIRM)
944,1,Guangzhou Saliai Stem Cell Science and Technology Co. Ltd.
945,1,Institut de Cancérologie de la Loire|Centre Hospitalier Universitaire de Saint Etienne
946,1,Klinikum Chemnitz gGmbH|Institute of Anatomy TU Dresden
947,1,"SCARM Institute, Tabriz, Iran"
948,1,"Xiaofang Sun|Nanfang Hospital of Southern Medical University|Guangzhou Institutes of Biomedicine and Health Chinese Academy of Sciences|Third Affiliated Hospital, Sun Yat-Sen University|The Third Affiliated Hospital of Guangzhou Medical University"
949,1,Chunxiao Wang|Sun Yat-sen University
950,1,UMC Utrecht|ZonMw: The Netherlands Organisation for Health Research and Development
951,1,University of Reading|Biotechnology and Biological Sciences Research Council
952,1,University Medical Center Groningen
953,1,"Nancy E. Lane, MD|California Institute for Regenerative Medicine (CIRM)|University of California, Davis"
954,1,Zagazig University
955,1,MetroHealth Medical Center|National Institute of Arthritis and Musculoskeletal and Skin Diseases (NIAMS)
956,1,"The University of Texas Health Science Center, Houston|American Heart Association"
957,1,Instituto Universitario de Oftalmobiología Aplicada (Institute of Applied Ophthalmobiology) - IOBA|University of Valladolid
958,1,"D.O. Ott Research Institute of Obstetrics, Gynecology, and Reproductology"
959,1,South Ural State Medical University
960,1,Red de Terapia Celular|Hospital del Río Hortega|Hospital Clínico Universitario de Valladolid|University of Valladolid
961,1,Beni-Suef University
962,1,Bernard (Barry) Baumel|University of Miami
963,1,Esther Dupont-Versteegden|University of Oklahoma|National Center for Complementary and Integrative Health (NCCIH)|University of Kentucky
964,1,Sabyasachi Sen|George Washington University
965,1,Yan'an Affiliated Hospital of Kunming Medical University
966,1,Royan Institute|Tehran University of Medical Sciences|Iranian Stem Cell Council
967,1,"Second Affiliated Hospital, School of Medicine, Zhejiang University|The First Affiliated Hospital, University of Science and Technology of China|Huzhou Hospital, School of Medicine, Zhejiang University|First Affiliated Hospital of Fujian Medical University|Jinhua Hospital, School of Medicine, Zhejiang University|Taizhou Hospital"
968,1,The Cleveland Clinic
969,1,"MRC/UVRI and LSHTM Uganda Research Unit|Imperial College London|University College, London|International AIDS Vaccine Initiative|EuroVacc Foundation|Medical Research Council, South Africa|National Institute for Medical Research, Tanzania|Muhimbili University of Health and Allied Sciences|Instituto Nacional de Saúde, Mozambique|Ludwig-Maximilians - University of Munich|King's College London|Centre Hospitalier Universitaire Vaudois|Karolinska Institutet|CONRAD|Gilead Sciences"
970,1,Neurological Associates of West Los Angeles|Cell Surgical Network Inc.
971,1,Centre Hospitalier Universitaire de Saint Etienne
972,1,"Personalized Stem Cells, Inc."
973,1,BioRestorative Therapies
974,1,"Fondazione IRCCS Ca' Granda, Ospedale Maggiore Policlinico|Cell Factory Fondazione IRCCS Ca' Granda Ospedale Maggiore Policlinico|Laboratorio Sperimentale di Immunologia e Trapianti, Oncoematologia Pediatrica, Fondazione IRCCS Policlinico S. Matteo, Pavia"
975,1,University of Virginia|DePuy Synthes
976,1,Ithaca College|Cornell University|Weill Medical College of Cornell University|Workwell Foundation
977,1,Lawson Health Research Institute
978,1,Hospital de Clinicas de Porto Alegre|Pontifícia Universidade Católica do Paraná|Universidade Federal do Rio de Janeiro
979,1,Hospital San Vicente Fundación|Instituto Colombiano para el Desarrollo de la Ciencia y la Tecnología (COLCIENCIAS)|IPS Universitaria Servicios de Salud Universidad de Antioquia|Hospital San Vicente Fundación - Rionegro
980,1,"University of Wisconsin, Madison"
981,1,"VA Office of Research and Development|University of California, San Francisco"
982,1,Association pour la Recherche Clinique et Immunologique
983,1,R-Bio|Kyung Hee University Hospital at Gangdong
984,1,Centre Oscar Lambret
985,1,"Duke University|Children's Hospital Medical Center, Cincinnati|Boston Medical Center|Centers for Disease Control and Prevention"
986,1,"University Hospital, Toulouse|Institut National de la Santé Et de la Recherche Médicale, France|Etablissement Français du Sang"
987,1,University Medical Centre Ljubljana
988,1,Rockefeller University
989,1,Affiliated Hospital of Qinghai University
990,1,Affinity Health Research Institute|Genesis Orthopedics and Sports Medicine|The Center for Primary Care and Sports Medicine
991,1,ZhiYong Peng|Tuohua Biological Technology Co. Ltd|Zhongnan Hospital
992,1,"Nagoya University|Life Science Institute, Inc."
993,1,Ottawa Hospital Research Institute|Canadian Institutes of Health Research (CIHR)|Ontario Institute of Regenerative Medicine (OIRM)|Stem Cell Network
994,1,"Beijing 302 Hospital|Innovative Precision Medicine Group (IPM), Hangzhou, China.|Huoshenshan Hospital|Tianjin Haihe Hospital|VCANBIO CELL & GENE ENGINEERING CORP.,LTD, China|Shenzhen Third People's Hospital|Fifth Affiliated Hospital, Sun Yat-Sen University"
995,1,"Asian Institute of Gastroenterology, India"
996,1,Seoul St. Mary's Hospital
997,1,Qi Zhou|Tongji Hospital|Chinese Academy of Sciences
998,1,American University of Beirut Medical Center
999,1,Fudan University|Liaoning Tumor Hospital & Institute|Harbin Medical University
1000,1,Ankara Universitesi Teknokent
1001,1,Istituto Ortopedico Galeazzi
1002,1,University of Cincinnati|Eunice Kennedy Shriver National Institute of Child Health and Human Development (NICHD)
1003,1,Belarusian Medical Academy of Post-Graduate Education
1004,1,Shanghai East Hospital|Chinese PLA General Hospital
1005,1,"Zhongshan Ophthalmic Center, Sun Yat-sen University"
1006,1,"Dante Dallari, MD|Istituto Ortopedico Rizzoli"
1007,1,"Cellular Biomedicine Group Ltd.|RenJi Hospital|Shanghai 6th People's Hospital|Shanghai General Hospital, Shanghai Jiao Tong University School of Medicine|Second Affiliated Hospital, School of Medicine, Zhejiang University|China-Japan Friendship Hospital|Huashan Hospital|Shanghai Ninth People's Hospital Affiliated to Shanghai Jiao Tong University"
1008,1,"University of East Anglia|Ministry of Defence, United Kingdom|Darlington Memorial Hospital|Clinical Research and Trials Unit (Norfolk & Norwich University Hospital, UK)"
1009,1,Shanghai Chest Hospital
1010,1,Landmark Medical Centre Sdn Bhd|CytoMed Therapeutics Pte Ltd
1011,1,Aegle Therapeutics
1012,1,Imperial College London|Imperial College Healthcare NHS Trust|Experimental Cancer Medicine Centres
1013,1,"VU University Medical Center|University Hospital, Essen|Institut Curie|Ligue contre le cancer, France"
1014,1,Instituto de Investigación Hospital Universitario La Paz|Universidad Carlos III Madrid (TERMeG)|St John's Institute of Dermatology Kings College London|Instituto de Salud Carlos III|DEBRA|CIBER Enfermedades raras
1015,1,Fondation Ophtalmologique Adolphe de Rothschild
1016,1,"Nanostics|Alberta Prostate Cancer Research Initiative, APCaRI|DynaLIFE Medical Laboratories|Prostate Cencer Centre, Calgary|Northern Alberta Urology Centre|Alberta Cancer Foundation|Alberta Innovates Health Solutions|Motorcycle Ride for Dad|University Hospital Foundation - The Kaye Fund Competition"
1017,1,"University of Oxford|Oxford University Hospitals NHS Trust|Royal United Hospital Bath NHS Trust|Tameside Hospital NHS Foundation Trust|Royal Berkshire NHS Foundation Trust|East Lancashire Hospitals NHS Trust|Bradford Teaching Hospitals NHS Foundation Trust|Calderdale and Huddersfield NHS Foundation Trust|Great Western Hospitals NHS Foundation Trust|Mid Essex Hospital NHS Trust|Buckinghamshire Healthcare NHS Trust|Wrightington, Wigan and Leigh NHS Foundation Trust|Chelsea and Westminster Hospital NHS Foundation Trust|Milton Keynes University Hospital NHS Foundation Trust|University Hospitals Bristol and Weston NHS Foundation Trust|North Middlesex University Hospital|Northumbria Healthcare NHS Foundation Trust|London North West Healthcare NHS Trust|St George's University Hospitals NHS Foundation Trust|Ultromics Ltd|National Institute for Health Research, United Kingdom|King's College Hospital NHS Trust|Guy's and St Thomas' NHS Foundation Trust|Poole Hospital NHS Foundation Trust|Blackpool Teaching Hospitals NHS Foundation Trust|Mid Yorkshire Hospitals NHS Trust|Northampton General Hospital NHS Trust|North West Anglia NHS Foundation Trust|Yeovil District Hospital NHS Foundation Trust|East Suffolk and North Essex NHS Foundation Trust|Nottingham University Hospitals NHS Trust|Hampshire Hospitals NHS Foundation Trust|Lantheus Medical Imaging"
1018,1,Sir Run Run Shaw Hospital
1019,1,"Xijing Hospital|Changhai Hospital|Southwest Hospital, China"
1020,1,Tehran University of Medical Sciences|Hormozgan University of Medical Sciences
1021,1,"Michael J. Fox Foundation for Parkinson's Research|University Health Network, Toronto|Indiana University|University of Rochester"
1022,1,"Hospital Sirio-Libanes|Ministry of Health, Brazil"
1023,1,Central South University
1024,1,Papworth Hospital NHS Foundation Trust|GlaxoSmithKline
1025,1,Swiss Federal Institute of Technology
1026,1,Guangdong Provincial Hospital of Traditional Chinese Medicine|Peking Union Medical College Hospital
1027,1,CSL Behring|ICON Clinical Research
1028,1,Lei Li|Peking Union Medical College Hospital
1029,1,"The Oxford Dental College, Hospital and Research Center, Bangalore, India|Credora Life Sciences, India"
1030,1,Ohio State University Comprehensive Cancer Center|National Cancer Institute (NCI)
1031,1,Centre Georges Francois Leclerc
1032,1,"Karolinska Institutet|Karolinska University Hospital|Great Ormond Street Hospital for Children NHS Foundation Trust|University College, London|Universitätsklinikum Köln|UMC Utrecht|Leiden University Medical Center|Lund University"
1033,1,"Morten Hostrup, PhD|University of Tasmania|University of Copenhagen"
1034,1,Stem Cell Medicine Ltd.
1035,1,"XenoTherapeutics, Inc.|Massachusetts General Hospital|Joseph M. Still Research Foundation, Inc."
1036,1,"Hackensack Meridian Health|Uppsala University, Sweden (Department of Immunology, Genetics and Pathology)"
1037,1,Salim M Hayek|University Hospitals Cleveland Medical Center
1038,1,Roswell Park Cancer Institute
1039,1,Guangdong Women and Children Hospital
1040,1,"Neuromed IRCCS|San Raffaele University Hospital, Italy"
1041,1,"Polish Myeloma Consortium|Roche Pharma AG|Bioscience, S.A."
1042,1,"Epibone, Inc."
1043,1,Fundació Institut Germans Trias i Pujol|Germans Trias i Pujol Hospital
1044,1,"Michael A. Matthay|United States Department of Defense|Harborview Injury Prevention and Research Center|Oregon Health and Science University|Vanderbilt University Medical Center|The University of Texas Health Science Center, Houston|University of Minnesota|University of California, San Francisco"
1045,1,Van Hanh General Hospital
1046,1,Chinese Academy of Sciences|The First Affiliated Hospital of Zhengzhou University|National Natural Science Foundation of China
1047,1,"Gwo Xi Stem Cell Applied Technology Co., Ltd."
1048,1,Bangladesh Laser & Cell Surgery Institute & Hospital
1049,1,Medstar Health Research Institute
1050,1,Universidade Federal do Rio de Janeiro
1051,1,"Azienda Ospedaliero, Universitaria Pisana"
1052,1,Massachusetts General Hospital
1053,1,University of Chile
1054,1,Shanghai Life Science & Technology|Shanghai Jiao Tong University Affiliated Sixth People's Hospital
1055,1,University of Liege|Centre Hospitalier Universitaire de Liege
1056,1,"M.D. Anderson Cancer Center|DNAtrix, Inc."
1057,1,Medical University of Warsaw|Timeless Chirurgia Plastyczna-Janusz Jaworowski|Melitus sp. z o.o.|Polish Stem Cells Bank S.A.
1058,1,Medical University of Warsaw|Polish Stem Cells Bank S.A.
1059,1,Ying Lv|The Affiliated Nanjing Drum Tower Hospital of Nanjing University Medical School
1060,1,"Tianjin Weikai Bioeng., Ltd.|Tianjin Nankai Hospital"
1061,1,"University Hospital, Montpellier|Association Française contre les Myopathies Telethon"
1062,1,"National Taiwan University Hospital|Taipei Veterans General Hospital, Taiwan"
1063,1,"University Hospital, Montpellier|Institut National de la Santé Et de la Recherche Médicale, France"
1064,1,"Cytopeutics Sdn. Bhd.|Universiti Tunku Abdul Rahman|Ministry of Science, Technology and Innovation, Malaysia"
1065,1,"Hospital for Special Surgery, New York|GlaxoSmithKline"
1066,1,Mayo Clinic|Regenerative Medicine Minnesota
1067,1,Tongji Hospital|Chinese Academy of Sciences
1068,1,"Wuhan Union Hospital, China"
1069,1,"Bioinova, s.r.o.|Department of Spine Surgery, University Hospital Motol, Prague, Czech Republilc"
1070,1,Columbia University
1071,1,Memorial Sloan Kettering Cancer Center|National Cancer Institute (NCI)
