,count,URL
0,1,https://ClinicalTrials.gov/show/NCT05193877
1,1,https://ClinicalTrials.gov/show/NCT02443961
2,1,https://ClinicalTrials.gov/show/NCT02413450
3,1,https://ClinicalTrials.gov/show/NCT02414269
4,1,https://ClinicalTrials.gov/show/NCT02414295
5,1,https://ClinicalTrials.gov/show/NCT02417311
6,1,https://ClinicalTrials.gov/show/NCT02418325
7,1,https://ClinicalTrials.gov/show/NCT02421484
8,1,https://ClinicalTrials.gov/show/NCT02439450
9,1,https://ClinicalTrials.gov/show/NCT02439541
10,1,https://ClinicalTrials.gov/show/NCT02440074
11,1,https://ClinicalTrials.gov/show/NCT02442037
12,1,https://ClinicalTrials.gov/show/NCT02442817
13,1,https://ClinicalTrials.gov/show/NCT02444455
14,1,https://ClinicalTrials.gov/show/NCT02412462
15,1,https://ClinicalTrials.gov/show/NCT02444858
16,1,https://ClinicalTrials.gov/show/NCT02445547
17,1,https://ClinicalTrials.gov/show/NCT02448121
18,1,https://ClinicalTrials.gov/show/NCT02448849
19,1,https://ClinicalTrials.gov/show/NCT02449005
20,1,https://ClinicalTrials.gov/show/NCT02450240
21,1,https://ClinicalTrials.gov/show/NCT02456350
22,1,https://ClinicalTrials.gov/show/NCT02460770
23,1,https://ClinicalTrials.gov/show/NCT02462330
24,1,https://ClinicalTrials.gov/show/NCT02464956
25,1,https://ClinicalTrials.gov/show/NCT02467387
26,1,https://ClinicalTrials.gov/show/NCT02412735
27,1,https://ClinicalTrials.gov/show/NCT02410239
28,1,https://ClinicalTrials.gov/show/NCT02469207
29,1,https://ClinicalTrials.gov/show/NCT02384018
30,1,https://ClinicalTrials.gov/show/NCT02352077
31,1,https://ClinicalTrials.gov/show/NCT02359929
32,1,https://ClinicalTrials.gov/show/NCT02362646
33,1,https://ClinicalTrials.gov/show/NCT02364713
34,1,https://ClinicalTrials.gov/show/NCT02365142
35,1,https://ClinicalTrials.gov/show/NCT02368587
36,1,https://ClinicalTrials.gov/show/NCT02375568
37,1,https://ClinicalTrials.gov/show/NCT02378974
38,1,https://ClinicalTrials.gov/show/NCT02379442
39,1,https://ClinicalTrials.gov/show/NCT02381366
40,1,https://ClinicalTrials.gov/show/NCT02382874
41,1,https://ClinicalTrials.gov/show/NCT02384499
42,1,https://ClinicalTrials.gov/show/NCT02409940
43,1,https://ClinicalTrials.gov/show/NCT02387151
44,1,https://ClinicalTrials.gov/show/NCT02387749
45,1,https://ClinicalTrials.gov/show/NCT02393703
46,1,https://ClinicalTrials.gov/show/NCT02395029
47,1,https://ClinicalTrials.gov/show/NCT02396056
48,1,https://ClinicalTrials.gov/show/NCT02398370
49,1,https://ClinicalTrials.gov/show/NCT02398604
50,1,https://ClinicalTrials.gov/show/NCT02398656
51,1,https://ClinicalTrials.gov/show/NCT02403947
52,1,https://ClinicalTrials.gov/show/NCT02407470
53,1,https://ClinicalTrials.gov/show/NCT02408432
54,1,https://ClinicalTrials.gov/show/NCT02468492
55,1,https://ClinicalTrials.gov/show/NCT02472002
56,1,https://ClinicalTrials.gov/show/NCT02589119
57,1,https://ClinicalTrials.gov/show/NCT02574390
58,1,https://ClinicalTrials.gov/show/NCT02557724
59,1,https://ClinicalTrials.gov/show/NCT02561767
60,1,https://ClinicalTrials.gov/show/NCT02563340
61,1,https://ClinicalTrials.gov/show/NCT02563366
62,1,https://ClinicalTrials.gov/show/NCT02564328
63,1,https://ClinicalTrials.gov/show/NCT02564484
64,1,https://ClinicalTrials.gov/show/NCT02565264
65,1,https://ClinicalTrials.gov/show/NCT02565459
66,1,https://ClinicalTrials.gov/show/NCT02566655
67,1,https://ClinicalTrials.gov/show/NCT02566681
68,1,https://ClinicalTrials.gov/show/NCT02570932
69,1,https://ClinicalTrials.gov/show/NCT02574572
70,1,https://ClinicalTrials.gov/show/NCT02544802
71,1,https://ClinicalTrials.gov/show/NCT02574585
72,1,https://ClinicalTrials.gov/show/NCT02579148
73,1,https://ClinicalTrials.gov/show/NCT02579369
74,1,https://ClinicalTrials.gov/show/NCT02579460
75,1,https://ClinicalTrials.gov/show/NCT02580019
76,1,https://ClinicalTrials.gov/show/NCT02580695
77,1,https://ClinicalTrials.gov/show/NCT02580747
78,1,https://ClinicalTrials.gov/show/NCT02582489
79,1,https://ClinicalTrials.gov/show/NCT02582775
80,1,https://ClinicalTrials.gov/show/NCT02585622
81,1,https://ClinicalTrials.gov/show/NCT02587572
82,1,https://ClinicalTrials.gov/show/NCT02554851
83,1,https://ClinicalTrials.gov/show/NCT02544633
84,1,https://ClinicalTrials.gov/show/NCT02474342
85,1,https://ClinicalTrials.gov/show/NCT02494752
86,1,https://ClinicalTrials.gov/show/NCT02477540
87,1,https://ClinicalTrials.gov/show/NCT02481440
88,1,https://ClinicalTrials.gov/show/NCT02482194
89,1,https://ClinicalTrials.gov/show/NCT02483364
90,1,https://ClinicalTrials.gov/show/NCT02484560
91,1,https://ClinicalTrials.gov/show/NCT02484950
92,1,https://ClinicalTrials.gov/show/NCT02490020
93,1,https://ClinicalTrials.gov/show/NCT02491658
94,1,https://ClinicalTrials.gov/show/NCT02492308
95,1,https://ClinicalTrials.gov/show/NCT02492490
96,1,https://ClinicalTrials.gov/show/NCT02492516
97,1,https://ClinicalTrials.gov/show/NCT02495766
98,1,https://ClinicalTrials.gov/show/NCT02543073
99,1,https://ClinicalTrials.gov/show/NCT02497443
100,1,https://ClinicalTrials.gov/show/NCT02498912
101,1,https://ClinicalTrials.gov/show/NCT02501811
102,1,https://ClinicalTrials.gov/show/NCT02503280
103,1,https://ClinicalTrials.gov/show/NCT02504437
104,1,https://ClinicalTrials.gov/show/NCT02509156
105,1,https://ClinicalTrials.gov/show/NCT02513238
106,1,https://ClinicalTrials.gov/show/NCT02525432
107,1,https://ClinicalTrials.gov/show/NCT02529566
108,1,https://ClinicalTrials.gov/show/NCT02530047
109,1,https://ClinicalTrials.gov/show/NCT02541370
110,1,https://ClinicalTrials.gov/show/NCT02351011
111,1,https://ClinicalTrials.gov/show/NCT02344849
112,1,https://ClinicalTrials.gov/show/NCT02338375
113,1,https://ClinicalTrials.gov/show/NCT02172885
114,1,https://ClinicalTrials.gov/show/NCT02145897
115,1,https://ClinicalTrials.gov/show/NCT02145923
116,1,https://ClinicalTrials.gov/show/NCT02147418
117,1,https://ClinicalTrials.gov/show/NCT02150551
118,1,https://ClinicalTrials.gov/show/NCT02152657
119,1,https://ClinicalTrials.gov/show/NCT02161003
120,1,https://ClinicalTrials.gov/show/NCT02162693
121,1,https://ClinicalTrials.gov/show/NCT02162953
122,1,https://ClinicalTrials.gov/show/NCT02165904
123,1,https://ClinicalTrials.gov/show/NCT02166021
124,1,https://ClinicalTrials.gov/show/NCT02166489
125,1,https://ClinicalTrials.gov/show/NCT02181478
126,1,https://ClinicalTrials.gov/show/NCT02138331
127,1,https://ClinicalTrials.gov/show/NCT02181712
128,1,https://ClinicalTrials.gov/show/NCT02192736
129,1,https://ClinicalTrials.gov/show/NCT02192749
130,1,https://ClinicalTrials.gov/show/NCT02192775
131,1,https://ClinicalTrials.gov/show/NCT02193724
132,1,https://ClinicalTrials.gov/show/NCT02195323
133,1,https://ClinicalTrials.gov/show/NCT02208713
134,1,https://ClinicalTrials.gov/show/NCT02209311
135,1,https://ClinicalTrials.gov/show/NCT02210624
136,1,https://ClinicalTrials.gov/show/NCT02213705
137,1,https://ClinicalTrials.gov/show/NCT02215811
138,1,https://ClinicalTrials.gov/show/NCT02140528
139,1,https://ClinicalTrials.gov/show/NCT02135380
140,1,https://ClinicalTrials.gov/show/NCT02338271
141,1,https://ClinicalTrials.gov/show/NCT02083731
142,1,https://ClinicalTrials.gov/show/NCT02057965
143,1,https://ClinicalTrials.gov/show/NCT02062827
144,1,https://ClinicalTrials.gov/show/NCT02062931
145,1,https://ClinicalTrials.gov/show/NCT02064062
146,1,https://ClinicalTrials.gov/show/NCT02065167
147,1,https://ClinicalTrials.gov/show/NCT02065245
148,1,https://ClinicalTrials.gov/show/NCT02068794
149,1,https://ClinicalTrials.gov/show/NCT02079324
150,1,https://ClinicalTrials.gov/show/NCT02080650
151,1,https://ClinicalTrials.gov/show/NCT02081937
152,1,https://ClinicalTrials.gov/show/NCT02083718
153,1,https://ClinicalTrials.gov/show/NCT02097641
154,1,https://ClinicalTrials.gov/show/NCT02134262
155,1,https://ClinicalTrials.gov/show/NCT02104440
156,1,https://ClinicalTrials.gov/show/NCT02104713
157,1,https://ClinicalTrials.gov/show/NCT02107118
158,1,https://ClinicalTrials.gov/show/NCT02107963
159,1,https://ClinicalTrials.gov/show/NCT02108132
160,1,https://ClinicalTrials.gov/show/NCT02112500
161,1,https://ClinicalTrials.gov/show/NCT02116634
162,1,https://ClinicalTrials.gov/show/NCT02117024
163,1,https://ClinicalTrials.gov/show/NCT02118519
164,1,https://ClinicalTrials.gov/show/NCT02123368
165,1,https://ClinicalTrials.gov/show/NCT02127710
166,1,https://ClinicalTrials.gov/show/NCT02218437
167,1,https://ClinicalTrials.gov/show/NCT02221882
168,1,https://ClinicalTrials.gov/show/NCT02223897
169,1,https://ClinicalTrials.gov/show/NCT02317458
170,1,https://ClinicalTrials.gov/show/NCT02298023
171,1,https://ClinicalTrials.gov/show/NCT02301039
172,1,https://ClinicalTrials.gov/show/NCT02302599
173,1,https://ClinicalTrials.gov/show/NCT02304562
174,1,https://ClinicalTrials.gov/show/NCT02304588
175,1,https://ClinicalTrials.gov/show/NCT02307435
176,1,https://ClinicalTrials.gov/show/NCT02310451
177,1,https://ClinicalTrials.gov/show/NCT02313415
178,1,https://ClinicalTrials.gov/show/NCT02315027
179,1,https://ClinicalTrials.gov/show/NCT02315599
180,1,https://ClinicalTrials.gov/show/NCT02315703
181,1,https://ClinicalTrials.gov/show/NCT02323477
182,1,https://ClinicalTrials.gov/show/NCT02226055
183,1,https://ClinicalTrials.gov/show/NCT02323789
184,1,https://ClinicalTrials.gov/show/NCT02325843
185,1,https://ClinicalTrials.gov/show/NCT02326935
186,1,https://ClinicalTrials.gov/show/NCT02327832
187,1,https://ClinicalTrials.gov/show/NCT02328612
188,1,https://ClinicalTrials.gov/show/NCT02330978
189,1,https://ClinicalTrials.gov/show/NCT02331134
190,1,https://ClinicalTrials.gov/show/NCT02331966
191,1,https://ClinicalTrials.gov/show/NCT02334878
192,1,https://ClinicalTrials.gov/show/NCT02336230
193,1,https://ClinicalTrials.gov/show/NCT02336646
194,1,https://ClinicalTrials.gov/show/NCT02292628
195,1,https://ClinicalTrials.gov/show/NCT02291926
196,1,https://ClinicalTrials.gov/show/NCT02291770
197,1,https://ClinicalTrials.gov/show/NCT02290886
198,1,https://ClinicalTrials.gov/show/NCT02230514
199,1,https://ClinicalTrials.gov/show/NCT02235844
200,1,https://ClinicalTrials.gov/show/NCT02237547
201,1,https://ClinicalTrials.gov/show/NCT02237846
202,1,https://ClinicalTrials.gov/show/NCT02239393
203,1,https://ClinicalTrials.gov/show/NCT02240823
204,1,https://ClinicalTrials.gov/show/NCT02240992
205,1,https://ClinicalTrials.gov/show/NCT02241018
206,1,https://ClinicalTrials.gov/show/NCT02246491
207,1,https://ClinicalTrials.gov/show/NCT02247973
208,1,https://ClinicalTrials.gov/show/NCT02249676
209,1,https://ClinicalTrials.gov/show/NCT02256241
210,1,https://ClinicalTrials.gov/show/NCT02260375
211,1,https://ClinicalTrials.gov/show/NCT02266394
212,1,https://ClinicalTrials.gov/show/NCT02270307
213,1,https://ClinicalTrials.gov/show/NCT02274428
214,1,https://ClinicalTrials.gov/show/NCT02277145
215,1,https://ClinicalTrials.gov/show/NCT02283879
216,1,https://ClinicalTrials.gov/show/NCT02285673
217,1,https://ClinicalTrials.gov/show/NCT02286128
218,1,https://ClinicalTrials.gov/show/NCT02287831
219,1,https://ClinicalTrials.gov/show/NCT02287974
220,1,https://ClinicalTrials.gov/show/NCT02290041
221,1,https://ClinicalTrials.gov/show/NCT02587715
222,1,https://ClinicalTrials.gov/show/NCT02594345
223,1,https://ClinicalTrials.gov/show/NCT02056613
224,1,https://ClinicalTrials.gov/show/NCT02989064
225,1,https://ClinicalTrials.gov/show/NCT02963727
226,1,https://ClinicalTrials.gov/show/NCT02966717
227,1,https://ClinicalTrials.gov/show/NCT02966951
228,1,https://ClinicalTrials.gov/show/NCT02968459
229,1,https://ClinicalTrials.gov/show/NCT02975960
230,1,https://ClinicalTrials.gov/show/NCT02977156
231,1,https://ClinicalTrials.gov/show/NCT02980302
232,1,https://ClinicalTrials.gov/show/NCT02981576
233,1,https://ClinicalTrials.gov/show/NCT02982915
234,1,https://ClinicalTrials.gov/show/NCT02985346
235,1,https://ClinicalTrials.gov/show/NCT02987413
236,1,https://ClinicalTrials.gov/show/NCT02997878
237,1,https://ClinicalTrials.gov/show/NCT02961725
238,1,https://ClinicalTrials.gov/show/NCT03000712
239,1,https://ClinicalTrials.gov/show/NCT03003364
240,1,https://ClinicalTrials.gov/show/NCT03007576
241,1,https://ClinicalTrials.gov/show/NCT03011541
242,1,https://ClinicalTrials.gov/show/NCT03014037
243,1,https://ClinicalTrials.gov/show/NCT03014219
244,1,https://ClinicalTrials.gov/show/NCT03015623
245,1,https://ClinicalTrials.gov/show/NCT03017131
246,1,https://ClinicalTrials.gov/show/NCT03017820
247,1,https://ClinicalTrials.gov/show/NCT03021642
248,1,https://ClinicalTrials.gov/show/NCT03025763
249,1,https://ClinicalTrials.gov/show/NCT02962661
250,1,https://ClinicalTrials.gov/show/NCT02958267
251,1,https://ClinicalTrials.gov/show/NCT03030417
252,1,https://ClinicalTrials.gov/show/NCT02932852
253,1,https://ClinicalTrials.gov/show/NCT02899091
254,1,https://ClinicalTrials.gov/show/NCT02900014
255,1,https://ClinicalTrials.gov/show/NCT02917291
256,1,https://ClinicalTrials.gov/show/NCT02917681
257,1,https://ClinicalTrials.gov/show/NCT02918123
258,1,https://ClinicalTrials.gov/show/NCT02919306
259,1,https://ClinicalTrials.gov/show/NCT02923375
260,1,https://ClinicalTrials.gov/show/NCT02923466
261,1,https://ClinicalTrials.gov/show/NCT02926300
262,1,https://ClinicalTrials.gov/show/NCT02926963
263,1,https://ClinicalTrials.gov/show/NCT02931045
264,1,https://ClinicalTrials.gov/show/NCT02940418
265,1,https://ClinicalTrials.gov/show/NCT02957552
266,1,https://ClinicalTrials.gov/show/NCT02940977
267,1,https://ClinicalTrials.gov/show/NCT02941666
268,1,https://ClinicalTrials.gov/show/NCT02942277
269,1,https://ClinicalTrials.gov/show/NCT02943486
270,1,https://ClinicalTrials.gov/show/NCT02943889
271,1,https://ClinicalTrials.gov/show/NCT02945449
272,1,https://ClinicalTrials.gov/show/NCT02945462
273,1,https://ClinicalTrials.gov/show/NCT02947191
274,1,https://ClinicalTrials.gov/show/NCT02949414
275,1,https://ClinicalTrials.gov/show/NCT02951897
276,1,https://ClinicalTrials.gov/show/NCT02957279
277,1,https://ClinicalTrials.gov/show/NCT03028428
278,1,https://ClinicalTrials.gov/show/NCT03032913
279,1,https://ClinicalTrials.gov/show/NCT02594839
280,1,https://ClinicalTrials.gov/show/NCT03137979
281,1,https://ClinicalTrials.gov/show/NCT03109301
282,1,https://ClinicalTrials.gov/show/NCT03109873
283,1,https://ClinicalTrials.gov/show/NCT03112122
284,1,https://ClinicalTrials.gov/show/NCT03113747
285,1,https://ClinicalTrials.gov/show/NCT03115749
286,1,https://ClinicalTrials.gov/show/NCT03117738
287,1,https://ClinicalTrials.gov/show/NCT03120624
288,1,https://ClinicalTrials.gov/show/NCT03123458
289,1,https://ClinicalTrials.gov/show/NCT03130374
290,1,https://ClinicalTrials.gov/show/NCT03132922
291,1,https://ClinicalTrials.gov/show/NCT03137199
292,1,https://ClinicalTrials.gov/show/NCT03138083
293,1,https://ClinicalTrials.gov/show/NCT03106662
294,1,https://ClinicalTrials.gov/show/NCT03147976
295,1,https://ClinicalTrials.gov/show/NCT03152318
296,1,https://ClinicalTrials.gov/show/NCT03155191
297,1,https://ClinicalTrials.gov/show/NCT03157804
298,1,https://ClinicalTrials.gov/show/NCT03158896
299,1,https://ClinicalTrials.gov/show/NCT03164083
300,1,https://ClinicalTrials.gov/show/NCT03166189
301,1,https://ClinicalTrials.gov/show/NCT03166865
302,1,https://ClinicalTrials.gov/show/NCT03167138
303,1,https://ClinicalTrials.gov/show/NCT03168438
304,1,https://ClinicalTrials.gov/show/NCT03169231
305,1,https://ClinicalTrials.gov/show/NCT03108677
306,1,https://ClinicalTrials.gov/show/NCT03106246
307,1,https://ClinicalTrials.gov/show/NCT03033277
308,1,https://ClinicalTrials.gov/show/NCT03066245
309,1,https://ClinicalTrials.gov/show/NCT03034265
310,1,https://ClinicalTrials.gov/show/NCT03042143
311,1,https://ClinicalTrials.gov/show/NCT03042572
312,1,https://ClinicalTrials.gov/show/NCT03044119
313,1,https://ClinicalTrials.gov/show/NCT03047772
314,1,https://ClinicalTrials.gov/show/NCT03048253
315,1,https://ClinicalTrials.gov/show/NCT03055078
316,1,https://ClinicalTrials.gov/show/NCT03056742
317,1,https://ClinicalTrials.gov/show/NCT03058068
318,1,https://ClinicalTrials.gov/show/NCT03059355
319,1,https://ClinicalTrials.gov/show/NCT03060551
320,1,https://ClinicalTrials.gov/show/NCT03067870
321,1,https://ClinicalTrials.gov/show/NCT03103971
322,1,https://ClinicalTrials.gov/show/NCT03068988
323,1,https://ClinicalTrials.gov/show/NCT03069209
324,1,https://ClinicalTrials.gov/show/NCT03070275
325,1,https://ClinicalTrials.gov/show/NCT03078621
326,1,https://ClinicalTrials.gov/show/NCT03079401
327,1,https://ClinicalTrials.gov/show/NCT03083743
328,1,https://ClinicalTrials.gov/show/NCT03097770
329,1,https://ClinicalTrials.gov/show/NCT03099239
330,1,https://ClinicalTrials.gov/show/NCT03102268
331,1,https://ClinicalTrials.gov/show/NCT03102879
332,1,https://ClinicalTrials.gov/show/NCT03103295
333,1,https://ClinicalTrials.gov/show/NCT02893306
334,1,https://ClinicalTrials.gov/show/NCT02890953
335,1,https://ClinicalTrials.gov/show/NCT02890849
336,1,https://ClinicalTrials.gov/show/NCT02700230
337,1,https://ClinicalTrials.gov/show/NCT02674399
338,1,https://ClinicalTrials.gov/show/NCT02675556
339,1,https://ClinicalTrials.gov/show/NCT02677350
340,1,https://ClinicalTrials.gov/show/NCT02685046
341,1,https://ClinicalTrials.gov/show/NCT02685098
342,1,https://ClinicalTrials.gov/show/NCT02685722
343,1,https://ClinicalTrials.gov/show/NCT02687646
344,1,https://ClinicalTrials.gov/show/NCT02687724
345,1,https://ClinicalTrials.gov/show/NCT02688049
346,1,https://ClinicalTrials.gov/show/NCT02696876
347,1,https://ClinicalTrials.gov/show/NCT02698813
348,1,https://ClinicalTrials.gov/show/NCT02702856
349,1,https://ClinicalTrials.gov/show/NCT02672280
350,1,https://ClinicalTrials.gov/show/NCT02705742
351,1,https://ClinicalTrials.gov/show/NCT02706119
352,1,https://ClinicalTrials.gov/show/NCT02706132
353,1,https://ClinicalTrials.gov/show/NCT02709343
354,1,https://ClinicalTrials.gov/show/NCT02720939
355,1,https://ClinicalTrials.gov/show/NCT02728115
356,1,https://ClinicalTrials.gov/show/NCT02729298
357,1,https://ClinicalTrials.gov/show/NCT02731586
358,1,https://ClinicalTrials.gov/show/NCT02742844
359,1,https://ClinicalTrials.gov/show/NCT02742857
360,1,https://ClinicalTrials.gov/show/NCT02745366
361,1,https://ClinicalTrials.gov/show/NCT02672306
362,1,https://ClinicalTrials.gov/show/NCT02672267
363,1,https://ClinicalTrials.gov/show/NCT02888704
364,1,https://ClinicalTrials.gov/show/NCT02641769
365,1,https://ClinicalTrials.gov/show/NCT02600130
366,1,https://ClinicalTrials.gov/show/NCT02603744
367,1,https://ClinicalTrials.gov/show/NCT02609776
368,1,https://ClinicalTrials.gov/show/NCT02611167
369,1,https://ClinicalTrials.gov/show/NCT02619734
370,1,https://ClinicalTrials.gov/show/NCT02619851
371,1,https://ClinicalTrials.gov/show/NCT02619877
372,1,https://ClinicalTrials.gov/show/NCT02625246
373,1,https://ClinicalTrials.gov/show/NCT02630836
374,1,https://ClinicalTrials.gov/show/NCT02633163
375,1,https://ClinicalTrials.gov/show/NCT02635464
376,1,https://ClinicalTrials.gov/show/NCT02641860
377,1,https://ClinicalTrials.gov/show/NCT02669199
378,1,https://ClinicalTrials.gov/show/NCT02643823
379,1,https://ClinicalTrials.gov/show/NCT02644447
380,1,https://ClinicalTrials.gov/show/NCT02645305
381,1,https://ClinicalTrials.gov/show/NCT02646007
382,1,https://ClinicalTrials.gov/show/NCT02648386
383,1,https://ClinicalTrials.gov/show/NCT02651168
384,1,https://ClinicalTrials.gov/show/NCT02652351
385,1,https://ClinicalTrials.gov/show/NCT02658344
386,1,https://ClinicalTrials.gov/show/NCT02664363
387,1,https://ClinicalTrials.gov/show/NCT02666391
388,1,https://ClinicalTrials.gov/show/NCT02668068
389,1,https://ClinicalTrials.gov/show/NCT02745379
390,1,https://ClinicalTrials.gov/show/NCT02745808
391,1,https://ClinicalTrials.gov/show/NCT02748369
392,1,https://ClinicalTrials.gov/show/NCT02854579
393,1,https://ClinicalTrials.gov/show/NCT02824653
394,1,https://ClinicalTrials.gov/show/NCT02829216
395,1,https://ClinicalTrials.gov/show/NCT02831075
396,1,https://ClinicalTrials.gov/show/NCT02833792
397,1,https://ClinicalTrials.gov/show/NCT02834858
398,1,https://ClinicalTrials.gov/show/NCT02836145
399,1,https://ClinicalTrials.gov/show/NCT02838069
400,1,https://ClinicalTrials.gov/show/NCT02846883
401,1,https://ClinicalTrials.gov/show/NCT02848131
402,1,https://ClinicalTrials.gov/show/NCT02849613
403,1,https://ClinicalTrials.gov/show/NCT02853942
404,1,https://ClinicalTrials.gov/show/NCT02855073
405,1,https://ClinicalTrials.gov/show/NCT02749448
406,1,https://ClinicalTrials.gov/show/NCT02855112
407,1,https://ClinicalTrials.gov/show/NCT02857010
408,1,https://ClinicalTrials.gov/show/NCT02858310
409,1,https://ClinicalTrials.gov/show/NCT02859025
410,1,https://ClinicalTrials.gov/show/NCT02862470
411,1,https://ClinicalTrials.gov/show/NCT02866721
412,1,https://ClinicalTrials.gov/show/NCT02869685
413,1,https://ClinicalTrials.gov/show/NCT02881476
414,1,https://ClinicalTrials.gov/show/NCT02881489
415,1,https://ClinicalTrials.gov/show/NCT02883803
416,1,https://ClinicalTrials.gov/show/NCT02886884
417,1,https://ClinicalTrials.gov/show/NCT02824393
418,1,https://ClinicalTrials.gov/show/NCT02823613
419,1,https://ClinicalTrials.gov/show/NCT02815423
420,1,https://ClinicalTrials.gov/show/NCT02815072
421,1,https://ClinicalTrials.gov/show/NCT02751125
422,1,https://ClinicalTrials.gov/show/NCT02755376
423,1,https://ClinicalTrials.gov/show/NCT02755922
424,1,https://ClinicalTrials.gov/show/NCT02759588
425,1,https://ClinicalTrials.gov/show/NCT02763423
426,1,https://ClinicalTrials.gov/show/NCT02767817
427,1,https://ClinicalTrials.gov/show/NCT02770430
428,1,https://ClinicalTrials.gov/show/NCT02772289
429,1,https://ClinicalTrials.gov/show/NCT02772367
430,1,https://ClinicalTrials.gov/show/NCT02776943
431,1,https://ClinicalTrials.gov/show/NCT02786017
432,1,https://ClinicalTrials.gov/show/NCT02789995
433,1,https://ClinicalTrials.gov/show/NCT02790762
434,1,https://ClinicalTrials.gov/show/NCT02796079
435,1,https://ClinicalTrials.gov/show/NCT02797834
436,1,https://ClinicalTrials.gov/show/NCT02801890
437,1,https://ClinicalTrials.gov/show/NCT02804945
438,1,https://ClinicalTrials.gov/show/NCT02805855
439,1,https://ClinicalTrials.gov/show/NCT02807389
440,1,https://ClinicalTrials.gov/show/NCT02808208
441,1,https://ClinicalTrials.gov/show/NCT02809781
442,1,https://ClinicalTrials.gov/show/NCT02812121
443,1,https://ClinicalTrials.gov/show/NCT02814864
444,1,https://ClinicalTrials.gov/show/NCT02057211
445,1,https://ClinicalTrials.gov/show/NCT02055625
446,1,https://ClinicalTrials.gov/show/NCT03172117
447,1,https://ClinicalTrials.gov/show/NCT01219465
448,1,https://ClinicalTrials.gov/show/NCT01183728
449,1,https://ClinicalTrials.gov/show/NCT01206179
450,1,https://ClinicalTrials.gov/show/NCT01207193
451,1,https://ClinicalTrials.gov/show/NCT01207661
452,1,https://ClinicalTrials.gov/show/NCT01207869
453,1,https://ClinicalTrials.gov/show/NCT01210950
454,1,https://ClinicalTrials.gov/show/NCT01213186
455,1,https://ClinicalTrials.gov/show/NCT01213953
456,1,https://ClinicalTrials.gov/show/NCT01216865
457,1,https://ClinicalTrials.gov/show/NCT01218464
458,1,https://ClinicalTrials.gov/show/NCT01219452
459,1,https://ClinicalTrials.gov/show/NCT01220492
460,1,https://ClinicalTrials.gov/show/NCT01175655
461,1,https://ClinicalTrials.gov/show/NCT01221428
462,1,https://ClinicalTrials.gov/show/NCT01221454
463,1,https://ClinicalTrials.gov/show/NCT01222039
464,1,https://ClinicalTrials.gov/show/NCT01223664
465,1,https://ClinicalTrials.gov/show/NCT01224327
466,1,https://ClinicalTrials.gov/show/NCT01227694
467,1,https://ClinicalTrials.gov/show/NCT01228266
468,1,https://ClinicalTrials.gov/show/NCT01233102
469,1,https://ClinicalTrials.gov/show/NCT01233960
470,1,https://ClinicalTrials.gov/show/NCT01236573
471,1,https://ClinicalTrials.gov/show/NCT01257776
472,1,https://ClinicalTrials.gov/show/NCT01182662
473,1,https://ClinicalTrials.gov/show/NCT01162915
474,1,https://ClinicalTrials.gov/show/NCT01270139
475,1,https://ClinicalTrials.gov/show/NCT01091701
476,1,https://ClinicalTrials.gov/show/NCT01056471
477,1,https://ClinicalTrials.gov/show/NCT01061099
478,1,https://ClinicalTrials.gov/show/NCT01065337
479,1,https://ClinicalTrials.gov/show/NCT01068951
480,1,https://ClinicalTrials.gov/show/NCT01071577
481,1,https://ClinicalTrials.gov/show/NCT01076920
482,1,https://ClinicalTrials.gov/show/NCT01079143
483,1,https://ClinicalTrials.gov/show/NCT01087294
484,1,https://ClinicalTrials.gov/show/NCT01087996
485,1,https://ClinicalTrials.gov/show/NCT01088191
486,1,https://ClinicalTrials.gov/show/NCT01090817
487,1,https://ClinicalTrials.gov/show/NCT01092026
488,1,https://ClinicalTrials.gov/show/NCT01159899
489,1,https://ClinicalTrials.gov/show/NCT01092208
490,1,https://ClinicalTrials.gov/show/NCT01111422
491,1,https://ClinicalTrials.gov/show/NCT01129739
492,1,https://ClinicalTrials.gov/show/NCT01142050
493,1,https://ClinicalTrials.gov/show/NCT01142856
494,1,https://ClinicalTrials.gov/show/NCT01143168
495,1,https://ClinicalTrials.gov/show/NCT01143454
496,1,https://ClinicalTrials.gov/show/NCT01144962
497,1,https://ClinicalTrials.gov/show/NCT01157403
498,1,https://ClinicalTrials.gov/show/NCT01157650
499,1,https://ClinicalTrials.gov/show/NCT01159288
500,1,https://ClinicalTrials.gov/show/NCT01263379
501,1,https://ClinicalTrials.gov/show/NCT01274975
502,1,https://ClinicalTrials.gov/show/NCT01443260
503,1,https://ClinicalTrials.gov/show/NCT01394432
504,1,https://ClinicalTrials.gov/show/NCT01360164
505,1,https://ClinicalTrials.gov/show/NCT01364246
506,1,https://ClinicalTrials.gov/show/NCT01366911
507,1,https://ClinicalTrials.gov/show/NCT01374854
508,1,https://ClinicalTrials.gov/show/NCT01377870
509,1,https://ClinicalTrials.gov/show/NCT01378182
510,1,https://ClinicalTrials.gov/show/NCT01385644
511,1,https://ClinicalTrials.gov/show/NCT01389661
512,1,https://ClinicalTrials.gov/show/NCT01392105
513,1,https://ClinicalTrials.gov/show/NCT01392625
514,1,https://ClinicalTrials.gov/show/NCT01393977
515,1,https://ClinicalTrials.gov/show/NCT01399749
516,1,https://ClinicalTrials.gov/show/NCT01349387
517,1,https://ClinicalTrials.gov/show/NCT01409954
518,1,https://ClinicalTrials.gov/show/NCT01413035
519,1,https://ClinicalTrials.gov/show/NCT01413061
520,1,https://ClinicalTrials.gov/show/NCT01420432
521,1,https://ClinicalTrials.gov/show/NCT01429012
522,1,https://ClinicalTrials.gov/show/NCT01429038
523,1,https://ClinicalTrials.gov/show/NCT01435434
524,1,https://ClinicalTrials.gov/show/NCT01436058
525,1,https://ClinicalTrials.gov/show/NCT01436123
526,1,https://ClinicalTrials.gov/show/NCT01440309
527,1,https://ClinicalTrials.gov/show/NCT01441128
528,1,https://ClinicalTrials.gov/show/NCT01351610
529,1,https://ClinicalTrials.gov/show/NCT01344109
530,1,https://ClinicalTrials.gov/show/NCT01275612
531,1,https://ClinicalTrials.gov/show/NCT01305694
532,1,https://ClinicalTrials.gov/show/NCT01290367
533,1,https://ClinicalTrials.gov/show/NCT01291329
534,1,https://ClinicalTrials.gov/show/NCT01294072
535,1,https://ClinicalTrials.gov/show/NCT01297205
536,1,https://ClinicalTrials.gov/show/NCT01297218
537,1,https://ClinicalTrials.gov/show/NCT01297413
538,1,https://ClinicalTrials.gov/show/NCT01297972
539,1,https://ClinicalTrials.gov/show/NCT01298830
540,1,https://ClinicalTrials.gov/show/NCT01300598
541,1,https://ClinicalTrials.gov/show/NCT01301664
542,1,https://ClinicalTrials.gov/show/NCT01302015
543,1,https://ClinicalTrials.gov/show/NCT01306513
544,1,https://ClinicalTrials.gov/show/NCT01343511
545,1,https://ClinicalTrials.gov/show/NCT01309061
546,1,https://ClinicalTrials.gov/show/NCT01314092
547,1,https://ClinicalTrials.gov/show/NCT01318317
548,1,https://ClinicalTrials.gov/show/NCT01318330
549,1,https://ClinicalTrials.gov/show/NCT01322789
550,1,https://ClinicalTrials.gov/show/NCT01322906
551,1,https://ClinicalTrials.gov/show/NCT01323894
552,1,https://ClinicalTrials.gov/show/NCT01325103
553,1,https://ClinicalTrials.gov/show/NCT01331018
554,1,https://ClinicalTrials.gov/show/NCT01342250
555,1,https://ClinicalTrials.gov/show/NCT01343043
556,1,https://ClinicalTrials.gov/show/NCT01051882
557,1,https://ClinicalTrials.gov/show/NCT01045382
558,1,https://ClinicalTrials.gov/show/NCT01041001
559,1,https://ClinicalTrials.gov/show/NCT00562497
560,1,https://ClinicalTrials.gov/show/NCT00456664
561,1,https://ClinicalTrials.gov/show/NCT00476060
562,1,https://ClinicalTrials.gov/show/NCT00482092
563,1,https://ClinicalTrials.gov/show/NCT00498316
564,1,https://ClinicalTrials.gov/show/NCT00504803
565,1,https://ClinicalTrials.gov/show/NCT00512434
566,1,https://ClinicalTrials.gov/show/NCT00515307
567,1,https://ClinicalTrials.gov/show/NCT00538850
568,1,https://ClinicalTrials.gov/show/NCT00543374
569,1,https://ClinicalTrials.gov/show/NCT00555828
570,1,https://ClinicalTrials.gov/show/NCT00557635
571,1,https://ClinicalTrials.gov/show/NCT00587990
572,1,https://ClinicalTrials.gov/show/NCT00447460
573,1,https://ClinicalTrials.gov/show/NCT00603330
574,1,https://ClinicalTrials.gov/show/NCT00609661
575,1,https://ClinicalTrials.gov/show/NCT00615329
576,1,https://ClinicalTrials.gov/show/NCT00621452
577,1,https://ClinicalTrials.gov/show/NCT00629096
578,1,https://ClinicalTrials.gov/show/NCT00644410
579,1,https://ClinicalTrials.gov/show/NCT00646724
580,1,https://ClinicalTrials.gov/show/NCT00658073
581,1,https://ClinicalTrials.gov/show/NCT00659217
582,1,https://ClinicalTrials.gov/show/NCT00659620
583,1,https://ClinicalTrials.gov/show/NCT00683722
584,1,https://ClinicalTrials.gov/show/NCT00450814
585,1,https://ClinicalTrials.gov/show/NCT00420134
586,1,https://ClinicalTrials.gov/show/NCT01038596
587,1,https://ClinicalTrials.gov/show/NCT00187018
588,1,https://ClinicalTrials.gov/show/NCT00025441
589,1,https://ClinicalTrials.gov/show/NCT00028158
590,1,https://ClinicalTrials.gov/show/NCT00081055
591,1,https://ClinicalTrials.gov/show/NCT00095862
592,1,https://ClinicalTrials.gov/show/NCT00099762
593,1,https://ClinicalTrials.gov/show/NCT00102245
594,1,https://ClinicalTrials.gov/show/NCT00104091
595,1,https://ClinicalTrials.gov/show/NCT00114452
596,1,https://ClinicalTrials.gov/show/NCT00136903
597,1,https://ClinicalTrials.gov/show/NCT00157703
598,1,https://ClinicalTrials.gov/show/NCT00186914
599,1,https://ClinicalTrials.gov/show/NCT00221130
600,1,https://ClinicalTrials.gov/show/NCT00418418
601,1,https://ClinicalTrials.gov/show/NCT00225095
602,1,https://ClinicalTrials.gov/show/NCT00250302
603,1,https://ClinicalTrials.gov/show/NCT00260338
604,1,https://ClinicalTrials.gov/show/NCT00284986
605,1,https://ClinicalTrials.gov/show/NCT00294112
606,1,https://ClinicalTrials.gov/show/NCT00307125
607,1,https://ClinicalTrials.gov/show/NCT00314483
608,1,https://ClinicalTrials.gov/show/NCT00361049
609,1,https://ClinicalTrials.gov/show/NCT00366145
610,1,https://ClinicalTrials.gov/show/NCT00395200
611,1,https://ClinicalTrials.gov/show/NCT00408590
612,1,https://ClinicalTrials.gov/show/NCT00690066
613,1,https://ClinicalTrials.gov/show/NCT00698191
614,1,https://ClinicalTrials.gov/show/NCT00702741
615,1,https://ClinicalTrials.gov/show/NCT00953485
616,1,https://ClinicalTrials.gov/show/NCT00879385
617,1,https://ClinicalTrials.gov/show/NCT00883727
618,1,https://ClinicalTrials.gov/show/NCT00883870
619,1,https://ClinicalTrials.gov/show/NCT00885729
620,1,https://ClinicalTrials.gov/show/NCT00891501
621,1,https://ClinicalTrials.gov/show/NCT00908856
622,1,https://ClinicalTrials.gov/show/NCT00911365
623,1,https://ClinicalTrials.gov/show/NCT00919958
624,1,https://ClinicalTrials.gov/show/NCT00927784
625,1,https://ClinicalTrials.gov/show/NCT00939068
626,1,https://ClinicalTrials.gov/show/NCT00951210
627,1,https://ClinicalTrials.gov/show/NCT00953693
628,1,https://ClinicalTrials.gov/show/NCT00705120
629,1,https://ClinicalTrials.gov/show/NCT00955669
630,1,https://ClinicalTrials.gov/show/NCT00956891
631,1,https://ClinicalTrials.gov/show/NCT00957931
632,1,https://ClinicalTrials.gov/show/NCT00962923
633,1,https://ClinicalTrials.gov/show/NCT00972660
634,1,https://ClinicalTrials.gov/show/NCT00976287
635,1,https://ClinicalTrials.gov/show/NCT00976430
636,1,https://ClinicalTrials.gov/show/NCT00988338
637,1,https://ClinicalTrials.gov/show/NCT00993941
638,1,https://ClinicalTrials.gov/show/NCT01033552
639,1,https://ClinicalTrials.gov/show/NCT01035645
640,1,https://ClinicalTrials.gov/show/NCT00877903
641,1,https://ClinicalTrials.gov/show/NCT00875654
642,1,https://ClinicalTrials.gov/show/NCT00874783
643,1,https://ClinicalTrials.gov/show/NCT00851162
644,1,https://ClinicalTrials.gov/show/NCT00710411
645,1,https://ClinicalTrials.gov/show/NCT00721045
646,1,https://ClinicalTrials.gov/show/NCT00734396
647,1,https://ClinicalTrials.gov/show/NCT00749164
648,1,https://ClinicalTrials.gov/show/NCT00752479
649,1,https://ClinicalTrials.gov/show/NCT00759018
650,1,https://ClinicalTrials.gov/show/NCT00768066
651,1,https://ClinicalTrials.gov/show/NCT00781872
652,1,https://ClinicalTrials.gov/show/NCT00790413
653,1,https://ClinicalTrials.gov/show/NCT00790764
654,1,https://ClinicalTrials.gov/show/NCT00794131
655,1,https://ClinicalTrials.gov/show/NCT00801333
656,1,https://ClinicalTrials.gov/show/NCT00801372
657,1,https://ClinicalTrials.gov/show/NCT00810238
658,1,https://ClinicalTrials.gov/show/NCT00813267
659,1,https://ClinicalTrials.gov/show/NCT00813969
660,1,https://ClinicalTrials.gov/show/NCT00815217
661,1,https://ClinicalTrials.gov/show/NCT00815945
662,1,https://ClinicalTrials.gov/show/NCT00823316
663,1,https://ClinicalTrials.gov/show/NCT00826046
664,1,https://ClinicalTrials.gov/show/NCT00827398
665,1,https://ClinicalTrials.gov/show/NCT00836732
666,1,https://ClinicalTrials.gov/show/NCT00850187
667,1,https://ClinicalTrials.gov/show/NCT01442129
668,1,https://ClinicalTrials.gov/show/NCT01443689
669,1,https://ClinicalTrials.gov/show/NCT02054208
670,1,https://ClinicalTrials.gov/show/NCT01860118
671,1,https://ClinicalTrials.gov/show/NCT01843387
672,1,https://ClinicalTrials.gov/show/NCT01844063
673,1,https://ClinicalTrials.gov/show/NCT01844661
674,1,https://ClinicalTrials.gov/show/NCT01846091
675,1,https://ClinicalTrials.gov/show/NCT01849159
676,1,https://ClinicalTrials.gov/show/NCT01849237
677,1,https://ClinicalTrials.gov/show/NCT01849887
678,1,https://ClinicalTrials.gov/show/NCT01851070
679,1,https://ClinicalTrials.gov/show/NCT01854125
680,1,https://ClinicalTrials.gov/show/NCT01854957
681,1,https://ClinicalTrials.gov/show/NCT01856140
682,1,https://ClinicalTrials.gov/show/NCT01860417
683,1,https://ClinicalTrials.gov/show/NCT01840540
684,1,https://ClinicalTrials.gov/show/NCT01860495
685,1,https://ClinicalTrials.gov/show/NCT01860898
686,1,https://ClinicalTrials.gov/show/NCT01864889
687,1,https://ClinicalTrials.gov/show/NCT01865981
688,1,https://ClinicalTrials.gov/show/NCT01872624
689,1,https://ClinicalTrials.gov/show/NCT01873547
690,1,https://ClinicalTrials.gov/show/NCT01873625
691,1,https://ClinicalTrials.gov/show/NCT01874015
692,1,https://ClinicalTrials.gov/show/NCT01874665
693,1,https://ClinicalTrials.gov/show/NCT01875081
694,1,https://ClinicalTrials.gov/show/NCT01877759
695,1,https://ClinicalTrials.gov/show/NCT01842477
696,1,https://ClinicalTrials.gov/show/NCT01828957
697,1,https://ClinicalTrials.gov/show/NCT01892293
698,1,https://ClinicalTrials.gov/show/NCT01775774
699,1,https://ClinicalTrials.gov/show/NCT01763086
700,1,https://ClinicalTrials.gov/show/NCT01763099
701,1,https://ClinicalTrials.gov/show/NCT01764100
702,1,https://ClinicalTrials.gov/show/NCT01765634
703,1,https://ClinicalTrials.gov/show/NCT01765660
704,1,https://ClinicalTrials.gov/show/NCT01768702
705,1,https://ClinicalTrials.gov/show/NCT01769872
706,1,https://ClinicalTrials.gov/show/NCT01770613
707,1,https://ClinicalTrials.gov/show/NCT01771640
708,1,https://ClinicalTrials.gov/show/NCT01771679
709,1,https://ClinicalTrials.gov/show/NCT01771913
710,1,https://ClinicalTrials.gov/show/NCT01777646
711,1,https://ClinicalTrials.gov/show/NCT01824121
712,1,https://ClinicalTrials.gov/show/NCT01779583
713,1,https://ClinicalTrials.gov/show/NCT01781390
714,1,https://ClinicalTrials.gov/show/NCT01785043
715,1,https://ClinicalTrials.gov/show/NCT01788059
716,1,https://ClinicalTrials.gov/show/NCT01795950
717,1,https://ClinicalTrials.gov/show/NCT01803347
718,1,https://ClinicalTrials.gov/show/NCT01804153
719,1,https://ClinicalTrials.gov/show/NCT01808729
720,1,https://ClinicalTrials.gov/show/NCT01809769
721,1,https://ClinicalTrials.gov/show/NCT01811381
722,1,https://ClinicalTrials.gov/show/NCT01824069
723,1,https://ClinicalTrials.gov/show/NCT01879046
724,1,https://ClinicalTrials.gov/show/NCT01892514
725,1,https://ClinicalTrials.gov/show/NCT01446614
726,1,https://ClinicalTrials.gov/show/NCT02022904
727,1,https://ClinicalTrials.gov/show/NCT01985633
728,1,https://ClinicalTrials.gov/show/NCT01993368
729,1,https://ClinicalTrials.gov/show/NCT02000362
730,1,https://ClinicalTrials.gov/show/NCT02003131
731,1,https://ClinicalTrials.gov/show/NCT02010203
732,1,https://ClinicalTrials.gov/show/NCT02012153
733,1,https://ClinicalTrials.gov/show/NCT02013674
734,1,https://ClinicalTrials.gov/show/NCT02013700
735,1,https://ClinicalTrials.gov/show/NCT02015065
736,1,https://ClinicalTrials.gov/show/NCT02016508
737,1,https://ClinicalTrials.gov/show/NCT02017912
738,1,https://ClinicalTrials.gov/show/NCT02023788
739,1,https://ClinicalTrials.gov/show/NCT01984450
740,1,https://ClinicalTrials.gov/show/NCT02025270
741,1,https://ClinicalTrials.gov/show/NCT02025413
742,1,https://ClinicalTrials.gov/show/NCT02032004
743,1,https://ClinicalTrials.gov/show/NCT02032446
744,1,https://ClinicalTrials.gov/show/NCT02033525
745,1,https://ClinicalTrials.gov/show/NCT02034188
746,1,https://ClinicalTrials.gov/show/NCT02034786
747,1,https://ClinicalTrials.gov/show/NCT02035514
748,1,https://ClinicalTrials.gov/show/NCT02037204
749,1,https://ClinicalTrials.gov/show/NCT02045745
750,1,https://ClinicalTrials.gov/show/NCT02048371
751,1,https://ClinicalTrials.gov/show/NCT01985464
752,1,https://ClinicalTrials.gov/show/NCT01983709
753,1,https://ClinicalTrials.gov/show/NCT01895413
754,1,https://ClinicalTrials.gov/show/NCT01929434
755,1,https://ClinicalTrials.gov/show/NCT01895439
756,1,https://ClinicalTrials.gov/show/NCT01897987
757,1,https://ClinicalTrials.gov/show/NCT01902082
758,1,https://ClinicalTrials.gov/show/NCT01909154
759,1,https://ClinicalTrials.gov/show/NCT01913886
760,1,https://ClinicalTrials.gov/show/NCT01914887
761,1,https://ClinicalTrials.gov/show/NCT01915927
762,1,https://ClinicalTrials.gov/show/NCT01919827
763,1,https://ClinicalTrials.gov/show/NCT01920867
764,1,https://ClinicalTrials.gov/show/NCT01922908
765,1,https://ClinicalTrials.gov/show/NCT01927354
766,1,https://ClinicalTrials.gov/show/NCT01932021
767,1,https://ClinicalTrials.gov/show/NCT01981330
768,1,https://ClinicalTrials.gov/show/NCT01932164
769,1,https://ClinicalTrials.gov/show/NCT01933802
770,1,https://ClinicalTrials.gov/show/NCT01941394
771,1,https://ClinicalTrials.gov/show/NCT01943383
772,1,https://ClinicalTrials.gov/show/NCT01946048
773,1,https://ClinicalTrials.gov/show/NCT01954147
774,1,https://ClinicalTrials.gov/show/NCT01956903
775,1,https://ClinicalTrials.gov/show/NCT01957826
776,1,https://ClinicalTrials.gov/show/NCT01958502
777,1,https://ClinicalTrials.gov/show/NCT01962233
778,1,https://ClinicalTrials.gov/show/NCT01967186
779,1,https://ClinicalTrials.gov/show/NCT01759823
780,1,https://ClinicalTrials.gov/show/NCT01759797
781,1,https://ClinicalTrials.gov/show/NCT01759784
782,1,https://ClinicalTrials.gov/show/NCT01576328
783,1,https://ClinicalTrials.gov/show/NCT01540292
784,1,https://ClinicalTrials.gov/show/NCT01541579
785,1,https://ClinicalTrials.gov/show/NCT01544712
786,1,https://ClinicalTrials.gov/show/NCT01547091
787,1,https://ClinicalTrials.gov/show/NCT01547689
788,1,https://ClinicalTrials.gov/show/NCT01548092
789,1,https://ClinicalTrials.gov/show/NCT01549665
790,1,https://ClinicalTrials.gov/show/NCT01552707
791,1,https://ClinicalTrials.gov/show/NCT01558908
792,1,https://ClinicalTrials.gov/show/NCT01562002
793,1,https://ClinicalTrials.gov/show/NCT01573923
794,1,https://ClinicalTrials.gov/show/NCT01584284
795,1,https://ClinicalTrials.gov/show/NCT01534624
796,1,https://ClinicalTrials.gov/show/NCT01585857
797,1,https://ClinicalTrials.gov/show/NCT01586312
798,1,https://ClinicalTrials.gov/show/NCT01586403
799,1,https://ClinicalTrials.gov/show/NCT01589549
800,1,https://ClinicalTrials.gov/show/NCT01591200
801,1,https://ClinicalTrials.gov/show/NCT01602328
802,1,https://ClinicalTrials.gov/show/NCT01603836
803,1,https://ClinicalTrials.gov/show/NCT01605383
804,1,https://ClinicalTrials.gov/show/NCT01606215
805,1,https://ClinicalTrials.gov/show/NCT01609283
806,1,https://ClinicalTrials.gov/show/NCT01610440
807,1,https://ClinicalTrials.gov/show/NCT01539902
808,1,https://ClinicalTrials.gov/show/NCT01532076
809,1,https://ClinicalTrials.gov/show/NCT01759212
810,1,https://ClinicalTrials.gov/show/NCT01484574
811,1,https://ClinicalTrials.gov/show/NCT01446640
812,1,https://ClinicalTrials.gov/show/NCT01448434
813,1,https://ClinicalTrials.gov/show/NCT01449032
814,1,https://ClinicalTrials.gov/show/NCT01453738
815,1,https://ClinicalTrials.gov/show/NCT01454336
816,1,https://ClinicalTrials.gov/show/NCT01456819
817,1,https://ClinicalTrials.gov/show/NCT01459640
818,1,https://ClinicalTrials.gov/show/NCT01461720
819,1,https://ClinicalTrials.gov/show/NCT01468064
820,1,https://ClinicalTrials.gov/show/NCT01469351
821,1,https://ClinicalTrials.gov/show/NCT01483248
822,1,https://ClinicalTrials.gov/show/NCT01489267
823,1,https://ClinicalTrials.gov/show/NCT01531348
824,1,https://ClinicalTrials.gov/show/NCT01494480
825,1,https://ClinicalTrials.gov/show/NCT01496339
826,1,https://ClinicalTrials.gov/show/NCT01499056
827,1,https://ClinicalTrials.gov/show/NCT01499459
828,1,https://ClinicalTrials.gov/show/NCT01504464
829,1,https://ClinicalTrials.gov/show/NCT01513694
830,1,https://ClinicalTrials.gov/show/NCT01514357
831,1,https://ClinicalTrials.gov/show/NCT01517425
832,1,https://ClinicalTrials.gov/show/NCT01522716
833,1,https://ClinicalTrials.gov/show/NCT01524016
834,1,https://ClinicalTrials.gov/show/NCT01526850
835,1,https://ClinicalTrials.gov/show/NCT01623453
836,1,https://ClinicalTrials.gov/show/NCT01624701
837,1,https://ClinicalTrials.gov/show/NCT01624779
838,1,https://ClinicalTrials.gov/show/NCT01739504
839,1,https://ClinicalTrials.gov/show/NCT01714167
840,1,https://ClinicalTrials.gov/show/NCT01716481
841,1,https://ClinicalTrials.gov/show/NCT01719640
842,1,https://ClinicalTrials.gov/show/NCT01720888
843,1,https://ClinicalTrials.gov/show/NCT01724398
844,1,https://ClinicalTrials.gov/show/NCT01725698
845,1,https://ClinicalTrials.gov/show/NCT01728727
846,1,https://ClinicalTrials.gov/show/NCT01730547
847,1,https://ClinicalTrials.gov/show/NCT01733186
848,1,https://ClinicalTrials.gov/show/NCT01734356
849,1,https://ClinicalTrials.gov/show/NCT01735604
850,1,https://ClinicalTrials.gov/show/NCT01739777
851,1,https://ClinicalTrials.gov/show/NCT01626625
852,1,https://ClinicalTrials.gov/show/NCT01741090
853,1,https://ClinicalTrials.gov/show/NCT01741857
854,1,https://ClinicalTrials.gov/show/NCT01742260
855,1,https://ClinicalTrials.gov/show/NCT01742533
856,1,https://ClinicalTrials.gov/show/NCT01745744
857,1,https://ClinicalTrials.gov/show/NCT01745783
858,1,https://ClinicalTrials.gov/show/NCT01751282
859,1,https://ClinicalTrials.gov/show/NCT01753440
860,1,https://ClinicalTrials.gov/show/NCT01754454
861,1,https://ClinicalTrials.gov/show/NCT01755195
862,1,https://ClinicalTrials.gov/show/NCT01758055
863,1,https://ClinicalTrials.gov/show/NCT01709656
864,1,https://ClinicalTrials.gov/show/NCT01700920
865,1,https://ClinicalTrials.gov/show/NCT01697072
866,1,https://ClinicalTrials.gov/show/NCT01696591
867,1,https://ClinicalTrials.gov/show/NCT01626677
868,1,https://ClinicalTrials.gov/show/NCT01627002
869,1,https://ClinicalTrials.gov/show/NCT01632475
870,1,https://ClinicalTrials.gov/show/NCT01643655
871,1,https://ClinicalTrials.gov/show/NCT01643681
872,1,https://ClinicalTrials.gov/show/NCT01645293
873,1,https://ClinicalTrials.gov/show/NCT01646528
874,1,https://ClinicalTrials.gov/show/NCT01649687
875,1,https://ClinicalTrials.gov/show/NCT01649700
876,1,https://ClinicalTrials.gov/show/NCT01652209
877,1,https://ClinicalTrials.gov/show/NCT01659762
878,1,https://ClinicalTrials.gov/show/NCT01661842
879,1,https://ClinicalTrials.gov/show/NCT01662973
880,1,https://ClinicalTrials.gov/show/NCT01663116
881,1,https://ClinicalTrials.gov/show/NCT01663376
882,1,https://ClinicalTrials.gov/show/NCT01668576
883,1,https://ClinicalTrials.gov/show/NCT01668849
884,1,https://ClinicalTrials.gov/show/NCT01676441
885,1,https://ClinicalTrials.gov/show/NCT01678534
886,1,https://ClinicalTrials.gov/show/NCT01686139
887,1,https://ClinicalTrials.gov/show/NCT01687777
888,1,https://ClinicalTrials.gov/show/NCT01690247
889,1,https://ClinicalTrials.gov/show/NCT01694927
890,1,https://ClinicalTrials.gov/show/NCT03171194
891,1,https://ClinicalTrials.gov/show/NCT03173638
892,1,https://ClinicalTrials.gov/show/NCT05192694
893,1,https://ClinicalTrials.gov/show/NCT04522986
894,1,https://ClinicalTrials.gov/show/NCT04506073
895,1,https://ClinicalTrials.gov/show/NCT04514952
896,1,https://ClinicalTrials.gov/show/NCT04515394
897,1,https://ClinicalTrials.gov/show/NCT04519671
898,1,https://ClinicalTrials.gov/show/NCT04519684
899,1,https://ClinicalTrials.gov/show/NCT04519697
900,1,https://ClinicalTrials.gov/show/NCT04520022
901,1,https://ClinicalTrials.gov/show/NCT04520373
902,1,https://ClinicalTrials.gov/show/NCT04520945
903,1,https://ClinicalTrials.gov/show/NCT04522505
904,1,https://ClinicalTrials.gov/show/NCT04522869
905,1,https://ClinicalTrials.gov/show/NCT04523389
906,1,https://ClinicalTrials.gov/show/NCT04501341
907,1,https://ClinicalTrials.gov/show/NCT04524962
908,1,https://ClinicalTrials.gov/show/NCT04525378
909,1,https://ClinicalTrials.gov/show/NCT04527224
910,1,https://ClinicalTrials.gov/show/NCT04529915
911,1,https://ClinicalTrials.gov/show/NCT04534647
912,1,https://ClinicalTrials.gov/show/NCT04535856
913,1,https://ClinicalTrials.gov/show/NCT04536233
914,1,https://ClinicalTrials.gov/show/NCT04536922
915,1,https://ClinicalTrials.gov/show/NCT04537351
916,1,https://ClinicalTrials.gov/show/NCT04538885
917,1,https://ClinicalTrials.gov/show/NCT04542902
918,1,https://ClinicalTrials.gov/show/NCT04501354
919,1,https://ClinicalTrials.gov/show/NCT04500769
920,1,https://ClinicalTrials.gov/show/NCT04544215
921,1,https://ClinicalTrials.gov/show/NCT04482413
922,1,https://ClinicalTrials.gov/show/NCT04456959
923,1,https://ClinicalTrials.gov/show/NCT04457037
924,1,https://ClinicalTrials.gov/show/NCT04457609
925,1,https://ClinicalTrials.gov/show/NCT04459182
926,1,https://ClinicalTrials.gov/show/NCT04461925
927,1,https://ClinicalTrials.gov/show/NCT04464213
928,1,https://ClinicalTrials.gov/show/NCT04466007
929,1,https://ClinicalTrials.gov/show/NCT04466098
930,1,https://ClinicalTrials.gov/show/NCT04467047
931,1,https://ClinicalTrials.gov/show/NCT04476225
932,1,https://ClinicalTrials.gov/show/NCT04476901
933,1,https://ClinicalTrials.gov/show/NCT04484077
934,1,https://ClinicalTrials.gov/show/NCT04499794
935,1,https://ClinicalTrials.gov/show/NCT04484402
936,1,https://ClinicalTrials.gov/show/NCT04489732
937,1,https://ClinicalTrials.gov/show/NCT04490486
938,1,https://ClinicalTrials.gov/show/NCT04491240
939,1,https://ClinicalTrials.gov/show/NCT04492501
940,1,https://ClinicalTrials.gov/show/NCT04493242
941,1,https://ClinicalTrials.gov/show/NCT04493918
942,1,https://ClinicalTrials.gov/show/NCT04494386
943,1,https://ClinicalTrials.gov/show/NCT04495582
944,1,https://ClinicalTrials.gov/show/NCT04497805
945,1,https://ClinicalTrials.gov/show/NCT04499105
946,1,https://ClinicalTrials.gov/show/NCT04543994
947,1,https://ClinicalTrials.gov/show/NCT04545307
948,1,https://ClinicalTrials.gov/show/NCT04675970
949,1,https://ClinicalTrials.gov/show/NCT04652908
950,1,https://ClinicalTrials.gov/show/NCT04629079
951,1,https://ClinicalTrials.gov/show/NCT04629105
952,1,https://ClinicalTrials.gov/show/NCT04629833
953,1,https://ClinicalTrials.gov/show/NCT04630769
954,1,https://ClinicalTrials.gov/show/NCT04636788
955,1,https://ClinicalTrials.gov/show/NCT04638868
956,1,https://ClinicalTrials.gov/show/NCT04639245
957,1,https://ClinicalTrials.gov/show/NCT04642911
958,1,https://ClinicalTrials.gov/show/NCT04650568
959,1,https://ClinicalTrials.gov/show/NCT04651855
960,1,https://ClinicalTrials.gov/show/NCT04652531
961,1,https://ClinicalTrials.gov/show/NCT04653077
962,1,https://ClinicalTrials.gov/show/NCT04625738
963,1,https://ClinicalTrials.gov/show/NCT04653610
964,1,https://ClinicalTrials.gov/show/NCT04653740
965,1,https://ClinicalTrials.gov/show/NCT04654286
966,1,https://ClinicalTrials.gov/show/NCT04657315
967,1,https://ClinicalTrials.gov/show/NCT04657406
968,1,https://ClinicalTrials.gov/show/NCT04657458
969,1,https://ClinicalTrials.gov/show/NCT04661644
970,1,https://ClinicalTrials.gov/show/NCT04664738
971,1,https://ClinicalTrials.gov/show/NCT04664829
972,1,https://ClinicalTrials.gov/show/NCT04670302
973,1,https://ClinicalTrials.gov/show/NCT04674501
974,1,https://ClinicalTrials.gov/show/NCT04626583
975,1,https://ClinicalTrials.gov/show/NCT04623671
976,1,https://ClinicalTrials.gov/show/NCT04548583
977,1,https://ClinicalTrials.gov/show/NCT04590118
978,1,https://ClinicalTrials.gov/show/NCT04549285
979,1,https://ClinicalTrials.gov/show/NCT04551443
980,1,https://ClinicalTrials.gov/show/NCT04551456
981,1,https://ClinicalTrials.gov/show/NCT04557514
982,1,https://ClinicalTrials.gov/show/NCT04558736
983,1,https://ClinicalTrials.gov/show/NCT04562025
984,1,https://ClinicalTrials.gov/show/NCT04565665
985,1,https://ClinicalTrials.gov/show/NCT04569409
986,1,https://ClinicalTrials.gov/show/NCT04573270
987,1,https://ClinicalTrials.gov/show/NCT04577326
988,1,https://ClinicalTrials.gov/show/NCT04578223
989,1,https://ClinicalTrials.gov/show/NCT04592640
990,1,https://ClinicalTrials.gov/show/NCT04623606
991,1,https://ClinicalTrials.gov/show/NCT04594850
992,1,https://ClinicalTrials.gov/show/NCT04602104
993,1,https://ClinicalTrials.gov/show/NCT04602442
994,1,https://ClinicalTrials.gov/show/NCT04603326
995,1,https://ClinicalTrials.gov/show/NCT04604288
996,1,https://ClinicalTrials.gov/show/NCT04610359
997,1,https://ClinicalTrials.gov/show/NCT04611256
998,1,https://ClinicalTrials.gov/show/NCT04612465
999,1,https://ClinicalTrials.gov/show/NCT04614025
1000,1,https://ClinicalTrials.gov/show/NCT04615429
1001,1,https://ClinicalTrials.gov/show/NCT04615455
1002,1,https://ClinicalTrials.gov/show/NCT04456439
1003,1,https://ClinicalTrials.gov/show/NCT04456361
1004,1,https://ClinicalTrials.gov/show/NCT04453111
1005,1,https://ClinicalTrials.gov/show/NCT04348461
1006,1,https://ClinicalTrials.gov/show/NCT04339504
1007,1,https://ClinicalTrials.gov/show/NCT04339660
1008,1,https://ClinicalTrials.gov/show/NCT04339764
1009,1,https://ClinicalTrials.gov/show/NCT04340284
1010,1,https://ClinicalTrials.gov/show/NCT04340609
1011,1,https://ClinicalTrials.gov/show/NCT04341610
1012,1,https://ClinicalTrials.gov/show/NCT04342325
1013,1,https://ClinicalTrials.gov/show/NCT04345601
1014,1,https://ClinicalTrials.gov/show/NCT04346368
1015,1,https://ClinicalTrials.gov/show/NCT04347967
1016,1,https://ClinicalTrials.gov/show/NCT04348435
1017,1,https://ClinicalTrials.gov/show/NCT04348916
1018,1,https://ClinicalTrials.gov/show/NCT04336254
1019,1,https://ClinicalTrials.gov/show/NCT04349631
1020,1,https://ClinicalTrials.gov/show/NCT04351932
1021,1,https://ClinicalTrials.gov/show/NCT04352803
1022,1,https://ClinicalTrials.gov/show/NCT04355728
1023,1,https://ClinicalTrials.gov/show/NCT04356287
1024,1,https://ClinicalTrials.gov/show/NCT04356300
1025,1,https://ClinicalTrials.gov/show/NCT04357600
1026,1,https://ClinicalTrials.gov/show/NCT04357717
1027,1,https://ClinicalTrials.gov/show/NCT04361942
1028,1,https://ClinicalTrials.gov/show/NCT04362189
1029,1,https://ClinicalTrials.gov/show/NCT04363346
1030,1,https://ClinicalTrials.gov/show/NCT04338347
1031,1,https://ClinicalTrials.gov/show/NCT04333368
1032,1,https://ClinicalTrials.gov/show/NCT04453046
1033,1,https://ClinicalTrials.gov/show/NCT04314011
1034,1,https://ClinicalTrials.gov/show/NCT04293692
1035,1,https://ClinicalTrials.gov/show/NCT04294290
1036,1,https://ClinicalTrials.gov/show/NCT04297813
1037,1,https://ClinicalTrials.gov/show/NCT04298398
1038,1,https://ClinicalTrials.gov/show/NCT04302519
1039,1,https://ClinicalTrials.gov/show/NCT04305548
1040,1,https://ClinicalTrials.gov/show/NCT04308213
1041,1,https://ClinicalTrials.gov/show/NCT04310215
1042,1,https://ClinicalTrials.gov/show/NCT04312113
1043,1,https://ClinicalTrials.gov/show/NCT04313322
1044,1,https://ClinicalTrials.gov/show/NCT04313647
1045,1,https://ClinicalTrials.gov/show/NCT04314661
1046,1,https://ClinicalTrials.gov/show/NCT04328714
1047,1,https://ClinicalTrials.gov/show/NCT04314687
1048,1,https://ClinicalTrials.gov/show/NCT04315025
1049,1,https://ClinicalTrials.gov/show/NCT04315753
1050,1,https://ClinicalTrials.gov/show/NCT04315987
1051,1,https://ClinicalTrials.gov/show/NCT04318600
1052,1,https://ClinicalTrials.gov/show/NCT04323813
1053,1,https://ClinicalTrials.gov/show/NCT04323917
1054,1,https://ClinicalTrials.gov/show/NCT04325594
1055,1,https://ClinicalTrials.gov/show/NCT04326959
1056,1,https://ClinicalTrials.gov/show/NCT04326985
1057,1,https://ClinicalTrials.gov/show/NCT04327635
1058,1,https://ClinicalTrials.gov/show/NCT04364620
1059,1,https://ClinicalTrials.gov/show/NCT04366063
1060,1,https://ClinicalTrials.gov/show/NCT04366271
1061,1,https://ClinicalTrials.gov/show/NCT04433104
1062,1,https://ClinicalTrials.gov/show/NCT04416139
1063,1,https://ClinicalTrials.gov/show/NCT04421274
1064,1,https://ClinicalTrials.gov/show/NCT04421872
1065,1,https://ClinicalTrials.gov/show/NCT04426643
1066,1,https://ClinicalTrials.gov/show/NCT04426669
1067,1,https://ClinicalTrials.gov/show/NCT04427475
1068,1,https://ClinicalTrials.gov/show/NCT04427930
1069,1,https://ClinicalTrials.gov/show/NCT04428801
1070,1,https://ClinicalTrials.gov/show/NCT04429763
1071,1,https://ClinicalTrials.gov/show/NCT04432467
1072,1,https://ClinicalTrials.gov/show/NCT04432545
1073,1,https://ClinicalTrials.gov/show/NCT04434768
1074,1,https://ClinicalTrials.gov/show/NCT04366323
1075,1,https://ClinicalTrials.gov/show/NCT04434794
1076,1,https://ClinicalTrials.gov/show/NCT04435249
1077,1,https://ClinicalTrials.gov/show/NCT04441658
1078,1,https://ClinicalTrials.gov/show/NCT04444271
1079,1,https://ClinicalTrials.gov/show/NCT04445220
1080,1,https://ClinicalTrials.gov/show/NCT04445454
1081,1,https://ClinicalTrials.gov/show/NCT04446884
1082,1,https://ClinicalTrials.gov/show/NCT04446897
1083,1,https://ClinicalTrials.gov/show/NCT04447833
1084,1,https://ClinicalTrials.gov/show/NCT04448106
1085,1,https://ClinicalTrials.gov/show/NCT04452097
1086,1,https://ClinicalTrials.gov/show/NCT04414592
1087,1,https://ClinicalTrials.gov/show/NCT04410731
1088,1,https://ClinicalTrials.gov/show/NCT04407039
1089,1,https://ClinicalTrials.gov/show/NCT04400032
1090,1,https://ClinicalTrials.gov/show/NCT04366830
1091,1,https://ClinicalTrials.gov/show/NCT04368806
1092,1,https://ClinicalTrials.gov/show/NCT04371393
1093,1,https://ClinicalTrials.gov/show/NCT04371601
1094,1,https://ClinicalTrials.gov/show/NCT04373941
1095,1,https://ClinicalTrials.gov/show/NCT04377334
1096,1,https://ClinicalTrials.gov/show/NCT04382547
1097,1,https://ClinicalTrials.gov/show/NCT04382872
1098,1,https://ClinicalTrials.gov/show/NCT04384445
1099,1,https://ClinicalTrials.gov/show/NCT04385056
1100,1,https://ClinicalTrials.gov/show/NCT04388761
1101,1,https://ClinicalTrials.gov/show/NCT04388982
1102,1,https://ClinicalTrials.gov/show/NCT04389385
1103,1,https://ClinicalTrials.gov/show/NCT04389450
1104,1,https://ClinicalTrials.gov/show/NCT04390139
1105,1,https://ClinicalTrials.gov/show/NCT04390152
1106,1,https://ClinicalTrials.gov/show/NCT04392206
1107,1,https://ClinicalTrials.gov/show/NCT04392778
1108,1,https://ClinicalTrials.gov/show/NCT04394572
1109,1,https://ClinicalTrials.gov/show/NCT04396899
1110,1,https://ClinicalTrials.gov/show/NCT04397471
1111,1,https://ClinicalTrials.gov/show/NCT04397796
1112,1,https://ClinicalTrials.gov/show/NCT04399889
1113,1,https://ClinicalTrials.gov/show/NCT04675359
1114,1,https://ClinicalTrials.gov/show/NCT04681118
1115,1,https://ClinicalTrials.gov/show/NCT04289194
1116,1,https://ClinicalTrials.gov/show/NCT05058768
1117,1,https://ClinicalTrials.gov/show/NCT05027581
1118,1,https://ClinicalTrials.gov/show/NCT05035134
1119,1,https://ClinicalTrials.gov/show/NCT05035862
1120,1,https://ClinicalTrials.gov/show/NCT05039411
1121,1,https://ClinicalTrials.gov/show/NCT05040217
1122,1,https://ClinicalTrials.gov/show/NCT05042206
1123,1,https://ClinicalTrials.gov/show/NCT05043181
1124,1,https://ClinicalTrials.gov/show/NCT05043610
1125,1,https://ClinicalTrials.gov/show/NCT05047276
1126,1,https://ClinicalTrials.gov/show/NCT05052957
1127,1,https://ClinicalTrials.gov/show/NCT05054803
1128,1,https://ClinicalTrials.gov/show/NCT05060107
1129,1,https://ClinicalTrials.gov/show/NCT05018871
1130,1,https://ClinicalTrials.gov/show/NCT05061030
1131,1,https://ClinicalTrials.gov/show/NCT05061212
1132,1,https://ClinicalTrials.gov/show/NCT05061537
1133,1,https://ClinicalTrials.gov/show/NCT05066334
1134,1,https://ClinicalTrials.gov/show/NCT05075811
1135,1,https://ClinicalTrials.gov/show/NCT05078385
1136,1,https://ClinicalTrials.gov/show/NCT05080465
1137,1,https://ClinicalTrials.gov/show/NCT05081921
1138,1,https://ClinicalTrials.gov/show/NCT05084430
1139,1,https://ClinicalTrials.gov/show/NCT05086939
1140,1,https://ClinicalTrials.gov/show/NCT05093725
1141,1,https://ClinicalTrials.gov/show/NCT05019287
1142,1,https://ClinicalTrials.gov/show/NCT05018858
1143,1,https://ClinicalTrials.gov/show/NCT05095441
1144,1,https://ClinicalTrials.gov/show/NCT05003960
1145,1,https://ClinicalTrials.gov/show/NCT04992832
1146,1,https://ClinicalTrials.gov/show/NCT04993378
1147,1,https://ClinicalTrials.gov/show/NCT04995081
1148,1,https://ClinicalTrials.gov/show/NCT04996966
1149,1,https://ClinicalTrials.gov/show/NCT04998058
1150,1,https://ClinicalTrials.gov/show/NCT05002517
1151,1,https://ClinicalTrials.gov/show/NCT05003388
1152,1,https://ClinicalTrials.gov/show/NCT05003908
1153,1,https://ClinicalTrials.gov/show/NCT05003921
1154,1,https://ClinicalTrials.gov/show/NCT05003934
1155,1,https://ClinicalTrials.gov/show/NCT05003947
1156,1,https://ClinicalTrials.gov/show/NCT05004090
1157,1,https://ClinicalTrials.gov/show/NCT05018845
1158,1,https://ClinicalTrials.gov/show/NCT05008588
1159,1,https://ClinicalTrials.gov/show/NCT05011474
1160,1,https://ClinicalTrials.gov/show/NCT05016011
1161,1,https://ClinicalTrials.gov/show/NCT05016804
1162,1,https://ClinicalTrials.gov/show/NCT05016817
1163,1,https://ClinicalTrials.gov/show/NCT05017298
1164,1,https://ClinicalTrials.gov/show/NCT05018637
1165,1,https://ClinicalTrials.gov/show/NCT05018767
1166,1,https://ClinicalTrials.gov/show/NCT05018793
1167,1,https://ClinicalTrials.gov/show/NCT05018819
1168,1,https://ClinicalTrials.gov/show/NCT05018832
1169,1,https://ClinicalTrials.gov/show/NCT05094011
1170,1,https://ClinicalTrials.gov/show/NCT05095532
1171,1,https://ClinicalTrials.gov/show/NCT04684602
1172,1,https://ClinicalTrials.gov/show/NCT05163626
1173,1,https://ClinicalTrials.gov/show/NCT05152394
1174,1,https://ClinicalTrials.gov/show/NCT05154851
1175,1,https://ClinicalTrials.gov/show/NCT05155657
1176,1,https://ClinicalTrials.gov/show/NCT05157958
1177,1,https://ClinicalTrials.gov/show/NCT05158101
1178,1,https://ClinicalTrials.gov/show/NCT05158114
1179,1,https://ClinicalTrials.gov/show/NCT05158127
1180,1,https://ClinicalTrials.gov/show/NCT05158439
1181,1,https://ClinicalTrials.gov/show/NCT05158933
1182,1,https://ClinicalTrials.gov/show/NCT05160831
1183,1,https://ClinicalTrials.gov/show/NCT05162326
1184,1,https://ClinicalTrials.gov/show/NCT05165017
1185,1,https://ClinicalTrials.gov/show/NCT05152368
1186,1,https://ClinicalTrials.gov/show/NCT05165628
1187,1,https://ClinicalTrials.gov/show/NCT05167188
1188,1,https://ClinicalTrials.gov/show/NCT05167552
1189,1,https://ClinicalTrials.gov/show/NCT05167721
1190,1,https://ClinicalTrials.gov/show/NCT05176366
1191,1,https://ClinicalTrials.gov/show/NCT05176665
1192,1,https://ClinicalTrials.gov/show/NCT05181540
1193,1,https://ClinicalTrials.gov/show/NCT05182034
1194,1,https://ClinicalTrials.gov/show/NCT05187936
1195,1,https://ClinicalTrials.gov/show/NCT05191381
1196,1,https://ClinicalTrials.gov/show/NCT05191849
1197,1,https://ClinicalTrials.gov/show/NCT05152381
1198,1,https://ClinicalTrials.gov/show/NCT05152290
1199,1,https://ClinicalTrials.gov/show/NCT05101213
1200,1,https://ClinicalTrials.gov/show/NCT05126563
1201,1,https://ClinicalTrials.gov/show/NCT05101655
1202,1,https://ClinicalTrials.gov/show/NCT05106972
1203,1,https://ClinicalTrials.gov/show/NCT05110196
1204,1,https://ClinicalTrials.gov/show/NCT05113342
1205,1,https://ClinicalTrials.gov/show/NCT05116540
1206,1,https://ClinicalTrials.gov/show/NCT05116761
1207,1,https://ClinicalTrials.gov/show/NCT05120700
1208,1,https://ClinicalTrials.gov/show/NCT05120726
1209,1,https://ClinicalTrials.gov/show/NCT05121870
1210,1,https://ClinicalTrials.gov/show/NCT05122234
1211,1,https://ClinicalTrials.gov/show/NCT05125562
1212,1,https://ClinicalTrials.gov/show/NCT05126758
1213,1,https://ClinicalTrials.gov/show/NCT05152160
1214,1,https://ClinicalTrials.gov/show/NCT05127122
1215,1,https://ClinicalTrials.gov/show/NCT05127369
1216,1,https://ClinicalTrials.gov/show/NCT05130983
1217,1,https://ClinicalTrials.gov/show/NCT05131412
1218,1,https://ClinicalTrials.gov/show/NCT05132972
1219,1,https://ClinicalTrials.gov/show/NCT05147675
1220,1,https://ClinicalTrials.gov/show/NCT05147688
1221,1,https://ClinicalTrials.gov/show/NCT05147701
1222,1,https://ClinicalTrials.gov/show/NCT05147766
1223,1,https://ClinicalTrials.gov/show/NCT05147779
1224,1,https://ClinicalTrials.gov/show/NCT05151133
1225,1,https://ClinicalTrials.gov/show/NCT04992247
1226,1,https://ClinicalTrials.gov/show/NCT04982224
1227,1,https://ClinicalTrials.gov/show/NCT04982081
1228,1,https://ClinicalTrials.gov/show/NCT04785027
1229,1,https://ClinicalTrials.gov/show/NCT04749758
1230,1,https://ClinicalTrials.gov/show/NCT04750499
1231,1,https://ClinicalTrials.gov/show/NCT04753476
1232,1,https://ClinicalTrials.gov/show/NCT04758533
1233,1,https://ClinicalTrials.gov/show/NCT04759105
1234,1,https://ClinicalTrials.gov/show/NCT04761562
1235,1,https://ClinicalTrials.gov/show/NCT04763369
1236,1,https://ClinicalTrials.gov/show/NCT04772378
1237,1,https://ClinicalTrials.gov/show/NCT04776239
1238,1,https://ClinicalTrials.gov/show/NCT04776538
1239,1,https://ClinicalTrials.gov/show/NCT04780685
1240,1,https://ClinicalTrials.gov/show/NCT04791878
1241,1,https://ClinicalTrials.gov/show/NCT04747574
1242,1,https://ClinicalTrials.gov/show/NCT04792489
1243,1,https://ClinicalTrials.gov/show/NCT04798066
1244,1,https://ClinicalTrials.gov/show/NCT04798716
1245,1,https://ClinicalTrials.gov/show/NCT04809389
1246,1,https://ClinicalTrials.gov/show/NCT04811651
1247,1,https://ClinicalTrials.gov/show/NCT04815213
1248,1,https://ClinicalTrials.gov/show/NCT04817501
1249,1,https://ClinicalTrials.gov/show/NCT04821102
1250,1,https://ClinicalTrials.gov/show/NCT04821479
1251,1,https://ClinicalTrials.gov/show/NCT04822922
1252,1,https://ClinicalTrials.gov/show/NCT04823000
1253,1,https://ClinicalTrials.gov/show/NCT04749667
1254,1,https://ClinicalTrials.gov/show/NCT04745559
1255,1,https://ClinicalTrials.gov/show/NCT04980261
1256,1,https://ClinicalTrials.gov/show/NCT04713878
1257,1,https://ClinicalTrials.gov/show/NCT04685577
1258,1,https://ClinicalTrials.gov/show/NCT04689152
1259,1,https://ClinicalTrials.gov/show/NCT04692376
1260,1,https://ClinicalTrials.gov/show/NCT04695522
1261,1,https://ClinicalTrials.gov/show/NCT04696328
1262,1,https://ClinicalTrials.gov/show/NCT04698447
1263,1,https://ClinicalTrials.gov/show/NCT04700631
1264,1,https://ClinicalTrials.gov/show/NCT04706312
1265,1,https://ClinicalTrials.gov/show/NCT04711200
1266,1,https://ClinicalTrials.gov/show/NCT04711811
1267,1,https://ClinicalTrials.gov/show/NCT04713436
1268,1,https://ClinicalTrials.gov/show/NCT04714801
1269,1,https://ClinicalTrials.gov/show/NCT04745299
1270,1,https://ClinicalTrials.gov/show/NCT04720599
1271,1,https://ClinicalTrials.gov/show/NCT04723303
1272,1,https://ClinicalTrials.gov/show/NCT04727593
1273,1,https://ClinicalTrials.gov/show/NCT04728698
1274,1,https://ClinicalTrials.gov/show/NCT04735185
1275,1,https://ClinicalTrials.gov/show/NCT04738981
1276,1,https://ClinicalTrials.gov/show/NCT04739930
1277,1,https://ClinicalTrials.gov/show/NCT04742608
1278,1,https://ClinicalTrials.gov/show/NCT04744051
1279,1,https://ClinicalTrials.gov/show/NCT04744116
1280,1,https://ClinicalTrials.gov/show/NCT04744532
1281,1,https://ClinicalTrials.gov/show/NCT04825613
1282,1,https://ClinicalTrials.gov/show/NCT04825626
1283,1,https://ClinicalTrials.gov/show/NCT04825730
1284,1,https://ClinicalTrials.gov/show/NCT04953663
1285,1,https://ClinicalTrials.gov/show/NCT04918706
1286,1,https://ClinicalTrials.gov/show/NCT04919135
1287,1,https://ClinicalTrials.gov/show/NCT04921774
1288,1,https://ClinicalTrials.gov/show/NCT04928287
1289,1,https://ClinicalTrials.gov/show/NCT04939077
1290,1,https://ClinicalTrials.gov/show/NCT04939324
1291,1,https://ClinicalTrials.gov/show/NCT04939337
1292,1,https://ClinicalTrials.gov/show/NCT04945018
1293,1,https://ClinicalTrials.gov/show/NCT04948437
1294,1,https://ClinicalTrials.gov/show/NCT04951882
1295,1,https://ClinicalTrials.gov/show/NCT04953572
1296,1,https://ClinicalTrials.gov/show/NCT04954534
1297,1,https://ClinicalTrials.gov/show/NCT04834609
1298,1,https://ClinicalTrials.gov/show/NCT04956744
1299,1,https://ClinicalTrials.gov/show/NCT04960956
1300,1,https://ClinicalTrials.gov/show/NCT04961658
1301,1,https://ClinicalTrials.gov/show/NCT04965961
1302,1,https://ClinicalTrials.gov/show/NCT04969172
1303,1,https://ClinicalTrials.gov/show/NCT04971161
1304,1,https://ClinicalTrials.gov/show/NCT04971447
1305,1,https://ClinicalTrials.gov/show/NCT04971980
1306,1,https://ClinicalTrials.gov/show/NCT04972890
1307,1,https://ClinicalTrials.gov/show/NCT04976140
1308,1,https://ClinicalTrials.gov/show/NCT04979767
1309,1,https://ClinicalTrials.gov/show/NCT04914403
1310,1,https://ClinicalTrials.gov/show/NCT04913545
1311,1,https://ClinicalTrials.gov/show/NCT04909892
1312,1,https://ClinicalTrials.gov/show/NCT04909879
1313,1,https://ClinicalTrials.gov/show/NCT04835883
1314,1,https://ClinicalTrials.gov/show/NCT04847739
1315,1,https://ClinicalTrials.gov/show/NCT04849429
1316,1,https://ClinicalTrials.gov/show/NCT04850469
1317,1,https://ClinicalTrials.gov/show/NCT04852653
1318,1,https://ClinicalTrials.gov/show/NCT04855955
1319,1,https://ClinicalTrials.gov/show/NCT04863183
1320,1,https://ClinicalTrials.gov/show/NCT04869397
1321,1,https://ClinicalTrials.gov/show/NCT04869761
1322,1,https://ClinicalTrials.gov/show/NCT04876326
1323,1,https://ClinicalTrials.gov/show/NCT04877067
1324,1,https://ClinicalTrials.gov/show/NCT04879810
1325,1,https://ClinicalTrials.gov/show/NCT04887025
1326,1,https://ClinicalTrials.gov/show/NCT04888949
1327,1,https://ClinicalTrials.gov/show/NCT04889963
1328,1,https://ClinicalTrials.gov/show/NCT04893174
1329,1,https://ClinicalTrials.gov/show/NCT04894695
1330,1,https://ClinicalTrials.gov/show/NCT04896853
1331,1,https://ClinicalTrials.gov/show/NCT04898088
1332,1,https://ClinicalTrials.gov/show/NCT04902183
1333,1,https://ClinicalTrials.gov/show/NCT04903080
1334,1,https://ClinicalTrials.gov/show/NCT04903327
1335,1,https://ClinicalTrials.gov/show/NCT04905836
1336,1,https://ClinicalTrials.gov/show/NCT04290182
1337,1,https://ClinicalTrials.gov/show/NCT04288934
1338,1,https://ClinicalTrials.gov/show/NCT03174587
1339,1,https://ClinicalTrials.gov/show/NCT03542253
1340,1,https://ClinicalTrials.gov/show/NCT03506061
1341,1,https://ClinicalTrials.gov/show/NCT03506802
1342,1,https://ClinicalTrials.gov/show/NCT03509025
1343,1,https://ClinicalTrials.gov/show/NCT03509870
1344,1,https://ClinicalTrials.gov/show/NCT03516006
1345,1,https://ClinicalTrials.gov/show/NCT03521323
1346,1,https://ClinicalTrials.gov/show/NCT03521336
1347,1,https://ClinicalTrials.gov/show/NCT03522545
1348,1,https://ClinicalTrials.gov/show/NCT03525418
1349,1,https://ClinicalTrials.gov/show/NCT03529136
1350,1,https://ClinicalTrials.gov/show/NCT03529877
1351,1,https://ClinicalTrials.gov/show/NCT03546751
1352,1,https://ClinicalTrials.gov/show/NCT03504241
1353,1,https://ClinicalTrials.gov/show/NCT03550183
1354,1,https://ClinicalTrials.gov/show/NCT03552848
1355,1,https://ClinicalTrials.gov/show/NCT03555357
1356,1,https://ClinicalTrials.gov/show/NCT03555773
1357,1,https://ClinicalTrials.gov/show/NCT03558334
1358,1,https://ClinicalTrials.gov/show/NCT03562065
1359,1,https://ClinicalTrials.gov/show/NCT03562715
1360,1,https://ClinicalTrials.gov/show/NCT03563495
1361,1,https://ClinicalTrials.gov/show/NCT03564808
1362,1,https://ClinicalTrials.gov/show/NCT03569566
1363,1,https://ClinicalTrials.gov/show/NCT03570333
1364,1,https://ClinicalTrials.gov/show/NCT03505034
1365,1,https://ClinicalTrials.gov/show/NCT03503461
1366,1,https://ClinicalTrials.gov/show/NCT03581435
1367,1,https://ClinicalTrials.gov/show/NCT03460223
1368,1,https://ClinicalTrials.gov/show/NCT03423732
1369,1,https://ClinicalTrials.gov/show/NCT03424629
1370,1,https://ClinicalTrials.gov/show/NCT03434808
1371,1,https://ClinicalTrials.gov/show/NCT03437759
1372,1,https://ClinicalTrials.gov/show/NCT03449069
1373,1,https://ClinicalTrials.gov/show/NCT03449082
1374,1,https://ClinicalTrials.gov/show/NCT03454737
1375,1,https://ClinicalTrials.gov/show/NCT03455335
1376,1,https://ClinicalTrials.gov/show/NCT03456908
1377,1,https://ClinicalTrials.gov/show/NCT03458156
1378,1,https://ClinicalTrials.gov/show/NCT03458819
1379,1,https://ClinicalTrials.gov/show/NCT03460795
1380,1,https://ClinicalTrials.gov/show/NCT03493984
1381,1,https://ClinicalTrials.gov/show/NCT03461458
1382,1,https://ClinicalTrials.gov/show/NCT03462953
1383,1,https://ClinicalTrials.gov/show/NCT03472742
1384,1,https://ClinicalTrials.gov/show/NCT03473301
1385,1,https://ClinicalTrials.gov/show/NCT03477942
1386,1,https://ClinicalTrials.gov/show/NCT03478215
1387,1,https://ClinicalTrials.gov/show/NCT03478410
1388,1,https://ClinicalTrials.gov/show/NCT03484741
1389,1,https://ClinicalTrials.gov/show/NCT03487731
1390,1,https://ClinicalTrials.gov/show/NCT03487861
1391,1,https://ClinicalTrials.gov/show/NCT03488134
1392,1,https://ClinicalTrials.gov/show/NCT03580291
1393,1,https://ClinicalTrials.gov/show/NCT03585855
1394,1,https://ClinicalTrials.gov/show/NCT03743155
1395,1,https://ClinicalTrials.gov/show/NCT03692221
1396,1,https://ClinicalTrials.gov/show/NCT03672825
1397,1,https://ClinicalTrials.gov/show/NCT03673748
1398,1,https://ClinicalTrials.gov/show/NCT03674255
1399,1,https://ClinicalTrials.gov/show/NCT03676400
1400,1,https://ClinicalTrials.gov/show/NCT03678467
1401,1,https://ClinicalTrials.gov/show/NCT03679455
1402,1,https://ClinicalTrials.gov/show/NCT03682458
1403,1,https://ClinicalTrials.gov/show/NCT03683953
1404,1,https://ClinicalTrials.gov/show/NCT03684122
1405,1,https://ClinicalTrials.gov/show/NCT03691376
1406,1,https://ClinicalTrials.gov/show/NCT03691909
1407,1,https://ClinicalTrials.gov/show/NCT03694483
1408,1,https://ClinicalTrials.gov/show/NCT03668145
1409,1,https://ClinicalTrials.gov/show/NCT03695939
1410,1,https://ClinicalTrials.gov/show/NCT03696485
1411,1,https://ClinicalTrials.gov/show/NCT03696628
1412,1,https://ClinicalTrials.gov/show/NCT03697824
1413,1,https://ClinicalTrials.gov/show/NCT03700515
1414,1,https://ClinicalTrials.gov/show/NCT03706482
1415,1,https://ClinicalTrials.gov/show/NCT03711890
1416,1,https://ClinicalTrials.gov/show/NCT03724617
1417,1,https://ClinicalTrials.gov/show/NCT03726255
1418,1,https://ClinicalTrials.gov/show/NCT03732872
1419,1,https://ClinicalTrials.gov/show/NCT03736564
1420,1,https://ClinicalTrials.gov/show/NCT03668171
1421,1,https://ClinicalTrials.gov/show/NCT03651791
1422,1,https://ClinicalTrials.gov/show/NCT03589287
1423,1,https://ClinicalTrials.gov/show/NCT03629015
1424,1,https://ClinicalTrials.gov/show/NCT03592849
1425,1,https://ClinicalTrials.gov/show/NCT03601416
1426,1,https://ClinicalTrials.gov/show/NCT03602872
1427,1,https://ClinicalTrials.gov/show/NCT03608293
1428,1,https://ClinicalTrials.gov/show/NCT03608579
1429,1,https://ClinicalTrials.gov/show/NCT03608592
1430,1,https://ClinicalTrials.gov/show/NCT03608631
1431,1,https://ClinicalTrials.gov/show/NCT03609905
1432,1,https://ClinicalTrials.gov/show/NCT03612310
1433,1,https://ClinicalTrials.gov/show/NCT03618784
1434,1,https://ClinicalTrials.gov/show/NCT03626090
1435,1,https://ClinicalTrials.gov/show/NCT03631420
1436,1,https://ClinicalTrials.gov/show/NCT03648463
1437,1,https://ClinicalTrials.gov/show/NCT03631589
1438,1,https://ClinicalTrials.gov/show/NCT03633565
1439,1,https://ClinicalTrials.gov/show/NCT03634098
1440,1,https://ClinicalTrials.gov/show/NCT03634332
1441,1,https://ClinicalTrials.gov/show/NCT03635294
1442,1,https://ClinicalTrials.gov/show/NCT03635450
1443,1,https://ClinicalTrials.gov/show/NCT03638154
1444,1,https://ClinicalTrials.gov/show/NCT03639506
1445,1,https://ClinicalTrials.gov/show/NCT03643614
1446,1,https://ClinicalTrials.gov/show/NCT03645460
1447,1,https://ClinicalTrials.gov/show/NCT03645525
1448,1,https://ClinicalTrials.gov/show/NCT03419000
1449,1,https://ClinicalTrials.gov/show/NCT03418233
1450,1,https://ClinicalTrials.gov/show/NCT03414697
1451,1,https://ClinicalTrials.gov/show/NCT03253705
1452,1,https://ClinicalTrials.gov/show/NCT03222453
1453,1,https://ClinicalTrials.gov/show/NCT03226015
1454,1,https://ClinicalTrials.gov/show/NCT03228277
1455,1,https://ClinicalTrials.gov/show/NCT03233074
1456,1,https://ClinicalTrials.gov/show/NCT03237442
1457,1,https://ClinicalTrials.gov/show/NCT03239535
1458,1,https://ClinicalTrials.gov/show/NCT03240861
1459,1,https://ClinicalTrials.gov/show/NCT03248466
1460,1,https://ClinicalTrials.gov/show/NCT03252340
1461,1,https://ClinicalTrials.gov/show/NCT03252535
1462,1,https://ClinicalTrials.gov/show/NCT03252613
1463,1,https://ClinicalTrials.gov/show/NCT03254758
1464,1,https://ClinicalTrials.gov/show/NCT03219801
1465,1,https://ClinicalTrials.gov/show/NCT03257098
1466,1,https://ClinicalTrials.gov/show/NCT03258164
1467,1,https://ClinicalTrials.gov/show/NCT03258515
1468,1,https://ClinicalTrials.gov/show/NCT03259217
1469,1,https://ClinicalTrials.gov/show/NCT03262311
1470,1,https://ClinicalTrials.gov/show/NCT03264573
1471,1,https://ClinicalTrials.gov/show/NCT03264976
1472,1,https://ClinicalTrials.gov/show/NCT03265444
1473,1,https://ClinicalTrials.gov/show/NCT03265613
1474,1,https://ClinicalTrials.gov/show/NCT03265808
1475,1,https://ClinicalTrials.gov/show/NCT03267160
1476,1,https://ClinicalTrials.gov/show/NCT03220243
1477,1,https://ClinicalTrials.gov/show/NCT03217461
1478,1,https://ClinicalTrials.gov/show/NCT03412877
1479,1,https://ClinicalTrials.gov/show/NCT03184935
1480,1,https://ClinicalTrials.gov/show/NCT03176498
1481,1,https://ClinicalTrials.gov/show/NCT03180450
1482,1,https://ClinicalTrials.gov/show/NCT03180463
1483,1,https://ClinicalTrials.gov/show/NCT03181087
1484,1,https://ClinicalTrials.gov/show/NCT03181204
1485,1,https://ClinicalTrials.gov/show/NCT03183622
1486,1,https://ClinicalTrials.gov/show/NCT03183648
1487,1,https://ClinicalTrials.gov/show/NCT03183661
1488,1,https://ClinicalTrials.gov/show/NCT03183726
1489,1,https://ClinicalTrials.gov/show/NCT03183804
1490,1,https://ClinicalTrials.gov/show/NCT03183934
1491,1,https://ClinicalTrials.gov/show/NCT03185494
1492,1,https://ClinicalTrials.gov/show/NCT03217032
1493,1,https://ClinicalTrials.gov/show/NCT03185702
1494,1,https://ClinicalTrials.gov/show/NCT03186417
1495,1,https://ClinicalTrials.gov/show/NCT03186456
1496,1,https://ClinicalTrials.gov/show/NCT03187431
1497,1,https://ClinicalTrials.gov/show/NCT03193775
1498,1,https://ClinicalTrials.gov/show/NCT03197623
1499,1,https://ClinicalTrials.gov/show/NCT03199300
1500,1,https://ClinicalTrials.gov/show/NCT03203512
1501,1,https://ClinicalTrials.gov/show/NCT03209700
1502,1,https://ClinicalTrials.gov/show/NCT03209986
1503,1,https://ClinicalTrials.gov/show/NCT03211793
1504,1,https://ClinicalTrials.gov/show/NCT03267784
1505,1,https://ClinicalTrials.gov/show/NCT03268603
1506,1,https://ClinicalTrials.gov/show/NCT03275363
1507,1,https://ClinicalTrials.gov/show/NCT03386708
1508,1,https://ClinicalTrials.gov/show/NCT03362424
1509,1,https://ClinicalTrials.gov/show/NCT03369275
1510,1,https://ClinicalTrials.gov/show/NCT03370874
1511,1,https://ClinicalTrials.gov/show/NCT03371329
1512,1,https://ClinicalTrials.gov/show/NCT03378063
1513,1,https://ClinicalTrials.gov/show/NCT03378414
1514,1,https://ClinicalTrials.gov/show/NCT03379168
1515,1,https://ClinicalTrials.gov/show/NCT03381326
1516,1,https://ClinicalTrials.gov/show/NCT03381482
1517,1,https://ClinicalTrials.gov/show/NCT03383081
1518,1,https://ClinicalTrials.gov/show/NCT03384433
1519,1,https://ClinicalTrials.gov/show/NCT03389919
1520,1,https://ClinicalTrials.gov/show/NCT03276312
1521,1,https://ClinicalTrials.gov/show/NCT03391791
1522,1,https://ClinicalTrials.gov/show/NCT03392311
1523,1,https://ClinicalTrials.gov/show/NCT03392467
1524,1,https://ClinicalTrials.gov/show/NCT03395028
1525,1,https://ClinicalTrials.gov/show/NCT03397095
1526,1,https://ClinicalTrials.gov/show/NCT03403699
1527,1,https://ClinicalTrials.gov/show/NCT03404063
1528,1,https://ClinicalTrials.gov/show/NCT03406585
1529,1,https://ClinicalTrials.gov/show/NCT03406780
1530,1,https://ClinicalTrials.gov/show/NCT03407040
1531,1,https://ClinicalTrials.gov/show/NCT03410355
1532,1,https://ClinicalTrials.gov/show/NCT03361631
1533,1,https://ClinicalTrials.gov/show/NCT03358654
1534,1,https://ClinicalTrials.gov/show/NCT03357770
1535,1,https://ClinicalTrials.gov/show/NCT03357575
1536,1,https://ClinicalTrials.gov/show/NCT03279796
1537,1,https://ClinicalTrials.gov/show/NCT03280056
1538,1,https://ClinicalTrials.gov/show/NCT03282188
1539,1,https://ClinicalTrials.gov/show/NCT03288571
1540,1,https://ClinicalTrials.gov/show/NCT03291366
1541,1,https://ClinicalTrials.gov/show/NCT03296501
1542,1,https://ClinicalTrials.gov/show/NCT03298399
1543,1,https://ClinicalTrials.gov/show/NCT03298763
1544,1,https://ClinicalTrials.gov/show/NCT03299413
1545,1,https://ClinicalTrials.gov/show/NCT03308565
1546,1,https://ClinicalTrials.gov/show/NCT03321942
1547,1,https://ClinicalTrials.gov/show/NCT03325322
1548,1,https://ClinicalTrials.gov/show/NCT03325504
1549,1,https://ClinicalTrials.gov/show/NCT03326505
1550,1,https://ClinicalTrials.gov/show/NCT03333681
1551,1,https://ClinicalTrials.gov/show/NCT03336996
1552,1,https://ClinicalTrials.gov/show/NCT03337243
1553,1,https://ClinicalTrials.gov/show/NCT03339973
1554,1,https://ClinicalTrials.gov/show/NCT03343782
1555,1,https://ClinicalTrials.gov/show/NCT03346967
1556,1,https://ClinicalTrials.gov/show/NCT03351868
1557,1,https://ClinicalTrials.gov/show/NCT03355365
1558,1,https://ClinicalTrials.gov/show/NCT03356821
1559,1,https://ClinicalTrials.gov/show/NCT03738319
1560,1,https://ClinicalTrials.gov/show/NCT03744910
1561,1,https://ClinicalTrials.gov/show/NCT04288141
1562,1,https://ClinicalTrials.gov/show/NCT04131712
1563,1,https://ClinicalTrials.gov/show/NCT04097275
1564,1,https://ClinicalTrials.gov/show/NCT04097652
1565,1,https://ClinicalTrials.gov/show/NCT04104412
1566,1,https://ClinicalTrials.gov/show/NCT04104451
1567,1,https://ClinicalTrials.gov/show/NCT04106167
1568,1,https://ClinicalTrials.gov/show/NCT04116710
1569,1,https://ClinicalTrials.gov/show/NCT04122742
1570,1,https://ClinicalTrials.gov/show/NCT04125329
1571,1,https://ClinicalTrials.gov/show/NCT04126603
1572,1,https://ClinicalTrials.gov/show/NCT04127591
1573,1,https://ClinicalTrials.gov/show/NCT04130100
1574,1,https://ClinicalTrials.gov/show/NCT04132076
1575,1,https://ClinicalTrials.gov/show/NCT04093336
1576,1,https://ClinicalTrials.gov/show/NCT04135092
1577,1,https://ClinicalTrials.gov/show/NCT04136743
1578,1,https://ClinicalTrials.gov/show/NCT04137406
1579,1,https://ClinicalTrials.gov/show/NCT04137523
1580,1,https://ClinicalTrials.gov/show/NCT04137562
1581,1,https://ClinicalTrials.gov/show/NCT04138017
1582,1,https://ClinicalTrials.gov/show/NCT04142138
1583,1,https://ClinicalTrials.gov/show/NCT04146155
1584,1,https://ClinicalTrials.gov/show/NCT04146519
1585,1,https://ClinicalTrials.gov/show/NCT04153630
1586,1,https://ClinicalTrials.gov/show/NCT04154332
1587,1,https://ClinicalTrials.gov/show/NCT04093622
1588,1,https://ClinicalTrials.gov/show/NCT04089579
1589,1,https://ClinicalTrials.gov/show/NCT04167722
1590,1,https://ClinicalTrials.gov/show/NCT04061746
1591,1,https://ClinicalTrials.gov/show/NCT04029896
1592,1,https://ClinicalTrials.gov/show/NCT04034316
1593,1,https://ClinicalTrials.gov/show/NCT04034615
1594,1,https://ClinicalTrials.gov/show/NCT04037345
1595,1,https://ClinicalTrials.gov/show/NCT04040348
1596,1,https://ClinicalTrials.gov/show/NCT04042844
1597,1,https://ClinicalTrials.gov/show/NCT04043819
1598,1,https://ClinicalTrials.gov/show/NCT04047810
1599,1,https://ClinicalTrials.gov/show/NCT04053855
1600,1,https://ClinicalTrials.gov/show/NCT04055415
1601,1,https://ClinicalTrials.gov/show/NCT04056819
1602,1,https://ClinicalTrials.gov/show/NCT04062136
1603,1,https://ClinicalTrials.gov/show/NCT04087889
1604,1,https://ClinicalTrials.gov/show/NCT04063215
1605,1,https://ClinicalTrials.gov/show/NCT04064879
1606,1,https://ClinicalTrials.gov/show/NCT04064957
1607,1,https://ClinicalTrials.gov/show/NCT04064983
1608,1,https://ClinicalTrials.gov/show/NCT04066881
1609,1,https://ClinicalTrials.gov/show/NCT04073472
1610,1,https://ClinicalTrials.gov/show/NCT04074408
1611,1,https://ClinicalTrials.gov/show/NCT04074746
1612,1,https://ClinicalTrials.gov/show/NCT04077099
1613,1,https://ClinicalTrials.gov/show/NCT04078308
1614,1,https://ClinicalTrials.gov/show/NCT04081194
1615,1,https://ClinicalTrials.gov/show/NCT04164134
1616,1,https://ClinicalTrials.gov/show/NCT04170426
1617,1,https://ClinicalTrials.gov/show/NCT03745417
1618,1,https://ClinicalTrials.gov/show/NCT04258735
1619,1,https://ClinicalTrials.gov/show/NCT04230902
1620,1,https://ClinicalTrials.gov/show/NCT04232592
1621,1,https://ClinicalTrials.gov/show/NCT04234750
1622,1,https://ClinicalTrials.gov/show/NCT04235296
1623,1,https://ClinicalTrials.gov/show/NCT04235868
1624,1,https://ClinicalTrials.gov/show/NCT04236479
1625,1,https://ClinicalTrials.gov/show/NCT04240873
1626,1,https://ClinicalTrials.gov/show/NCT04243681
1627,1,https://ClinicalTrials.gov/show/NCT04247945
1628,1,https://ClinicalTrials.gov/show/NCT04252118
1629,1,https://ClinicalTrials.gov/show/NCT04255147
1630,1,https://ClinicalTrials.gov/show/NCT04261335
1631,1,https://ClinicalTrials.gov/show/NCT04227886
1632,1,https://ClinicalTrials.gov/show/NCT04269525
1633,1,https://ClinicalTrials.gov/show/NCT04270006
1634,1,https://ClinicalTrials.gov/show/NCT04273646
1635,1,https://ClinicalTrials.gov/show/NCT04274543
1636,1,https://ClinicalTrials.gov/show/NCT04275024
1637,1,https://ClinicalTrials.gov/show/NCT04276987
1638,1,https://ClinicalTrials.gov/show/NCT04280003
1639,1,https://ClinicalTrials.gov/show/NCT04281797
1640,1,https://ClinicalTrials.gov/show/NCT04281901
1641,1,https://ClinicalTrials.gov/show/NCT04282928
1642,1,https://ClinicalTrials.gov/show/NCT04288102
1643,1,https://ClinicalTrials.gov/show/NCT04228666
1644,1,https://ClinicalTrials.gov/show/NCT04224207
1645,1,https://ClinicalTrials.gov/show/NCT04173650
1646,1,https://ClinicalTrials.gov/show/NCT04196855
1647,1,https://ClinicalTrials.gov/show/NCT04174898
1648,1,https://ClinicalTrials.gov/show/NCT04179760
1649,1,https://ClinicalTrials.gov/show/NCT04182893
1650,1,https://ClinicalTrials.gov/show/NCT04184076
1651,1,https://ClinicalTrials.gov/show/NCT04184258
1652,1,https://ClinicalTrials.gov/show/NCT04186650
1653,1,https://ClinicalTrials.gov/show/NCT04188223
1654,1,https://ClinicalTrials.gov/show/NCT04189419
1655,1,https://ClinicalTrials.gov/show/NCT04189432
1656,1,https://ClinicalTrials.gov/show/NCT04194190
1657,1,https://ClinicalTrials.gov/show/NCT04194671
1658,1,https://ClinicalTrials.gov/show/NCT04202770
1659,1,https://ClinicalTrials.gov/show/NCT04223622
1660,1,https://ClinicalTrials.gov/show/NCT04202783
1661,1,https://ClinicalTrials.gov/show/NCT04206007
1662,1,https://ClinicalTrials.gov/show/NCT04208646
1663,1,https://ClinicalTrials.gov/show/NCT04210440
1664,1,https://ClinicalTrials.gov/show/NCT04212728
1665,1,https://ClinicalTrials.gov/show/NCT04213248
1666,1,https://ClinicalTrials.gov/show/NCT04216849
1667,1,https://ClinicalTrials.gov/show/NCT04219241
1668,1,https://ClinicalTrials.gov/show/NCT04219657
1669,1,https://ClinicalTrials.gov/show/NCT04221997
1670,1,https://ClinicalTrials.gov/show/NCT04222140
1671,1,https://ClinicalTrials.gov/show/NCT04026425
1672,1,https://ClinicalTrials.gov/show/NCT04021394
1673,1,https://ClinicalTrials.gov/show/NCT04018729
1674,1,https://ClinicalTrials.gov/show/NCT03839238
1675,1,https://ClinicalTrials.gov/show/NCT03818854
1676,1,https://ClinicalTrials.gov/show/NCT03821909
1677,1,https://ClinicalTrials.gov/show/NCT03822858
1678,1,https://ClinicalTrials.gov/show/NCT03824275
1679,1,https://ClinicalTrials.gov/show/NCT03826433
1680,1,https://ClinicalTrials.gov/show/NCT03827096
1681,1,https://ClinicalTrials.gov/show/NCT03828123
1682,1,https://ClinicalTrials.gov/show/NCT03828344
1683,1,https://ClinicalTrials.gov/show/NCT03830619
1684,1,https://ClinicalTrials.gov/show/NCT03838250
1685,1,https://ClinicalTrials.gov/show/NCT03838666
1686,1,https://ClinicalTrials.gov/show/NCT03840343
1687,1,https://ClinicalTrials.gov/show/NCT03816852
1688,1,https://ClinicalTrials.gov/show/NCT03841110
1689,1,https://ClinicalTrials.gov/show/NCT03844061
1690,1,https://ClinicalTrials.gov/show/NCT03847844
1691,1,https://ClinicalTrials.gov/show/NCT03849651
1692,1,https://ClinicalTrials.gov/show/NCT03853252
1693,1,https://ClinicalTrials.gov/show/NCT03854630
1694,1,https://ClinicalTrials.gov/show/NCT03855631
1695,1,https://ClinicalTrials.gov/show/NCT03857841
1696,1,https://ClinicalTrials.gov/show/NCT03860155
1697,1,https://ClinicalTrials.gov/show/NCT03863002
1698,1,https://ClinicalTrials.gov/show/NCT03865394
1699,1,https://ClinicalTrials.gov/show/NCT03818737
1700,1,https://ClinicalTrials.gov/show/NCT03811600
1701,1,https://ClinicalTrials.gov/show/NCT04014166
1702,1,https://ClinicalTrials.gov/show/NCT03787329
1703,1,https://ClinicalTrials.gov/show/NCT03747913
1704,1,https://ClinicalTrials.gov/show/NCT03750734
1705,1,https://ClinicalTrials.gov/show/NCT03751735
1706,1,https://ClinicalTrials.gov/show/NCT03754088
1707,1,https://ClinicalTrials.gov/show/NCT03754465
1708,1,https://ClinicalTrials.gov/show/NCT03765957
1709,1,https://ClinicalTrials.gov/show/NCT03766139
1710,1,https://ClinicalTrials.gov/show/NCT03766217
1711,1,https://ClinicalTrials.gov/show/NCT03774537
1712,1,https://ClinicalTrials.gov/show/NCT03775447
1713,1,https://ClinicalTrials.gov/show/NCT03778333
1714,1,https://ClinicalTrials.gov/show/NCT03790189
1715,1,https://ClinicalTrials.gov/show/NCT03810521
1716,1,https://ClinicalTrials.gov/show/NCT03790670
1717,1,https://ClinicalTrials.gov/show/NCT03792594
1718,1,https://ClinicalTrials.gov/show/NCT03793530
1719,1,https://ClinicalTrials.gov/show/NCT03794622
1720,1,https://ClinicalTrials.gov/show/NCT03795974
1721,1,https://ClinicalTrials.gov/show/NCT03797391
1722,1,https://ClinicalTrials.gov/show/NCT03798028
1723,1,https://ClinicalTrials.gov/show/NCT03798353
1724,1,https://ClinicalTrials.gov/show/NCT03799718
1725,1,https://ClinicalTrials.gov/show/NCT03800121
1726,1,https://ClinicalTrials.gov/show/NCT03800810
1727,1,https://ClinicalTrials.gov/show/NCT03866330
1728,1,https://ClinicalTrials.gov/show/NCT03867526
1729,1,https://ClinicalTrials.gov/show/NCT03869229
1730,1,https://ClinicalTrials.gov/show/NCT03971812
1731,1,https://ClinicalTrials.gov/show/NCT03945487
1732,1,https://ClinicalTrials.gov/show/NCT03955497
1733,1,https://ClinicalTrials.gov/show/NCT03956719
1734,1,https://ClinicalTrials.gov/show/NCT03957252
1735,1,https://ClinicalTrials.gov/show/NCT03957564
1736,1,https://ClinicalTrials.gov/show/NCT03961243
1737,1,https://ClinicalTrials.gov/show/NCT03967223
1738,1,https://ClinicalTrials.gov/show/NCT03967275
1739,1,https://ClinicalTrials.gov/show/NCT03968198
1740,1,https://ClinicalTrials.gov/show/NCT03969641
1741,1,https://ClinicalTrials.gov/show/NCT03969680
1742,1,https://ClinicalTrials.gov/show/NCT03973827
1743,1,https://ClinicalTrials.gov/show/NCT03872713
1744,1,https://ClinicalTrials.gov/show/NCT03974204
1745,1,https://ClinicalTrials.gov/show/NCT03979898
1746,1,https://ClinicalTrials.gov/show/NCT03983460
1747,1,https://ClinicalTrials.gov/show/NCT03984006
1748,1,https://ClinicalTrials.gov/show/NCT03985696
1749,1,https://ClinicalTrials.gov/show/NCT03990805
1750,1,https://ClinicalTrials.gov/show/NCT03994172
1751,1,https://ClinicalTrials.gov/show/NCT03994666
1752,1,https://ClinicalTrials.gov/show/NCT04003857
1753,1,https://ClinicalTrials.gov/show/NCT04007081
1754,1,https://ClinicalTrials.gov/show/NCT04011059
1755,1,https://ClinicalTrials.gov/show/NCT03943940
1756,1,https://ClinicalTrials.gov/show/NCT03943576
1757,1,https://ClinicalTrials.gov/show/NCT03939741
1758,1,https://ClinicalTrials.gov/show/NCT03933995
1759,1,https://ClinicalTrials.gov/show/NCT03873506
1760,1,https://ClinicalTrials.gov/show/NCT03874559
1761,1,https://ClinicalTrials.gov/show/NCT03874572
1762,1,https://ClinicalTrials.gov/show/NCT03876197
1763,1,https://ClinicalTrials.gov/show/NCT03877471
1764,1,https://ClinicalTrials.gov/show/NCT03878628
1765,1,https://ClinicalTrials.gov/show/NCT03883750
1766,1,https://ClinicalTrials.gov/show/NCT03887208
1767,1,https://ClinicalTrials.gov/show/NCT03895216
1768,1,https://ClinicalTrials.gov/show/NCT03896568
1769,1,https://ClinicalTrials.gov/show/NCT03898817
1770,1,https://ClinicalTrials.gov/show/NCT03901235
1771,1,https://ClinicalTrials.gov/show/NCT03902067
1772,1,https://ClinicalTrials.gov/show/NCT03905824
1773,1,https://ClinicalTrials.gov/show/NCT03909139
1774,1,https://ClinicalTrials.gov/show/NCT03912480
1775,1,https://ClinicalTrials.gov/show/NCT03913910
1776,1,https://ClinicalTrials.gov/show/NCT03917797
1777,1,https://ClinicalTrials.gov/show/NCT03919578
1778,1,https://ClinicalTrials.gov/show/NCT03920397
1779,1,https://ClinicalTrials.gov/show/NCT03925324
1780,1,https://ClinicalTrials.gov/show/NCT03925649
1781,1,https://ClinicalTrials.gov/show/NCT03929120
1782,1,https://ClinicalTrials.gov/show/NCT00012155
